"Event_rate","Scenario","Visit","CI_type","Coverage","rank","mean","q1","q3","old_rank","coverage_old","mean_old","q1_old","q3_old"
1,1,0,"LEF both",0.992,1,2.2318686857639,1.71714247204097,2.53676254735715,"LEF both",0.993,2.01948359904395,1.51808470752372,2.35270219391478
1,1,0,"LEF outcome",0.992,1,2.23186868583397,1.71714247204097,2.53676254735715,"LEF outcome",0.993,2.01948359904312,1.51808470752372,2.35270219391478
1,1,0,"Bootstrap",0.971,2,1.01838087972108,0.84024272099521,1.19890387829461,"Bootstrap",0.966,0.987947715346692,0.80556600945974,1.17238420367002
1,1,0,"Jackknife Wald",0.96,3,0.997690081862014,0.817386971285014,1.18141495785515,"Jackknife Wald",0.944,0.979252427497243,0.797578263206544,1.17024394854597
1,1,0,"Jackknife MVN",0.889925373134328,4,19.8084471873728,2.19401995187061,45.765043846296,"Jackknife MVN",0.882136279926335,17.3677137449287,2.06208921542262,44.0338588269652
1,1,0,"Sandwich",0.848648648648649,5,1.54139602436359,1.32049919580106,1.77964871261269,"Sandwich",0.836206896551724,1.49354353427981,1.2093197226227,1.69253061690417
1,1,1,"LEF both",0.99,1,2.00166906711362,1.29559794442052,2.4961441972696,"LEF both",0.992,1.8979973744871,1.25298116641124,2.35836543890054
1,1,1,"LEF outcome",0.99,1,2.01333641001037,1.29581851750509,2.50286411524209,"LEF outcome",0.992,1.95074464738237,1.26193717680373,2.42058012922866
1,1,1,"Jackknife Wald",0.973,2,0.996968870138378,0.672265320613718,1.22816172249893,"Jackknife Wald",0.964,1.00911672277154,0.699364934552486,1.2026885607117
1,1,1,"Bootstrap",0.971,3,1.00644286835459,0.710471363424021,1.21427398589889,"Bootstrap",0.956,0.985549893974041,0.709761134860657,1.15286341439967
1,1,1,"Jackknife MVN",0.930970149253731,4,14.4478232896139,3.0352512195772,21.2604278975304,"Jackknife MVN",0.931860036832412,13.1948375710502,2.18380158230574,21.3395453341654
1,1,1,"Sandwich",0.873513513513513,5,1.41442397927786,0.947430220994031,1.78477831927799,"Sandwich",0.873922413793103,1.38432924528873,0.957705340323741,1.64694446707803
1,1,2,"LEF both",0.969,1,1.24530208645905,0.817899270951307,1.49833451219453,"LEF both",0.973,1.30078112888128,0.860542357509581,1.59294006878302
1,1,2,"LEF outcome",0.969,1,1.25275680808126,0.814606161792318,1.50472286431314,"LEF outcome",0.973,1.34548966455459,0.872312634512211,1.64150160720664
1,1,2,"Jackknife Wald",0.966,2,0.901826603395005,0.452699945905514,0.842360767986051,"Jackknife Wald",0.959,1.0168734174322,0.500022786107481,0.953341194706301
1,1,2,"Bootstrap",0.946,3,0.902694135779387,0.485701542741833,1.02348102357149,"Jackknife MVN",0.953959484346225,7.73348013432777,3.61015453321916,10.2275381917314
1,1,2,"Jackknife MVN",0.944029850746269,4,7.54217390400615,3.71855510563427,9.62361008723896,"Bootstrap",0.933,1.00850663351805,0.536107901858676,1.16583770764564
1,1,2,"Sandwich",0.825945945945946,5,0.904485829585897,0.59208295326145,1.0425894641481,"Sandwich",0.814655172413793,0.984308488729115,0.639074316444989,1.12127477842674
1,1,3,"Jackknife Wald",0.954,1,0.878291544694954,0.273318670570502,0.72110121472645,"Jackknife MVN",0.965009208103131,3.22075216496191,2.1952002751856,4.06085503763474
1,1,3,"Jackknife MVN",0.944029850746269,2,3.6999051684767,2.84015913880339,4.58559321437192,"Jackknife Wald",0.958,0.919099315339312,0.256088575549195,0.810153809535881
1,1,3,"LEF both",0.925,3,0.674787773266561,0.465506019436639,0.807126126322022,"LEF outcome",0.911,0.614368643601154,0.410935106942972,0.767688044917163
1,1,3,"LEF outcome",0.925,3,0.677954246856208,0.46659271553519,0.808711272571926,"LEF both",0.91,0.595272077021854,0.40093621016747,0.745842296500272
1,1,3,"Bootstrap",0.895,4,0.721129689711031,0.319048020293261,0.912828046381083,"Bootstrap",0.888,0.724127039743933,0.308836841925825,0.929436584849712
1,1,3,"Sandwich",0.764324324324324,5,0.501677667071636,0.322550235177206,0.588160554585172,"Sandwich",0.744612068965517,0.461085555240522,0.2924967371381,0.539149901815847
1,1,4,"Jackknife MVN",0.973880597014925,1,2.93493821762093,2.02235787507728,3.73348289635031,"Jackknife MVN",0.974217311233886,2.60531984980491,1.67907219031898,3.34680444618309
1,1,4,"Jackknife Wald",0.948,2,0.867900110821252,0.235934017762922,0.741774758359093,"Jackknife Wald",0.964,0.92943630574288,0.226400242451698,0.865102139751522
1,1,4,"LEF both",0.911,3,0.594744863169912,0.39630920961403,0.749773511689998,"LEF outcome",0.884,0.541844378283497,0.349457493580888,0.704211756327021
1,1,4,"LEF outcome",0.911,3,0.597251313419124,0.395793715515606,0.754592841274943,"Bootstrap",0.88,0.702967358956102,0.298286212951626,0.887023817805706
1,1,4,"Bootstrap",0.901,4,0.683108319884148,0.301571007067929,0.894699614305804,"LEF both",0.878,0.526583765181716,0.335937027459897,0.687413812958572
1,1,4,"Sandwich",0.789189189189189,5,0.45162505182655,0.266475238590239,0.580897735077314,"Sandwich",0.752155172413793,0.416746705029861,0.245482062174437,0.541622311156647
1,2,0,"LEF both",0.976,1,2.28231567838119,1.67104506945731,2.63427043972892,"LEF both",0.969,2.24713627199721,1.68769893661866,2.64113134404843
1,2,0,"LEF outcome",0.976,1,2.28231567845453,1.67104506945731,2.63427043972892,"LEF outcome",0.969,2.24713627218534,1.68769893661866,2.64113134404844
1,2,0,"Bootstrap",0.926,2,0.97442673216391,0.791164553477552,1.16602326768308,"Bootstrap",0.942,0.993481672588291,0.799689254980695,1.18322298723498
1,2,0,"Sandwich",0.925925925925926,3,1.64351719225427,1.35253141188876,1.7587641517515,"Sandwich",0.907380607814761,1.63293644610396,1.38818521244177,1.80601249194841
1,2,0,"Jackknife Wald",0.892,4,0.963518462934497,0.762815483854008,1.15494595284415,"Jackknife Wald",0.906,0.980072424400596,0.768260663506229,1.17211986739554
1,2,0,"Jackknife MVN",0.865030674846626,5,18.3552153298774,2.62321634023344,36.0103521299058,"Jackknife MVN",0.875126903553299,19.0573986546446,2.64703506080747,35.9533742534323
1,2,1,"LEF both",0.98,1,1.9674347280959,1.41735230840446,2.47920883857187,"LEF outcome",0.963,1.91409055587668,1.32346283582137,2.39903545855551
1,2,1,"LEF outcome",0.98,1,1.97116107163787,1.41962881182288,2.48986222467002,"LEF both",0.962,1.89054575820131,1.29438291111557,2.37056203628932
1,2,1,"Sandwich",0.917037037037037,2,1.53994305315717,1.11992050852932,1.85821775868543,"Jackknife MVN",0.914720812182741,13.8726990025831,7.54284827263206,17.5108436779031
1,2,1,"Jackknife MVN",0.915132924335378,3,14.3435493932419,7.26805798728333,17.90517131526,"Sandwich",0.895803183791606,1.54192871692967,1.02084612542107,1.83003956637059
1,2,1,"Bootstrap",0.881,4,0.963114716913113,0.64257939412359,1.23182452483956,"Jackknife Wald",0.882,1.02253314809452,0.636393360147255,1.26272016355203
1,2,1,"Jackknife Wald",0.881,4,1.02698341167541,0.637634361217123,1.271541760024,"Bootstrap",0.86,0.936303183033993,0.630578937528949,1.20466815603898
1,2,2,"LEF both",0.946,1,1.33714893723465,0.871679431489941,1.74759449770115,"Jackknife MVN",0.92994923857868,7.94730573694823,6.04365682711431,9.73473642494222
1,2,2,"LEF outcome",0.945,2,1.34021157618433,0.871691248294478,1.74935484746271,"LEF outcome",0.921,1.30689009739539,0.847728996499894,1.70031308545878
1,2,2,"Jackknife MVN",0.924335378323108,3,8.17441857400812,6.53538344329542,10.3048862699128,"LEF both",0.918,1.28387084371179,0.831697356482681,1.66466675098824
1,2,2,"Jackknife Wald",0.866,4,0.960445338459351,0.466236088857515,1.25315057445617,"Jackknife Wald",0.861,0.959175512836087,0.46015436159622,1.2403592377822
1,2,2,"Sandwich",0.820740740740741,5,1.07970287848117,0.667782175825949,1.43794094339169,"Bootstrap",0.806,0.80898901557159,0.464306311401013,1.06151300213907
1,2,2,"Bootstrap",0.811,6,0.82213452888759,0.469175400657289,1.09777665519259,"Sandwich",0.801736613603473,1.07546272696005,0.637186706512905,1.40332273688788
1,2,3,"Jackknife MVN",0.921267893660532,1,5.02980512412112,3.95152756978647,6.15695235308823,"Jackknife MVN",0.937055837563452,4.89040624485677,3.83621751340255,5.95947049590194
1,2,3,"LEF both",0.909,2,0.919224658478825,0.581872224180803,1.19207754783056,"LEF outcome",0.876,0.878217982422864,0.549952295572535,1.16426688629007
1,2,3,"LEF outcome",0.909,2,0.921275613664979,0.579204965955106,1.19369980300455,"LEF both",0.872,0.861873075819154,0.540798498325117,1.13547957835774
1,2,3,"Jackknife Wald",0.851,3,0.901293610250508,0.320286805364034,1.20466079034012,"Jackknife Wald",0.853,0.944089030828297,0.323832114141693,1.24124026681587
1,2,3,"Sandwich",0.785185185185185,4,0.736465509214242,0.417097959373628,0.993836133633504,"Bootstrap",0.744,0.709603451797048,0.318791966954761,0.970678084930817
1,2,3,"Bootstrap",0.783,5,0.712504255285623,0.332608151774488,0.986224038439599,"Sandwich",0.742402315484805,0.737460736806946,0.407457314280303,0.959277216053885
1,2,4,"Jackknife MVN",0.921267893660532,1,3.56861789687828,2.79109117738039,4.33182637958826,"Jackknife MVN",0.939086294416244,3.43821707129599,2.67952723041655,4.18823379675049
1,2,4,"LEF both",0.869,2,0.664412839332166,0.415288291182697,0.85830412300749,"Jackknife Wald",0.832,0.943867390895942,0.239143713128427,1.16637656647391
1,2,4,"LEF outcome",0.867,3,0.66584800178064,0.414266096187287,0.860381117817863,"LEF outcome",0.826,0.631599559583886,0.389848798877157,0.828673357820075
1,2,4,"Jackknife Wald",0.84,4,0.904281548326982,0.244650176439899,1.10385491862471,"LEF both",0.823,0.619745897136923,0.380935927599106,0.807978220232762
1,2,4,"Bootstrap",0.755,5,0.698940131225064,0.303766511760602,0.944532410467522,"Bootstrap",0.711,0.686021067904333,0.281482438519251,0.925756852571328
1,2,4,"Sandwich",0.745185185185185,6,0.526309203155212,0.29244877708482,0.697167450177472,"Sandwich",0.706222865412446,0.524559523914612,0.28209577648906,0.679114859929343
1,3,0,"LEF both",0.915,1,1.99973387930416,0.972795082317069,2.77284281433954,"Sandwich",0.89937106918239,1.85882423171528,1.48679187101084,2.11566616344669
1,3,0,"LEF outcome",0.915,1,1.99973387824854,0.972795082639423,2.77284281433954,"LEF both",0.899,1.83717899036504,0.912412578944917,2.58078111163453
1,3,0,"Sandwich",0.912371134020619,2,1.94452998138025,1.51694494328422,2.08238613408576,"LEF outcome",0.899,1.83717899204961,0.912412579304779,2.58078111163453
1,3,0,"Bootstrap",0.708,3,0.951280410464491,0.46173328482389,1.33595544288736,"Bootstrap",0.765,0.898486074888857,0.43698313476731,1.27970880298137
1,3,0,"Jackknife Wald",0.655,4,0.970381454160771,0.436520964375438,1.34463926883877,"Jackknife Wald",0.629,0.910131019583622,0.40600418307583,1.26534487612109
1,3,0,"Jackknife MVN",0.631578947368421,5,14.3991375275051,3.07515774255334,24.703541792006,"Jackknife MVN",0.596385542168675,15.1139861563195,3.24320118618931,24.5641951040384
1,3,1,"LEF both",0.943,1,1.11334614135847,0.597125507458328,1.42425452048126,"LEF both",0.925,0.988128728501132,0.537053908679586,1.24230358888372
1,3,1,"LEF outcome",0.943,1,1.11537223371553,0.601581601002693,1.42154875373992,"LEF outcome",0.925,0.995815271415413,0.536014903320542,1.24432801601188
1,3,1,"Sandwich",0.829896907216495,2,1.3566917833219,0.691854578427511,1.7377654548421,"Sandwich",0.823899371069182,1.14906591816716,0.692269619835927,1.55298775546981
1,3,1,"Jackknife Wald",0.694,3,0.898680320272938,0.25426707721272,1.18390188242128,"Jackknife MVN",0.64859437751004,7.14622847304783,3.61793554958987,9.32965352947447
1,3,1,"Jackknife MVN",0.68796992481203,4,7.38813954468468,4.40504339545167,9.45750992842041,"Jackknife Wald",0.637,0.792757487781481,0.240648213061212,0.854798359085855
1,3,1,"Bootstrap",0.623,5,0.824300879085164,0.333700604660748,1.1537316963599,"Bootstrap",0.594,0.735889330295779,0.294893929829288,0.9262647814303
1,3,2,"LEF both",0.903,1,0.568148612999536,0.343151780685109,0.699923847783515,"LEF both",0.894,0.586904369944254,0.355472007301706,0.710179209212116
1,3,2,"LEF outcome",0.903,1,0.568720866449576,0.342908744725307,0.698711119232232,"LEF outcome",0.893,0.591133180822669,0.356802494876156,0.714721509906849
1,3,2,"Sandwich",0.762886597938144,2,0.646836621342017,0.322522159656429,0.796612952356721,"Sandwich",0.729559748427673,0.670368989977068,0.364624972578143,0.870520776363475
1,3,2,"Jackknife Wald",0.735,3,0.911911048659915,0.158812704851353,0.969263570463573,"Jackknife MVN",0.72289156626506,4.01969943324817,3.3230908674949,4.86754858383436
1,3,2,"Jackknife MVN",0.733082706766917,4,3.60101130796826,2.84184101970094,4.34072116621683,"Jackknife Wald",0.684,0.929869459820005,0.169508110870834,1.03760265550505
1,3,2,"Bootstrap",0.591,5,0.882439913756812,0.28056717822573,1.26422078906508,"Bootstrap",0.554,0.925786968563149,0.273168121257967,1.35634403890015
1,3,3,"LEF both",0.84,1,0.349563412814953,0.21488662846498,0.430536520318291,"LEF both",0.835,0.368955108051436,0.218264192173513,0.454491164376762
1,3,3,"LEF outcome",0.84,1,0.34955538598345,0.214289410395162,0.431750306311304,"LEF outcome",0.835,0.371602106777984,0.218708015177884,0.455800788804841
1,3,3,"Jackknife MVN",0.763157894736842,2,2.04216554727197,1.67247041127082,2.46369250825017,"Jackknife MVN",0.748995983935743,2.34162854071467,2.02277736506551,2.87039742804902
1,3,3,"Jackknife Wald",0.754,3,1.10690181990565,0.121045982278843,1.37611634311176,"Jackknife Wald",0.721,1.11542483608874,0.124288157147142,1.33265427261146
1,3,3,"Sandwich",0.721649484536082,4,0.403636995571224,0.192858371044898,0.530069522941507,"Sandwich",0.716981132075472,0.434797259454496,0.21156143598808,0.581416112388432
1,3,3,"Bootstrap",0.538,5,0.845180905696595,0.370269399848851,1.24478188626686,"Bootstrap",0.52,0.919439450936338,0.403594052521447,1.35872349147391
1,3,4,"LEF both",0.824,1,0.336015853962293,0.202731225989238,0.432259231658229,"LEF outcome",0.799,0.316580474320672,0.182918294800654,0.397882897614298
1,3,4,"LEF outcome",0.822,2,0.335853998650514,0.201879005261591,0.43070203773794,"LEF both",0.798,0.314553884716129,0.180866467829035,0.395840693213338
1,3,4,"Jackknife MVN",0.763157894736842,3,1.75563554868819,1.45730744694537,2.10281518273726,"Jackknife MVN",0.763052208835341,1.79369684792727,1.53135857531692,2.1728879548574
1,3,4,"Jackknife Wald",0.757,4,1.27560708523889,0.127529875076725,2.11420239644913,"Jackknife Wald",0.739,1.19263139786533,0.122719204614787,1.79748074158277
1,3,4,"Sandwich",0.742268041237113,5,0.393459698095147,0.18147158739869,0.534943825957155,"Sandwich",0.723270440251572,0.384960935798799,0.190498331769766,0.517323705458116
1,3,4,"Bootstrap",0.527,6,0.875086553706065,0.434121923232017,1.27424743181556,"Bootstrap",0.498,0.855390253525711,0.418509133422762,1.2308702156954
1,4,0,"LEF both",0.993,1,2.05649352950304,1.56708824232214,2.29898849449546,"LEF both",0.997,2.00890213844741,1.51057896338844,2.22835076871067
1,4,0,"LEF outcome",0.993,1,2.05649352951218,1.56708824232214,2.29898849449546,"LEF outcome",0.997,2.00890213844508,1.51057896338844,2.22835076871066
1,4,0,"Bootstrap",0.977,2,1.0471909849945,0.881258641052542,1.21678301697523,"Bootstrap",0.978,1.03220295500215,0.851678642964904,1.19726314005509
1,4,0,"Jackknife Wald",0.965,3,1.02145833272014,0.850207985111916,1.18767467380318,"Jackknife Wald",0.961,1.01909955696465,0.840061162828239,1.18409859973949
1,4,0,"Jackknife MVN",0.921606118546845,4,15.7492255211982,1.95317994889001,43.2857458102325,"Jackknife MVN",0.928436911487759,14.5405342114353,1.91887140723669,41.9619898276287
1,4,0,"Sandwich",0.889007470651014,5,1.48237787026758,1.24673476108024,1.66262309589805,"Sandwich",0.903088391906283,1.48498836251797,1.22462685172371,1.66037663274994
1,4,1,"LEF both",0.995,1,1.85840678393255,1.20666908737402,2.2937320257992,"LEF both",0.992,1.90265444977746,1.20904070904792,2.34665375212428
1,4,1,"LEF outcome",0.995,1,1.86607937017644,1.20572695930185,2.29046686628247,"LEF outcome",0.992,1.94194592699174,1.22452587141888,2.40751175399693
1,4,1,"Jackknife Wald",0.968,2,0.980258623082111,0.657067583073876,1.09359460022223,"Bootstrap",0.967,1.00361066095992,0.716272212240711,1.14468614504498
1,4,1,"Bootstrap",0.966,3,0.977680227095555,0.694379016494913,1.11945745513418,"Jackknife Wald",0.964,0.996719083394009,0.698758381042829,1.15213651307278
1,4,1,"Jackknife MVN",0.948374760994264,4,11.9096816610672,2.53611755309452,18.9043358130216,"Jackknife MVN",0.962335216572505,12.6163250358383,2.62409825312711,19.9078162410894
1,4,1,"Sandwich",0.886872998932764,5,1.35442831802593,0.910336239435989,1.63228109441279,"Sandwich",0.904153354632588,1.39321126823549,0.946931314182499,1.64109364448575
1,4,2,"LEF both",0.966,1,1.17247693228747,0.797964255759582,1.38089527362621,"Jackknife MVN",0.975517890772128,6.03804260810411,2.70729844398344,7.89963256583187
1,4,2,"LEF outcome",0.965,2,1.17832979472962,0.796643272356146,1.38189314499635,"Jackknife Wald",0.971,0.823693447137247,0.407772019962706,0.784553857683576
1,4,2,"Jackknife Wald",0.96,3,0.916311523945437,0.444690193887958,0.857057704913383,"LEF both",0.97,1.05814511549327,0.70832602497981,1.25343588872221
1,4,2,"Jackknife MVN",0.952198852772467,4,6.43814527615627,2.70754573931923,8.56748139675197,"LEF outcome",0.97,1.08511499457119,0.716606981522497,1.30006184254557
1,4,2,"Bootstrap",0.945,5,0.92021959100637,0.4900744669745,1.04324166108748,"Bootstrap",0.945,0.836548680948333,0.448484294274646,0.963854005358742
1,4,2,"Sandwich",0.834578441835646,6,0.884056892566999,0.587543989523647,0.973242215231171,"Sandwich",0.846645367412141,0.801985106120337,0.529209878307815,0.909855006625396
1,4,3,"Jackknife MVN",0.963671128107075,1,2.838341048817,1.84295874929109,3.63833202928586,"Jackknife MVN",0.971751412429379,3.00378434632706,1.84879558694086,3.80780361550863
1,4,3,"Jackknife Wald",0.953,2,0.897764001947513,0.249405111818243,0.744660943307705,"Jackknife Wald",0.952,0.824645267502336,0.241968408590731,0.648716822615923
1,4,3,"LEF outcome",0.907,3,0.578157936955746,0.398188576269711,0.692411875328957,"LEF both",0.921,0.574444065630846,0.38809583982698,0.689326586611371
1,4,3,"LEF both",0.905,4,0.575715184391319,0.398299719003739,0.692489774100294,"LEF outcome",0.921,0.588008469208848,0.39537852434524,0.714234642032637
1,4,3,"Bootstrap",0.899,5,0.664925350229845,0.301552157048199,0.818425579922742,"Bootstrap",0.888,0.649934344465406,0.287664412326162,0.757676997558162
1,4,3,"Sandwich",0.766275346851654,6,0.444905776063359,0.290159470889726,0.517803308186153,"Sandwich",0.78594249201278,0.447325658273762,0.289280188875346,0.520937137872266
1,4,4,"Jackknife MVN",0.969407265774379,1,2.37913360552034,1.48611028059348,3.13428319236802,"Jackknife MVN",0.977401129943503,2.33097247505905,1.42002879410581,3.00294933806642
1,4,4,"Jackknife Wald",0.946,2,0.886299529927409,0.226414474536518,0.775307504328579,"Jackknife Wald",0.946,0.807730313398506,0.201596909193675,0.675470681971572
1,4,4,"Bootstrap",0.902,3,0.655590563924823,0.301658463977706,0.823766100390867,"LEF both",0.888,0.487555128838276,0.315512539452039,0.606724593308701
1,4,4,"LEF both",0.89,4,0.534057449039261,0.357497708044095,0.663752678742998,"LEF outcome",0.888,0.498092494482915,0.321129604502196,0.623496120437476
1,4,4,"LEF outcome",0.89,4,0.53601917347604,0.357654058431614,0.665094382191229,"Bootstrap",0.877,0.597180021047955,0.268289789663755,0.713765113473556
1,4,4,"Sandwich",0.794023479188901,5,0.421847754085934,0.259320449924473,0.527189471179197,"Sandwich",0.798722044728435,0.38726268071503,0.23701023600926,0.482896954423334
1,5,0,"LEF both",0.978,1,2.17469975773714,1.6326681196548,2.5134782451798,"LEF both",0.978,2.10682791383959,1.54701506856903,2.39285172938563
1,5,0,"LEF outcome",0.978,1,2.17469975755363,1.6326681196548,2.5134782451798,"LEF outcome",0.978,2.10682791379244,1.54701506896459,2.39285172938562
1,5,0,"Sandwich",0.944594594594595,2,1.55217201274417,1.29439743845984,1.70305735763638,"Sandwich",0.933147632311978,1.54638073961861,1.25294250937446,1.70838695552627
1,5,0,"Bootstrap",0.932,3,1.00648078183447,0.800971089525356,1.19794770904464,"Bootstrap",0.917,0.987402930142313,0.759143532193979,1.18487641085911
1,5,0,"Jackknife Wald",0.908,4,0.987078287345612,0.754958875547572,1.17804095954358,"Jackknife Wald",0.895,0.979386623271224,0.720798689578513,1.18994225668878
1,5,0,"Jackknife MVN",0.896197327852004,5,16.4518507223843,2.45074607697198,32.8195710712905,"Jackknife MVN",0.870314083080041,15.6610766249793,2.32628641416798,32.3725090313137
1,5,1,"LEF both",0.981,1,1.75817667606959,1.20536871106261,2.17499754661956,"LEF outcome",0.964,1.76284773565963,1.1572440416736,2.2436705909127
1,5,1,"LEF outcome",0.981,1,1.76224513024929,1.20539453219609,2.18138404501851,"LEF both",0.962,1.73659526878528,1.15451956836052,2.20598992184581
1,5,1,"Jackknife MVN",0.918807810894142,2,11.7393911731466,5.20052834796989,15.284506871244,"Jackknife MVN",0.891590678824721,11.4239475311716,4.90314058507967,15.1123855307449
1,5,1,"Sandwich",0.901351351351351,3,1.34597159451259,0.936551735286189,1.64186127142464,"Sandwich",0.87883008356546,1.38831511483041,0.941634044547944,1.71725609994474
1,5,1,"Jackknife Wald",0.89,4,1.00501421148764,0.588141134166089,1.24923616586349,"Jackknife Wald",0.869,0.992346972575812,0.582061945579958,1.26464439825288
1,5,1,"Bootstrap",0.877,5,0.925221926022629,0.608589290189399,1.17235739005401,"Bootstrap",0.852,0.911402869028392,0.603786609537888,1.19179190020056
1,5,2,"LEF both",0.945,1,1.26495067872564,0.805300846765938,1.64052472476934,"LEF outcome",0.929,1.21883489794276,0.731956291266181,1.6184736992299
1,5,2,"LEF outcome",0.945,1,1.26845928401155,0.801050622422841,1.6457556888501,"LEF both",0.927,1.19729674974598,0.71655646998702,1.59067784324154
1,5,2,"Jackknife MVN",0.930113052415211,2,7.14295479715044,4.84889179857025,8.74480932339114,"Jackknife MVN",0.912867274569402,6.8234588940225,4.4454528680789,8.55967486970881
1,5,2,"Jackknife Wald",0.859,3,0.963582639545346,0.437784752850416,1.27991284071993,"Jackknife Wald",0.841,0.964705073105046,0.443544351573535,1.31547802501155
1,5,2,"Sandwich",0.82972972972973,4,1.00837773958595,0.565536985575577,1.31126688249748,"Sandwich",0.8008356545961,0.991477400781649,0.59079621638026,1.31437854481129
1,5,2,"Bootstrap",0.804,5,0.814493163718436,0.445928156121961,1.08096415433965,"Bootstrap",0.797,0.807331780137086,0.434860673423461,1.08138214198283
1,5,3,"Jackknife MVN",0.932168550873587,1,4.86429186788071,3.46620277500252,5.9503893038393,"Jackknife MVN",0.921985815602837,4.34705459705158,3.05497725427023,5.37090053764744
1,5,3,"LEF outcome",0.901,2,0.945751870313652,0.581791312427875,1.22791918868483,"LEF outcome",0.861,0.835897154142413,0.479017285270806,1.1265698036237
1,5,3,"LEF both",0.9,3,0.943560829826896,0.578693261665417,1.21705781809302,"LEF both",0.857,0.822031596721416,0.469673669433518,1.10493138209171
1,5,3,"Jackknife Wald",0.836,4,0.983020168447956,0.346287319985397,1.32450807973436,"Jackknife Wald",0.855,0.931659089869539,0.314168092425882,1.23567659763184
1,5,3,"Bootstrap",0.756,5,0.762393707766303,0.34402350846226,1.02572555363071,"Bootstrap",0.759,0.717701050846336,0.320968711030108,0.999752890222644
1,5,3,"Sandwich",0.751351351351351,6,0.761441796822288,0.393150274794344,1.00662792339682,"Sandwich",0.742339832869081,0.680075873834561,0.369845656570458,0.92283113609303
1,5,4,"Jackknife MVN",0.932168550873587,1,3.46528039778707,2.52918058708853,4.26439050890803,"Jackknife MVN",0.9209726443769,3.26102360265452,2.33542880713031,4.02716984170679
1,5,4,"LEF outcome",0.833,2,0.678497539352047,0.411960460376746,0.880382066110661,"Jackknife Wald",0.822,0.976417204442895,0.247987224699739,1.18151945444861
1,5,4,"LEF both",0.832,3,0.676996698139667,0.413798605968775,0.87479199826323,"LEF both",0.806,0.617855303582063,0.345817099840507,0.824122003053936
1,5,4,"Jackknife Wald",0.82,4,0.955943002678158,0.266836065720707,1.1970312400974,"LEF outcome",0.804,0.628039356984107,0.354462295657196,0.846684207134505
1,5,4,"Bootstrap",0.738,5,0.733094107894724,0.331494161327063,0.978535132923187,"Bootstrap",0.737,0.728383178383778,0.316903828263625,0.962718840038047
1,5,4,"Sandwich",0.698648648648649,6,0.54619295867764,0.277376143941791,0.721722715940165,"Sandwich",0.70891364902507,0.511173400817137,0.273817582347235,0.691756798340277
1,6,0,"LEF both",0.936,1,1.69843956602811,0.8388666605531,2.35003790549629,"LEF both",0.931,1.64942220318781,0.815337169123496,2.23697001788261
1,6,0,"LEF outcome",0.936,1,1.69843956629401,0.83886665858033,2.35003790549629,"LEF outcome",0.931,1.64942220475903,0.8153371873893,2.23697002063791
1,6,0,"Sandwich",0.897849462365591,2,1.62351445273903,1.37423997287354,1.92480996184841,"Sandwich",0.917948717948718,1.56954753986881,1.27165463677862,1.76948281106855
1,6,0,"Bootstrap",0.675,3,0.883829507619531,0.441129986558118,1.20694547257422,"Bootstrap",0.722,0.857592984445136,0.398982733983338,1.21064515311103
1,6,0,"Jackknife Wald",0.645,4,0.913292738944638,0.368714276928591,1.22452414639433,"Jackknife Wald",0.635,0.874034930293393,0.361373384322364,1.23490092863444
1,6,0,"Jackknife MVN",0.611881188118812,5,11.9619063074493,2.65414187491418,20.704238028056,"Jackknife MVN",0.598790322580645,11.0957160162736,2.3139096925587,20.3199116712562
1,6,1,"LEF both",0.956,1,1.01882716530562,0.529283241631694,1.29622516440938,"LEF outcome",0.93,1.03643840814875,0.560274356844298,1.33665171638384
1,6,1,"LEF outcome",0.956,1,1.0210307263513,0.529005798513447,1.29506605770539,"LEF both",0.929,1.02731139208854,0.559213340704151,1.33824107029867
1,6,1,"Sandwich",0.774193548387097,2,1.29384969515599,0.67622875699237,1.65613135191981,"Sandwich",0.846153846153846,1.16005737549749,0.656443248987561,1.6275350619507
1,6,1,"Jackknife MVN",0.679207920792079,3,6.63484402082145,3.41817398619951,8.6912557332803,"Jackknife Wald",0.637,0.823163192764328,0.234168041524716,0.920147532497191
1,6,1,"Jackknife Wald",0.671,4,0.847911892972378,0.233962487803546,1.10679223148614,"Jackknife MVN",0.629032258064516,6.56802291843711,3.48854940376035,8.91170014844008
1,6,1,"Bootstrap",0.618,5,0.769735183620496,0.308439066032122,1.0020583226294,"Bootstrap",0.57,0.755732047865954,0.308438214264948,0.981985290835021
1,6,2,"LEF both",0.913,1,0.56770440618835,0.336335642481559,0.695047553492915,"LEF outcome",0.894,0.513119287553091,0.297785175112821,0.627008856037843
1,6,2,"LEF outcome",0.913,1,0.568416321777124,0.335317412283651,0.694191225180894,"LEF both",0.893,0.50888866157782,0.296503368594379,0.626555305888118
1,6,2,"Jackknife MVN",0.746534653465347,2,3.51082243298534,2.65891072530793,4.29755735075767,"Sandwich",0.753846153846154,0.548725148186766,0.296908227204149,0.709081052181675
1,6,2,"Sandwich",0.71505376344086,3,0.701420654119926,0.332454839147481,0.866838266248002,"Jackknife MVN",0.679435483870968,3.22248189344351,2.47674677072077,3.95041808979032
1,6,2,"Jackknife Wald",0.692,4,0.890610986760034,0.162695440513027,0.967781819476185,"Jackknife Wald",0.664,0.78350008792372,0.146419794596909,0.785256528445292
1,6,2,"Bootstrap",0.572,5,0.837080222718762,0.253504466028924,1.20301412619729,"Bootstrap",0.544,0.737292270911397,0.229221491640417,1.04383150391764
1,6,3,"LEF both",0.867,1,0.380370030840853,0.230973068747856,0.461706179366674,"LEF outcome",0.851,0.329012796374056,0.197039993855998,0.41188076136007
1,6,3,"LEF outcome",0.867,1,0.380549998872994,0.230637618911257,0.460736918542637,"LEF both",0.849,0.326529291430482,0.196644353233978,0.412097095338139
1,6,3,"Jackknife MVN",0.768316831683168,2,2.21640635757393,1.87431634400777,2.68434369309342,"Jackknife MVN",0.703629032258065,1.96321702757941,1.60806083843427,2.35879486934825
1,6,3,"Jackknife Wald",0.706,3,1.10164270217762,0.125872070769501,1.36733174513474,"Sandwich",0.702564102564103,0.347847844491638,0.177171107182574,0.458943895825194
1,6,3,"Sandwich",0.682795698924731,4,0.441399681033481,0.207589880591019,0.554599519658198,"Jackknife Wald",0.696,0.928397260462532,0.116147777814459,1.10517958234618
1,6,3,"Bootstrap",0.522,5,0.881485226972013,0.379038581263117,1.29309929494156,"Bootstrap",0.491,0.770778742368917,0.302191638503069,1.14067949489173
1,6,4,"LEF both",0.837,1,0.34797044632358,0.200706032053925,0.437053315179136,"LEF both",0.812,0.30751035686922,0.181657479812628,0.382824085176281
1,6,4,"LEF outcome",0.837,1,0.348021120997129,0.201395823614654,0.43653216413697,"LEF outcome",0.809,0.309518248276638,0.183207819052629,0.385405934047513
1,6,4,"Jackknife MVN",0.774257425742574,2,1.82662226510749,1.55650681572707,2.16783956773308,"Jackknife MVN",0.725806451612903,1.6493824403085,1.37992155518741,2.0013855059658
1,6,4,"Jackknife Wald",0.724,3,1.20828857751984,0.133270664988113,1.77344580463988,"Jackknife Wald",0.717,1.07697104375871,0.123038103106961,1.47524528008297
1,6,4,"Sandwich",0.709677419354839,4,0.40009350434947,0.175756980152559,0.508260807410641,"Sandwich",0.707692307692308,0.332341143657914,0.162261636721458,0.443598323274041
1,6,4,"Bootstrap",0.498,5,0.873967256635314,0.436837982766776,1.26352654853652,"Bootstrap",0.457,0.79696097036356,0.381514825628286,1.14969747466058
1,7,0,"LEF both",0.998,1,1.68368323620545,1.30951658231421,1.82314562452914,"LEF both",0.996,1.62653207688101,1.27543383351089,1.78366251397598
1,7,0,"LEF outcome",0.998,1,1.68368323617604,1.30951658231421,1.82314562452914,"LEF outcome",0.996,1.62653207688132,1.27543383351089,1.78366251397598
1,7,0,"Bootstrap",0.97,2,1.0367579236029,0.870595096892106,1.19950717093498,"Jackknife MVN",0.968864468864469,8.03738731245321,1.53075884422791,2.95281425517926
1,7,0,"Jackknife MVN",0.963302752293578,3,7.15785944517207,1.54009353376043,2.67633203329847,"Bootstrap",0.963,1.0204476988411,0.858402240306004,1.16839073982826
1,7,0,"Jackknife Wald",0.955,4,1.01215974845789,0.847493333151407,1.1710137190676,"Jackknife Wald",0.958,1.01107682046971,0.860813273981024,1.16171511415977
1,7,0,"Sandwich",0.943097997892518,5,1.31132027727946,1.08941215146546,1.47680670465405,"Sandwich",0.944864864864865,1.30418647853314,1.10147954005617,1.45866573770987
1,7,1,"LEF outcome",0.987,1,1.70260381642898,1.17292741843744,2.03778140408877,"LEF outcome",0.987,1.66154694601211,1.15135995265564,1.98712424939084
1,7,1,"LEF both",0.986,2,1.70722345845397,1.17466865289119,2.05742792296103,"LEF both",0.985,1.63295977561998,1.1358574453035,1.94555984037591
1,7,1,"Jackknife MVN",0.979816513761468,3,9.36798499042117,2.42126757118221,16.2302843678149,"Jackknife MVN",0.974358974358974,9.27068800762415,2.24326566571017,15.635687285324
1,7,1,"Jackknife Wald",0.963,4,1.04895953677296,0.702147572911333,1.17994972607366,"Jackknife Wald",0.957,1.02416891833104,0.690768711252702,1.1437577918985
1,7,1,"Bootstrap",0.96,5,1.04805169622605,0.745711770949501,1.19978295402808,"Bootstrap",0.95,1.010358075118,0.721000353056711,1.17616030145545
1,7,1,"Sandwich",0.899894625922023,6,1.28596262162138,0.898883540102212,1.48731034141941,"Sandwich",0.905945945945946,1.25396954079626,0.897596840164915,1.44288517353
1,7,2,"Jackknife MVN",0.979816513761468,1,4.72030274706318,2.18291135647112,6.3589301248437,"Jackknife MVN",0.95970695970696,5.06311122338528,2.40167362644416,6.83322052898045
1,7,2,"Jackknife Wald",0.955,2,0.881031439904193,0.407353986790672,0.845266849592989,"LEF outcome",0.954,1.0351250146688,0.709058178252489,1.2418158626752
1,7,2,"LEF both",0.948,3,0.958459038810405,0.658674356254294,1.13394122443474,"LEF both",0.951,1.01492928023997,0.699350844517017,1.23653406371237
1,7,2,"LEF outcome",0.946,4,0.956306547250095,0.657138684909019,1.13100374350387,"Jackknife Wald",0.943,0.955807077100264,0.448332723737908,0.923377272271072
1,7,2,"Bootstrap",0.925,5,0.819266804243003,0.458310405566417,0.96447536810748,"Bootstrap",0.918,0.906172068265874,0.49586806450831,1.06371723612094
1,7,2,"Sandwich",0.831401475237092,6,0.736615375826061,0.492227078088814,0.847378091169945,"Sandwich",0.857297297297297,0.80534429711966,0.558458059419317,0.929782809454118
1,7,3,"Jackknife MVN",0.988990825688073,1,2.53929814744813,1.44372560611012,3.30542170590909,"Jackknife MVN",0.974358974358974,2.845657466369,1.60068226361574,3.68000286288654
1,7,3,"Jackknife Wald",0.947,2,0.914696931374921,0.264930641643853,0.856465902517586,"Jackknife Wald",0.938,0.979119218536457,0.308276629597189,0.88083343931471
1,7,3,"Bootstrap",0.883,3,0.68951152151756,0.308472454010926,0.901135962105607,"LEF outcome",0.898,0.644756635684942,0.439701929194552,0.782350792993359
1,7,3,"LEF both",0.877,4,0.579653640030172,0.380729486681393,0.692904471849472,"LEF both",0.895,0.632307627242873,0.428612118167631,0.761990007189945
1,7,3,"LEF outcome",0.876,5,0.579134828008657,0.380370045063489,0.694188597005141,"Bootstrap",0.853,0.752964521933804,0.359950926659172,0.93226645710658
1,7,3,"Sandwich",0.798735511064278,6,0.458391417413954,0.280971562547791,0.546954142517174,"Sandwich",0.805405405405405,0.518622002500903,0.345241216416597,0.634424139901637
1,7,4,"Jackknife MVN",0.990825688073395,1,2.14715558975509,1.12648522121853,2.90510827160147,"Jackknife MVN",0.974358974358974,2.23028365395543,1.24416776674154,2.96072017366669
1,7,4,"Jackknife Wald",0.931,2,0.925036232006457,0.248221292931276,0.895995773636557,"Jackknife Wald",0.93,0.921019862589833,0.266308990713922,0.882596140116479
1,7,4,"Bootstrap",0.863,3,0.669725352436142,0.304663652774454,0.872932281059526,"LEF both",0.859,0.533331583642011,0.353557264284405,0.660494294418632
1,7,4,"LEF outcome",0.848,4,0.53712391492579,0.342364073594691,0.671022317177799,"LEF outcome",0.857,0.543176009529122,0.363576778101832,0.673498255462111
1,7,4,"LEF both",0.847,5,0.537761880349345,0.343332502851118,0.671675750298467,"Bootstrap",0.849,0.67672677682572,0.325504477281353,0.858214713424068
1,7,4,"Sandwich",0.795574288724974,6,0.43273975083974,0.258811015992355,0.548014067092655,"Sandwich",0.803243243243243,0.445832784954032,0.285157422798728,0.552129940414256
1,8,0,"LEF both",0.988,1,1.88901024675702,1.44522764059962,2.13841687817085,"LEF both",0.985,1.83699301063012,1.35669811431521,2.0523598647174
1,8,0,"LEF outcome",0.988,1,1.88901024709564,1.44522764059962,2.13841687817085,"LEF outcome",0.985,1.83699301076668,1.35669811431521,2.05235986460503
1,8,0,"Sandwich",0.952506596306069,2,1.44837362984796,1.18048813419083,1.60658960284707,"Sandwich",0.952134540750323,1.40924110724297,1.14195271574682,1.54846750625216
1,8,0,"Bootstrap",0.9,3,1.05026613273226,0.809938317323673,1.28270704723627,"Jackknife MVN",0.918518518518519,11.24415804505,1.91742018204333,25.9061386847069
1,8,0,"Jackknife MVN",0.894168466522678,4,10.9876001450604,1.94239798414815,27.1443727813065,"Jackknife Wald",0.906,1.02428606274844,0.74582101106175,1.2336695520543
1,8,0,"Jackknife Wald",0.887,5,1.04096132556794,0.775566326560585,1.2817992413045,"Bootstrap",0.902,1.00913089770417,0.772713324711883,1.2166001607211
1,8,1,"LEF outcome",0.974,1,1.53120686186462,1.03270672874237,1.88656085636474,"LEF outcome",0.967,1.491095794795,0.957649674718925,1.90657213035197
1,8,1,"LEF both",0.973,2,1.52728788358984,1.03812897367257,1.891989424339,"LEF both",0.966,1.46744568835521,0.958076036458854,1.85444831935216
1,8,1,"Jackknife MVN",0.912526997840173,3,9.15587381326378,3.79042834192595,12.2062341953303,"Jackknife MVN",0.925925925925926,8.57015403055472,3.35323779114686,11.5697953617562
1,8,1,"Sandwich",0.905013192612137,4,1.24958422460658,0.839668077671272,1.51854352640624,"Sandwich",0.905562742561449,1.21110709803784,0.783345350887503,1.51461996443594
1,8,1,"Jackknife Wald",0.853,5,0.96531328463735,0.556208564686157,1.21257912314877,"Jackknife Wald",0.867,0.937466970557864,0.523890548364935,1.16535866316166
1,8,1,"Bootstrap",0.846,6,0.890528639301749,0.595889719342324,1.13750768598517,"Bootstrap",0.838,0.855715663094316,0.55587247728474,1.07291930463348
1,8,2,"LEF both",0.928,1,1.14851779991061,0.703085996813528,1.51521459310459,"Jackknife MVN",0.928042328042328,5.39845155812829,3.57004901151947,6.7479013116002
1,8,2,"LEF outcome",0.926,2,1.1511081495668,0.702136226798718,1.51619276715284,"LEF outcome",0.916,1.06141813650033,0.630945313960234,1.40618875118687
1,8,2,"Jackknife MVN",0.923326133909287,3,5.77084416232057,3.52196764484853,7.28874883007464,"LEF both",0.915,1.04560724410084,0.62909566822351,1.37304253959898
1,8,2,"Jackknife Wald",0.828,4,0.993223782078849,0.431319083721894,1.34494377919911,"Jackknife Wald",0.847,0.928468920241215,0.40838713165996,1.21982374407969
1,8,2,"Sandwich",0.827176781002638,5,0.991929535511421,0.567323410664508,1.32259882815886,"Sandwich",0.816300129366106,0.901089116045763,0.497189698429631,1.19804961065505
1,8,2,"Bootstrap",0.779,6,0.817551011531829,0.455351397454227,1.05943239958168,"Bootstrap",0.783,0.769021770368624,0.431914234541707,1.00545731138249
1,8,3,"Jackknife MVN",0.926565874730022,1,3.50301118901875,2.37353489998233,4.37189939329482,"Jackknife MVN",0.935449735449735,3.54810354280804,2.50674316716553,4.38837516198865
1,8,3,"LEF outcome",0.842,2,0.753132480538966,0.452191388697645,0.992558542551704,"LEF outcome",0.843,0.75579017438482,0.431233348374887,0.999716292606547
1,8,3,"LEF both",0.839,3,0.752127304782919,0.452208083050793,0.992000826212345,"Jackknife Wald",0.84,0.9490451142768,0.317090878966658,1.23915586782462
1,8,3,"Jackknife Wald",0.824,4,0.930907367102857,0.333781909931329,1.20992992155826,"LEF both",0.839,0.746583865231407,0.432460969564587,0.9795681337389
1,8,3,"Sandwich",0.726912928759894,5,0.651713939145519,0.353509393398796,0.874554020089758,"Bootstrap",0.745,0.701623146034943,0.320558798189805,0.972635110930282
1,8,3,"Bootstrap",0.712,6,0.691622955841566,0.329899477586756,0.938335707424407,"Sandwich",0.738680465717982,0.649092722289107,0.337550419564608,0.8513773764929
1,8,4,"Jackknife MVN",0.924406047516199,1,2.63340169487859,1.82575920791616,3.30426672624948,"Jackknife MVN",0.932275132275132,2.55517903858201,1.87785947672155,3.16509913954311
1,8,4,"Jackknife Wald",0.811,2,0.963256178244337,0.263526579840507,1.18655281810407,"Jackknife Wald",0.824,0.912525945701251,0.252934469600223,1.17975134543568
1,8,4,"LEF both",0.762,3,0.568917463006667,0.341019762407977,0.739705580397391,"LEF outcome",0.779,0.54163652821839,0.307152352923427,0.707003472694528
1,8,4,"LEF outcome",0.761,4,0.569604798067988,0.339526851692999,0.744361161584039,"LEF both",0.776,0.535203242266031,0.306743668481785,0.696921157703907
1,8,4,"Bootstrap",0.694,5,0.694814324969366,0.347535839871425,0.900082242750694,"Bootstrap",0.729,0.6749930975236,0.321510668819188,0.901064096903826
1,8,4,"Sandwich",0.670184696569921,6,0.486626002179057,0.259828343023122,0.648535948783075,"Sandwich",0.676584734799483,0.465165685006833,0.238685749858358,0.605442509321162
1,9,0,"LEF both",0.959,1,1.48627968258696,0.753217806123625,2.01769920021611,"LEF both",0.948,1.512675175149,0.761006962540194,2.06033316184554
1,9,0,"LEF outcome",0.959,1,1.48627968427954,0.753217798215775,2.01769920021611,"LEF outcome",0.948,1.51267517498052,0.761006960599798,2.06033315247119
1,9,0,"Sandwich",0.887387387387387,2,1.44517410693517,1.17992082945318,1.66407158931266,"Sandwich",0.880184331797235,1.54503265595606,1.20334364837613,1.81472927877658
1,9,0,"Jackknife Wald",0.645,3,0.917437108731773,0.320767210379425,1.27788822746295,"Jackknife Wald",0.633,0.939518231863821,0.336856976737454,1.31807978738823
1,9,0,"Bootstrap",0.633,4,0.877590359043264,0.417993126511367,1.21901428417181,"Bootstrap",0.62,0.9186276163809,0.442013954539631,1.28021499520378
1,9,0,"Jackknife MVN",0.617234468937876,5,8.46966455795511,1.96119205624187,16.2709116961428,"Jackknife MVN",0.619047619047619,9.10817866991773,2.02866580611147,17.5191658453066
1,9,1,"LEF outcome",0.944,1,0.959712158303492,0.527296141724054,1.23222018318153,"LEF outcome",0.923,0.927928587509266,0.47433378943663,1.21225428286709
1,9,1,"LEF both",0.943,2,0.957469568348074,0.527443941780528,1.23387009868808,"LEF both",0.921,0.921329984946145,0.476649482788319,1.21416148833731
1,9,1,"Sandwich",0.878378378378378,3,1.18198553097915,0.666399975261706,1.57150688088914,"Sandwich",0.824884792626728,1.20200905006683,0.607375568137524,1.53736596774023
1,9,1,"Jackknife Wald",0.676,4,0.863663884257166,0.233346694636616,1.14872344810507,"Jackknife MVN",0.653679653679654,5.35679949058861,2.67783688485841,7.48184060908463
1,9,1,"Jackknife MVN",0.655310621242485,5,5.32419227709811,2.37510871886623,7.4036026149124,"Jackknife Wald",0.651,0.835666357390851,0.221713044213659,1.0160781549554
1,9,1,"Bootstrap",0.601,6,0.745341905241627,0.323943852721227,0.990489590222616,"Bootstrap",0.55,0.724333539320685,0.317300022538236,0.916279776407241
1,9,2,"LEF outcome",0.896,1,0.574145556938902,0.348763254667875,0.712402259273426,"LEF both",0.877,0.555186546577661,0.325760562861201,0.702528319674939
1,9,2,"LEF both",0.894,2,0.573547548873301,0.349600907438461,0.713968197393058,"LEF outcome",0.877,0.558366472033773,0.32581155115944,0.709825396812869
1,9,2,"Sandwich",0.801801801801802,3,0.690096016630576,0.393118052721892,0.884117019546632,"Sandwich",0.783410138248848,0.702024768756156,0.351448349755858,0.90469232677874
1,9,2,"Jackknife MVN",0.723446893787575,4,3.15185963007705,2.21452438099221,4.021301691009,"Jackknife MVN",0.714285714285714,3.21434248384466,2.29069138740483,4.00526257110755
1,9,2,"Jackknife Wald",0.709,5,0.83863983842675,0.185145580537082,0.93427175102078,"Jackknife Wald",0.675,0.773545197926605,0.174547550286894,0.879247966493165
1,9,2,"Bootstrap",0.569,6,0.746495059364825,0.299965290087247,1.02294139719079,"Bootstrap",0.505,0.719581224650298,0.278951946624745,0.97033669449863
1,9,3,"LEF both",0.83,1,0.420598014057871,0.262147033795628,0.511724530715225,"LEF both",0.822,0.396556543808379,0.24150924284083,0.484592876930408
1,9,3,"LEF outcome",0.829,2,0.42071296500026,0.261446359611399,0.512133836432119,"LEF outcome",0.82,0.398663608090669,0.240371922910615,0.488306165974553
1,9,3,"Jackknife MVN",0.75751503006012,3,2.17137639960842,1.75571883384363,2.68644463055321,"Sandwich",0.746543778801843,0.491233723405223,0.247279666823059,0.630709528901876
1,9,3,"Sandwich",0.756756756756757,4,0.48678065604218,0.264741158800803,0.641813133597272,"Jackknife MVN",0.74025974025974,2.17319168482537,1.82098948813918,2.59545757031104
1,9,3,"Jackknife Wald",0.733,5,1.02571099410947,0.176022604676792,1.28046015694062,"Jackknife Wald",0.704,1.0244127157448,0.150673666777705,1.17973608554652
1,9,3,"Bootstrap",0.525,6,0.854257405086416,0.403258836266881,1.21893251204285,"Bootstrap",0.463,0.841696644495462,0.413965794019552,1.19824686005775
1,9,4,"LEF both",0.784,1,0.365327431358481,0.223090307244853,0.447297528366453,"LEF outcome",0.767,0.344319193169284,0.206731463569907,0.425141051570051
1,9,4,"LEF outcome",0.781,2,0.365199787038504,0.221516608024912,0.445766760920386,"LEF both",0.765,0.342933311904937,0.206763795616711,0.421172010660206
1,9,4,"Jackknife Wald",0.763,3,1.13871480720412,0.19165023546079,1.55714654226317,"Jackknife MVN",0.748917748917749,1.73011323866082,1.44791271354754,2.04747085721611
1,9,4,"Jackknife MVN",0.761523046092184,4,1.74237464250244,1.41773137253154,2.1353988715209,"Jackknife Wald",0.716,1.14637558104367,0.149060772418416,1.68590563102498
1,9,4,"Sandwich",0.725225225225225,5,0.419339327004728,0.216113541523486,0.576944281711031,"Sandwich",0.714285714285714,0.421352631551675,0.208544938216362,0.562965262323099
1,9,4,"Bootstrap",0.528,6,0.867793259033279,0.502489554921764,1.18703570058873,"Bootstrap",0.433,0.85566061104627,0.467887857166327,1.23325606274715
1,10,0,"LEF both",0.977,1,1.15812141784002,1.08243760203028,1.22415013342708,"LEF both",0.977,1.16531348250709,1.08495810557283,1.23041570421676
1,10,0,"LEF outcome",0.977,1,1.15812141784002,1.08243760203028,1.22415013342708,"LEF outcome",0.977,1.16531348250709,1.08495810557283,1.23041570421676
1,10,0,"Sandwich",0.956,2,1.08562188627469,1.00858667568357,1.15820824852587,"Sandwich",0.956,1.09671876827983,1.01864871934833,1.17212680918544
1,10,0,"Bootstrap",0.949,3,0.992913416597756,0.912672541521499,1.07658145652791,"Bootstrap",0.949,0.998534140462546,0.915037653092888,1.07948688213505
1,10,0,"Jackknife MVN",NA,NA,NA,NA,NA,"Jackknife MVN",NA,NA,NA,NA
1,10,0,"Jackknife Wald",NA,NA,NA,NA,NA,"Jackknife Wald",NA,NA,NA,NA
1,10,1,"LEF both",0.978,1,1.60301869900024,1.3086583540954,1.8067978697948,"LEF both",0.981,1.5133719030102,1.25606747513216,1.70542175814367
1,10,1,"LEF outcome",0.978,1,1.60853414459734,1.31090828454502,1.81578941206262,"LEF outcome",0.98,1.53455471772594,1.26629796760293,1.72946302553062
1,10,1,"Bootstrap",0.947,2,0.985996595905616,0.854112852353249,1.10438557755479,"Bootstrap",0.929,0.952292268819465,0.816378084919307,1.07774296923329
1,10,1,"Sandwich",0.928,3,1.22876037639159,1.10067116815599,1.37823048841564,"Sandwich",0.913,1.18869017313145,1.05366779141211,1.34288088589572
1,10,1,"Jackknife MVN",NA,NA,NA,NA,NA,"Jackknife MVN",NA,NA,NA,NA
1,10,1,"Jackknife Wald",NA,NA,NA,NA,NA,"Jackknife Wald",NA,NA,NA,NA
1,10,2,"LEF both",0.976,1,1.72733898369063,0.96794366186915,2.31950401700336,"LEF both",0.977,1.66634462379562,0.949874135153149,2.28419237201702
1,10,2,"LEF outcome",0.975,2,1.73619204962351,0.971217366096085,2.33122831362481,"LEF outcome",0.977,1.72064316538615,0.956864217073382,2.41556814087698
1,10,2,"Bootstrap",0.938,3,0.947390278682423,0.682521571699318,1.13262222020554,"Bootstrap",0.933,0.924831328254107,0.667259767411726,1.12581195045694
1,10,2,"Sandwich",0.91,4,1.29604602129904,0.825123838905384,1.66527572719703,"Sandwich",0.912,1.25058433199342,0.803537872748671,1.65364197377578
1,10,2,"Jackknife MVN",NA,NA,NA,NA,NA,"Jackknife MVN",NA,NA,NA,NA
1,10,2,"Jackknife Wald",NA,NA,NA,NA,NA,"Jackknife Wald",NA,NA,NA,NA
1,10,3,"LEF both",0.98,1,1.32874444393293,0.736729651692698,1.56588868268984,"LEF both",0.985,1.17278064974691,0.625260121109941,1.46429802575073
1,10,3,"LEF outcome",0.98,1,1.33462555734827,0.737707874171901,1.57346419124906,"LEF outcome",0.985,1.20834366362859,0.631371757770819,1.52307741535131
1,10,3,"Bootstrap",0.911,2,0.866895455457538,0.521892343978256,0.896270535413033,"Bootstrap",0.914,0.795474362075751,0.442463597945543,0.805990532683402
1,10,3,"Sandwich",0.856,3,1.02673283820419,0.604694390972363,1.15149759875351,"Sandwich",0.847,0.9131368974542,0.522486529935292,1.05078936611761
1,10,3,"Jackknife MVN",NA,NA,NA,NA,NA,"Jackknife MVN",NA,NA,NA,NA
1,10,3,"Jackknife Wald",NA,NA,NA,NA,NA,"Jackknife Wald",NA,NA,NA,NA
1,10,4,"LEF both",0.969,1,0.525312131427309,0.328133364478262,0.602657827241961,"LEF outcome",0.963,0.531913204519023,0.309123736056291,0.638951261225525
1,10,4,"LEF outcome",0.969,1,0.527051723867364,0.328270062512105,0.603890257998194,"LEF both",0.962,0.518947372242781,0.307166324850125,0.615754297796229
1,10,4,"Bootstrap",0.888,2,0.536039762305805,0.217751595267396,0.566458119463127,"Bootstrap",0.886,0.566002888359175,0.213369039040477,0.620221697373767
1,10,4,"Sandwich",0.811,3,0.401692289773932,0.255491268415441,0.426289472208458,"Sandwich",0.784,0.40309899328444,0.244840280534329,0.441923817423736
1,10,4,"Jackknife MVN",NA,NA,NA,NA,NA,"Jackknife MVN",NA,NA,NA,NA
1,10,4,"Jackknife Wald",NA,NA,NA,NA,NA,"Jackknife Wald",NA,NA,NA,NA
1,11,0,"LEF both",0.984,1,1.14692631019002,1.06899639127374,1.21222063407654,"LEF both",0.988,1.16503436730843,1.08986336026955,1.23823742403249
1,11,0,"LEF outcome",0.984,1,1.14692631019002,1.06899639127374,1.21222063407654,"LEF outcome",0.988,1.16503436730844,1.08986336026955,1.23823742403249
1,11,0,"Sandwich",0.944915254237288,2,1.07565393281654,1.00122879103544,1.1509008730653,"Sandwich",0.961215932914046,1.10126596707997,1.02614435722049,1.17798238689688
1,11,0,"Bootstrap",0.943,3,0.97085730200555,0.886699577374407,1.05653544879092,"Bootstrap",0.936,0.994714821882132,0.909577419664382,1.0812722332106
1,11,0,"Jackknife MVN",NA,NA,NA,NA,NA,"Jackknife MVN",NA,NA,NA,NA
1,11,0,"Jackknife Wald",NA,NA,NA,NA,NA,"Jackknife Wald",NA,NA,NA,NA
1,11,1,"LEF both",0.988,1,1.35788680897694,1.21438652353556,1.43265135736028,"LEF both",0.989,1.35445214461816,1.21149155948054,1.41781638355602
1,11,1,"LEF outcome",0.988,1,1.35887173186314,1.21502020114325,1.43459607659985,"LEF outcome",0.989,1.36265367960504,1.21828224947985,1.42773007934034
1,11,1,"Sandwich",0.969279661016949,2,1.17115009643341,1.07636238502526,1.2605516108724,"Sandwich",0.963312368972746,1.16905208077956,1.06149746750762,1.25332086835834
1,11,1,"Bootstrap",0.929,3,0.982351202853786,0.872627205459022,1.09412076540385,"Bootstrap",0.921,0.97350183720515,0.867369360257766,1.084709570118
1,11,1,"Jackknife MVN",NA,NA,NA,NA,NA,"Jackknife MVN",NA,NA,NA,NA
1,11,1,"Jackknife Wald",NA,NA,NA,NA,NA,"Jackknife Wald",NA,NA,NA,NA
1,11,2,"LEF outcome",0.992,1,1.75956918260506,1.41162358437893,1.89849312714788,"LEF both",0.986,1.6890535013663,1.36683607488361,1.84939285010779
1,11,2,"LEF both",0.991,2,1.75734836780249,1.40970145225977,1.8955850006862,"LEF outcome",0.986,1.70853605333028,1.37866004514767,1.87554109564519
1,11,2,"Sandwich",0.940677966101695,3,1.34195763131515,1.13969534506655,1.45601050484018,"Sandwich",0.932914046121593,1.29875730503449,1.10324941891058,1.40852741074067
1,11,2,"Bootstrap",0.906,4,0.970449911422596,0.813063132577605,1.12973160816983,"Bootstrap",0.897,0.943497007501127,0.768512601131805,1.10423998357724
1,11,2,"Jackknife MVN",NA,NA,NA,NA,NA,"Jackknife MVN",NA,NA,NA,NA
1,11,2,"Jackknife Wald",NA,NA,NA,NA,NA,"Jackknife Wald",NA,NA,NA,NA
1,11,3,"LEF both",0.99,1,1.7444933398652,1.21807857110028,2.14477816461176,"LEF outcome",0.983,1.73241298867487,1.22490044921943,2.08678646521759
1,11,3,"LEF outcome",0.99,1,1.74702261476294,1.22301119507881,2.14720527768489,"LEF both",0.981,1.71267119631056,1.20177730993892,2.06998915057261
1,11,3,"Sandwich",0.885593220338983,2,1.3423270867167,0.912545529749106,1.60969382913395,"Sandwich",0.871069182389937,1.32083362264881,0.904661636216994,1.58368051859885
1,11,3,"Bootstrap",0.867,3,0.94044260605724,0.660329025626247,1.17594680053885,"Bootstrap",0.851,0.917142844973703,0.654044166665073,1.13365110489999
1,11,3,"Jackknife MVN",NA,NA,NA,NA,NA,"Jackknife MVN",NA,NA,NA,NA
1,11,3,"Jackknife Wald",NA,NA,NA,NA,NA,"Jackknife Wald",NA,NA,NA,NA
1,11,4,"LEF both",0.958,1,1.25883505145131,0.790588816911404,1.60335022662952,"LEF both",0.94,1.24132395792021,0.781260967626696,1.58262293459112
1,11,4,"LEF outcome",0.958,1,1.2602673116006,0.791032895430595,1.60484199027928,"LEF outcome",0.94,1.25714896913226,0.796846335084576,1.61545598532751
1,11,4,"Bootstrap",0.829,2,0.835243032535055,0.459481377917357,1.0906139169113,"Bootstrap",0.809,0.836202888279015,0.457794104693054,1.08595834483094
1,11,4,"Sandwich",0.792372881355932,3,0.991400708004417,0.585708785752877,1.25853121675941,"Sandwich",0.79664570230608,0.981525205355612,0.59310699918354,1.23983388501221
1,11,4,"Jackknife MVN",NA,NA,NA,NA,NA,"Jackknife MVN",NA,NA,NA,NA
1,11,4,"Jackknife Wald",NA,NA,NA,NA,NA,"Jackknife Wald",NA,NA,NA,NA
1,12,0,"Sandwich",0.9671875,1,1.27431992536196,1.14613501341654,1.3938985424211,"Sandwich",0.954619124797407,1.2124214014774,1.1040115059028,1.31068996986098
1,12,0,"LEF both",0.963,2,1.46738097827792,1.30755079200535,1.56052800399302,"LEF both",0.954,1.41202582807731,1.25385521921058,1.5080251409545
1,12,0,"LEF outcome",0.963,2,1.46738097827773,1.30755079200535,1.56052800399302,"LEF outcome",0.954,1.41202582808056,1.25385521921058,1.5080251409545
1,12,0,"Bootstrap",0.916,3,1.02307140663066,0.872585347515488,1.16380612443919,"Bootstrap",0.893,0.97779871195256,0.826700629423552,1.12564858655902
1,12,0,"Jackknife MVN",NA,NA,NA,NA,NA,"Jackknife MVN",NA,NA,NA,NA
1,12,0,"Jackknife Wald",NA,NA,NA,NA,NA,"Jackknife Wald",NA,NA,NA,NA
1,12,1,"Sandwich",0.890625,1,1.44399441804751,1.24293041072041,1.73725355610163,"Sandwich",0.914100486223663,1.47054062152495,1.28459646467797,1.76896658414888
1,12,1,"LEF outcome",0.879,2,1.64182151225604,0.744388968177851,2.17983247044635,"LEF outcome",0.879,1.64987167085269,0.723572760750833,2.24349038757775
1,12,1,"LEF both",0.878,3,1.63728807065519,0.74433312001911,2.17446826424675,"LEF both",0.876,1.61920827230691,0.723833103634769,2.193888664149
1,12,1,"Bootstrap",0.765,4,0.913490962563294,0.460523907854724,1.22457816997663,"Bootstrap",0.761,0.910476544365357,0.463724491430724,1.22549823964727
1,12,1,"Jackknife MVN",NA,NA,NA,NA,NA,"Jackknife MVN",NA,NA,NA,NA
1,12,1,"Jackknife Wald",NA,NA,NA,NA,NA,"Jackknife Wald",NA,NA,NA,NA
1,12,2,"LEF both",0.824,1,1.10554302866229,0.428351137414347,1.35885799130811,"LEF both",0.82,1.10281889834537,0.425139539969477,1.40230413818551
1,12,2,"LEF outcome",0.823,2,1.10921423960893,0.427914721692778,1.36236079566813,"LEF outcome",0.818,1.12484729101301,0.426293826814953,1.43928226558773
1,12,2,"Sandwich",0.7921875,3,1.06846978356064,0.628798172225272,1.57103470641119,"Sandwich",0.79902755267423,1.11492304425849,0.662444814611485,1.60974177287222
1,12,2,"Bootstrap",0.652,4,0.745250668507623,0.281175804015982,0.913836998394777,"Bootstrap",0.625,0.748557360363292,0.258559879389039,0.906289493132873
1,12,2,"Jackknife MVN",NA,NA,NA,NA,NA,"Jackknife MVN",NA,NA,NA,NA
1,12,2,"Jackknife Wald",NA,NA,NA,NA,NA,"Jackknife Wald",NA,NA,NA,NA
1,12,3,"LEF both",0.811,1,0.679620966793314,0.313023305378747,0.789813699410319,"LEF both",0.809,0.77599274907023,0.343994207338055,0.914086303162387
1,12,3,"LEF outcome",0.811,1,0.681618826975517,0.313263987070283,0.79242999849921,"LEF outcome",0.809,0.790059507983609,0.343539445214252,0.937025347297026
1,12,3,"Sandwich",0.7765625,2,0.667683854878179,0.35573466690816,0.937330711819804,"Sandwich",0.771474878444084,0.788789691747209,0.423764613396202,1.09666125365534
1,12,3,"Bootstrap",0.538,3,0.700495223079425,0.242524296089788,0.918621605932645,"Bootstrap",0.524,0.844139320503587,0.306238706701747,1.10722091087046
1,12,3,"Jackknife MVN",NA,NA,NA,NA,NA,"Jackknife MVN",NA,NA,NA,NA
1,12,3,"Jackknife Wald",NA,NA,NA,NA,NA,"Jackknife Wald",NA,NA,NA,NA
1,12,4,"LEF outcome",0.832,1,0.491968398561542,0.283221367859703,0.587675907048981,"Sandwich",0.816855753646678,0.511997991949821,0.275528972176305,0.71150348820192
1,12,4,"LEF both",0.831,2,0.490890855159659,0.283627820657858,0.586591510789446,"LEF both",0.816,0.51021295254149,0.275657497765412,0.625908988579245
1,12,4,"Sandwich",0.8109375,3,0.463073168345719,0.254093818325553,0.619780590575008,"LEF outcome",0.816,0.518227274665181,0.27620580113398,0.639113967848783
1,12,4,"Bootstrap",0.463,4,0.768903123998092,0.258430969742862,1.02930688528313,"Bootstrap",0.475,0.840875288665019,0.31032457180197,1.12649495784852
1,12,4,"Jackknife MVN",NA,NA,NA,NA,NA,"Jackknife MVN",NA,NA,NA,NA
1,12,4,"Jackknife Wald",NA,NA,NA,NA,NA,"Jackknife Wald",NA,NA,NA,NA
1,13,0,"LEF both",0.977,1,1.10147677686445,1.02883446032958,1.17328808070551,"LEF both",0.973,1.09568449179814,1.02585904959514,1.16470780320212
1,13,0,"LEF outcome",0.977,1,1.10147677686445,1.02883446032958,1.17328808070551,"LEF outcome",0.973,1.09568449179814,1.02585904959514,1.16470780320212
1,13,0,"Bootstrap",0.956,2,0.985440194168004,0.911884793734152,1.05841381812592,"Bootstrap",0.954,0.986697685335534,0.918385930279052,1.0560206918686
1,13,0,"Sandwich",0.948,3,1.05207680146292,0.976926649916818,1.12498785413263,"Sandwich",0.944,1.0548814792557,0.980404007592432,1.12726635970363
1,13,0,"Jackknife MVN",NA,NA,NA,NA,NA,"Jackknife MVN",NA,NA,NA,NA
1,13,0,"Jackknife Wald",NA,NA,NA,NA,NA,"Jackknife Wald",NA,NA,NA,NA
1,13,1,"LEF both",0.982,1,1.44750258144033,1.16900445073456,1.60879308800014,"LEF both",0.982,1.47404520970874,1.2010221828189,1.66647443346245
1,13,1,"LEF outcome",0.982,1,1.45010841163192,1.16776104654332,1.61419903280357,"LEF outcome",0.982,1.49376299003523,1.2103352498417,1.67873496628591
1,13,1,"Bootstrap",0.951,2,0.954967147524178,0.82142987049792,1.05416911335436,"Bootstrap",0.951,0.996913519056393,0.85680200698347,1.105165074544
1,13,1,"Sandwich",0.938,3,1.1563435299324,0.991060527833884,1.2794966647184,"Sandwich",0.936,1.20062902634252,1.0222250058781,1.34347411373666
1,13,1,"Jackknife MVN",NA,NA,NA,NA,NA,"Jackknife MVN",NA,NA,NA,NA
1,13,1,"Jackknife Wald",NA,NA,NA,NA,NA,"Jackknife Wald",NA,NA,NA,NA
1,13,2,"LEF both",0.978,1,1.57731380301447,0.887289577502306,2.02781815285283,"LEF outcome",0.988,1.5944152174092,0.913251578425091,2.00691914158942
1,13,2,"LEF outcome",0.978,1,1.58333276269147,0.887964407829096,2.03039803720886,"LEF both",0.987,1.54960293930677,0.905471107820928,1.91406604170255
1,13,2,"Bootstrap",0.939,2,0.910850786662158,0.653000648945241,1.00907565855364,"Bootstrap",0.94,0.908534936023655,0.66403480346841,0.994532695694544
1,13,2,"Sandwich",0.899,3,1.20789115109058,0.761428969033609,1.4431605733189,"Sandwich",0.899,1.19400383354468,0.776037002261281,1.42460142113043
1,13,2,"Jackknife MVN",NA,NA,NA,NA,NA,"Jackknife MVN",NA,NA,NA,NA
1,13,2,"Jackknife Wald",NA,NA,NA,NA,NA,"Jackknife Wald",NA,NA,NA,NA
1,13,3,"LEF both",0.985,1,1.02638861145741,0.557926443092759,1.20387105411106,"LEF outcome",0.993,1.16499429625125,0.647884497725401,1.39840908441533
1,13,3,"LEF outcome",0.985,1,1.02955008820395,0.559131440515202,1.2047319770726,"LEF both",0.991,1.13385600776983,0.639226476264777,1.35098413479907
1,13,3,"Bootstrap",0.915,2,0.737772811565096,0.40790249286671,0.717616721567692,"Bootstrap",0.934,0.846347238637817,0.460195315167238,0.841797385780184
1,13,3,"Sandwich",0.826,3,0.812506482697163,0.468721581963699,0.867356969687841,"Sandwich",0.856,0.905172018410002,0.5279296371571,0.968300979879235
1,13,3,"Jackknife MVN",NA,NA,NA,NA,NA,"Jackknife MVN",NA,NA,NA,NA
1,13,3,"Jackknife Wald",NA,NA,NA,NA,NA,"Jackknife Wald",NA,NA,NA,NA
1,13,4,"LEF outcome",0.975,1,0.552968601283276,0.335753777410567,0.629668248367224,"LEF outcome",0.969,0.620795692876522,0.364671443293227,0.75096468243229
1,13,4,"LEF both",0.974,2,0.551534284794569,0.334586686967288,0.627494937260206,"LEF both",0.968,0.607735026932701,0.359379435598019,0.736746948191625
1,13,4,"Bootstrap",0.889,3,0.587360264077048,0.226660036757434,0.666080899229488,"Bootstrap",0.904,0.655811728699409,0.253179801259032,0.76220906379737
1,13,4,"Sandwich",0.795,4,0.433891161134828,0.261061886843126,0.458320666799839,"Sandwich",0.823,0.480184684551403,0.286396364784669,0.530379875576516
1,13,4,"Jackknife MVN",NA,NA,NA,NA,NA,"Jackknife MVN",NA,NA,NA,NA
1,13,4,"Jackknife Wald",NA,NA,NA,NA,NA,"Jackknife Wald",NA,NA,NA,NA
1,14,0,"LEF both",0.981,1,1.16747041080921,1.08335491724212,1.25042111687192,"LEF both",0.986,1.12854314340258,1.03733099074711,1.21264760708809
1,14,0,"LEF outcome",0.981,1,1.16747041080921,1.08335491724212,1.25042111687192,"LEF outcome",0.986,1.12854314340258,1.03733099074711,1.21264760708809
1,14,0,"Sandwich",0.961578400830737,2,1.10808878204327,1.02056340804203,1.19339793514679,"Sandwich",0.952868852459016,1.07551356055401,0.985434872341458,1.16299861944943
1,14,0,"Bootstrap",0.955,3,1.01596803132869,0.933104731638555,1.10531890569401,"Bootstrap",0.946,0.987364033714835,0.893233174006175,1.07922644186041
1,14,0,"Jackknife MVN",NA,NA,NA,NA,NA,"Jackknife MVN",NA,NA,NA,NA
1,14,0,"Jackknife Wald",NA,NA,NA,NA,NA,"Jackknife Wald",NA,NA,NA,NA
1,14,1,"LEF both",0.978,1,1.33179296236802,1.15098461958157,1.4577896838735,"LEF outcome",0.986,1.35801477081372,1.16869822574506,1.48172813438789
1,14,1,"LEF outcome",0.978,1,1.33391058750311,1.15173822790774,1.460560354006,"LEF both",0.984,1.34555316617246,1.16060959567632,1.46690827783077
1,14,1,"Sandwich",0.954309449636552,2,1.14962120610055,1.01777939919036,1.26963701886939,"Sandwich",0.954918032786885,1.16856660840053,1.0328417608474,1.27645775430007
1,14,1,"Bootstrap",0.909,3,0.970156436915446,0.834837896151637,1.09704269106705,"Bootstrap",0.929,0.986880411596594,0.856151022526621,1.11581293976661
1,14,1,"Jackknife MVN",NA,NA,NA,NA,NA,"Jackknife MVN",NA,NA,NA,NA
1,14,1,"Jackknife Wald",NA,NA,NA,NA,NA,"Jackknife Wald",NA,NA,NA,NA
1,14,2,"LEF both",0.986,1,1.63178127447088,1.28641100984608,1.84985540764848,"LEF outcome",0.985,1.6923820921172,1.32954433309385,1.901606389283
1,14,2,"LEF outcome",0.986,1,1.63489565309033,1.28556056887278,1.85611519080296,"LEF both",0.983,1.67035098221182,1.31140907557752,1.87685021511765
1,14,2,"Sandwich",0.917964693665628,2,1.26349665663977,1.01346348423871,1.43332071251399,"Sandwich",0.936475409836066,1.30384717266691,1.04058371182175,1.49078164670104
1,14,2,"Bootstrap",0.876,3,0.92421596397013,0.730387833811693,1.08966581646541,"Bootstrap",0.889,0.960886027106426,0.754928350941421,1.14174928401125
1,14,2,"Jackknife MVN",NA,NA,NA,NA,NA,"Jackknife MVN",NA,NA,NA,NA
1,14,2,"Jackknife Wald",NA,NA,NA,NA,NA,"Jackknife Wald",NA,NA,NA,NA
1,14,3,"LEF both",0.977,1,1.57172284627831,1.09473143073083,1.91619868698285,"LEF outcome",0.977,1.62615721364676,1.12085059464468,1.98109188774606
1,14,3,"LEF outcome",0.977,1,1.5740925885678,1.09750991117666,1.91875179470877,"LEF both",0.975,1.60482086173394,1.10477344903585,1.96145159615972
1,14,3,"Sandwich",0.866043613707165,2,1.22073454378299,0.813825566807306,1.50431370284321,"Sandwich",0.876024590163934,1.24517538087679,0.836671371989388,1.53734251360991
1,14,3,"Bootstrap",0.846,3,0.89233226499214,0.602396729349762,1.11515173976096,"Bootstrap",0.873,0.905924383896416,0.639574485562475,1.13318748762481
1,14,3,"Jackknife MVN",NA,NA,NA,NA,NA,"Jackknife MVN",NA,NA,NA,NA
1,14,3,"Jackknife Wald",NA,NA,NA,NA,NA,"Jackknife Wald",NA,NA,NA,NA
1,14,4,"LEF outcome",0.929,1,1.07655050484279,0.670683274678385,1.38948648518585,"LEF both",0.928,1.1788295643279,0.751622996789004,1.50766504917647
1,14,4,"LEF both",0.928,2,1.07515237313719,0.673824697848554,1.38616814450022,"LEF outcome",0.926,1.1933677507072,0.758128823034654,1.51756832133319
1,14,4,"Bootstrap",0.797,3,0.777776701387213,0.409172956092957,1.02409900795002,"Bootstrap",0.822,0.830443442162705,0.457385701268027,1.10751157467387
1,14,4,"Sandwich",0.769470404984424,4,0.858086115272716,0.488080405697172,1.07510355536352,"Sandwich",0.811475409836066,0.93443710719536,0.566437063383769,1.17815204097635
1,14,4,"Jackknife MVN",NA,NA,NA,NA,NA,"Jackknife MVN",NA,NA,NA,NA
1,14,4,"Jackknife Wald",NA,NA,NA,NA,NA,"Jackknife Wald",NA,NA,NA,NA
1,15,0,"Sandwich",0.955108359133127,1,1.16566481059689,1.03005007151655,1.2856555603791,"Sandwich",0.961352657004831,1.22343942607748,1.084272369268,1.34764994509573
1,15,0,"LEF both",0.937,2,1.33244895941884,1.16879383083675,1.44829080085141,"LEF both",0.938,1.40065520289929,1.24076937121432,1.52243253208187
1,15,0,"LEF outcome",0.937,2,1.33244895942047,1.16879383083675,1.44829080085141,"LEF outcome",0.938,1.4006552028984,1.24076937121432,1.52243253208187
1,15,0,"Bootstrap",0.887,3,0.959670557367674,0.803151617462295,1.10333489690979,"Bootstrap",0.898,1.00054821438875,0.836681059930472,1.15450460929812
1,15,0,"Jackknife MVN",NA,NA,NA,NA,NA,"Jackknife MVN",NA,NA,NA,NA
1,15,0,"Jackknife Wald",NA,NA,NA,NA,NA,"Jackknife Wald",NA,NA,NA,NA
1,15,1,"Sandwich",0.882352941176471,1,1.26770908921691,0.941823791578757,1.58235033335561,"Sandwich",0.909822866344606,1.41500522060057,1.05448632931696,1.73675668677175
1,15,1,"LEF both",0.848,2,1.40703587271151,0.653366934790513,1.89542005364724,"LEF both",0.84,1.54548667738206,0.721265968127202,2.07666245523083
1,15,1,"LEF outcome",0.848,2,1.41252041753908,0.653300848791451,1.90281131074404,"LEF outcome",0.836,1.5748182300165,0.722019030205596,2.11578738265396
1,15,1,"Bootstrap",0.748,3,0.830428822399772,0.419199151621381,1.12464110111489,"Bootstrap",0.754,0.902394931615732,0.465293127344364,1.20804408162264
1,15,1,"Jackknife MVN",NA,NA,NA,NA,NA,"Jackknife MVN",NA,NA,NA,NA
1,15,1,"Jackknife Wald",NA,NA,NA,NA,NA,"Jackknife Wald",NA,NA,NA,NA
1,15,2,"LEF both",0.797,1,1.00655787588203,0.408207906685413,1.33762381174736,"Sandwich",0.814814814814815,1.02504720568021,0.573733538300666,1.42547676623066
1,15,2,"LEF outcome",0.796,2,1.01046597697881,0.408774306806451,1.34388786842662,"LEF both",0.8,1.05107633688382,0.420651105263033,1.41273195678475
1,15,2,"Sandwich",0.791021671826625,3,0.98026620845299,0.516688760917142,1.35443942345057,"LEF outcome",0.799,1.06945604462483,0.423121622805026,1.44667216857107
1,15,2,"Bootstrap",0.618,4,0.696756113820888,0.256893079235188,0.898997489363622,"Bootstrap",0.615,0.717786651998259,0.263875702547567,0.95595287550269
1,15,2,"Jackknife MVN",NA,NA,NA,NA,NA,"Jackknife MVN",NA,NA,NA,NA
1,15,2,"Jackknife Wald",NA,NA,NA,NA,NA,"Jackknife Wald",NA,NA,NA,NA
1,15,3,"LEF outcome",0.783,1,0.599234671412538,0.27134732169355,0.754223137873707,"LEF outcome",0.797,0.727630095335401,0.336670696712177,0.907269983231656
1,15,3,"LEF both",0.782,2,0.597233518359303,0.271346558652596,0.751496989556224,"LEF both",0.795,0.71726713183214,0.334892785259953,0.883911611604789
1,15,3,"Sandwich",0.75077399380805,3,0.584959156706541,0.29247972980193,0.763321564574335,"Sandwich",0.77133655394525,0.713913736844033,0.364334936545287,0.932085618427361
1,15,3,"Bootstrap",0.527,4,0.627130623253317,0.214682123542542,0.797878274901534,"Bootstrap",0.53,0.749211891509201,0.267693430943763,0.954163462369852
1,15,3,"Jackknife MVN",NA,NA,NA,NA,NA,"Jackknife MVN",NA,NA,NA,NA
1,15,3,"Jackknife Wald",NA,NA,NA,NA,NA,"Jackknife Wald",NA,NA,NA,NA
1,15,4,"LEF outcome",0.787,1,0.408457950380676,0.229269529237396,0.49976134259768,"LEF outcome",0.815,0.490514704373905,0.272076583472151,0.593813544676398
1,15,4,"LEF both",0.786,2,0.407367268220878,0.229275272396401,0.500628457124537,"LEF both",0.813,0.484225665649107,0.270381825105137,0.581678357529934
1,15,4,"Sandwich",0.741486068111455,3,0.388128323248963,0.203624637462932,0.514530704628861,"Sandwich",0.768115942028985,0.46592464684647,0.252849811986043,0.578326231217462
1,15,4,"Bootstrap",0.481,4,0.656605491736612,0.231033987689688,0.882619383950559,"Bootstrap",0.458,0.769262800099584,0.266675923382635,1.08779400807362
1,15,4,"Jackknife MVN",NA,NA,NA,NA,NA,"Jackknife MVN",NA,NA,NA,NA
1,15,4,"Jackknife Wald",NA,NA,NA,NA,NA,"Jackknife Wald",NA,NA,NA,NA
1,16,0,"LEF both",0.973,1,1.04270724210328,0.976870261802561,1.10888659537085,"LEF both",0.971,1.06211224269629,0.992123264866418,1.12882832547352
1,16,0,"LEF outcome",0.973,1,1.04270724210328,0.976870261802561,1.10888659537085,"LEF outcome",0.971,1.06211224269629,0.992123264866418,1.12882832547352
1,16,0,"Bootstrap",0.952,2,0.977751847758984,0.912050096023599,1.04166737932008,"Bootstrap",0.958,0.997611086967074,0.928487039345243,1.06782359058023
1,16,0,"Sandwich",0.949,3,1.01379509506292,0.944444237909216,1.07917191983361,"Sandwich",0.947,1.03946053805796,0.970305973801239,1.10797213324332
1,16,0,"Jackknife MVN",NA,NA,NA,NA,NA,"Jackknife MVN",NA,NA,NA,NA
1,16,0,"Jackknife Wald",NA,NA,NA,NA,NA,"Jackknife Wald",NA,NA,NA,NA
1,16,1,"LEF both",0.991,1,1.30544974587921,1.082116706387,1.42202566661045,"LEF both",0.985,1.28683527605385,1.04936851487377,1.37852281412232
1,16,1,"LEF outcome",0.991,1,1.30633419950627,1.07973618438095,1.42529743878245,"LEF outcome",0.985,1.30308227311181,1.04916622362622,1.39728073343484
1,16,1,"Bootstrap",0.955,2,0.989995593119946,0.863507712286167,1.08638939373162,"Bootstrap",0.942,0.967735349919717,0.833937847596908,1.04681004128645
1,16,1,"Sandwich",0.944,3,1.13228808036359,0.970063223492494,1.23505056964493,"Sandwich",0.928,1.11879569210397,0.949146529154641,1.20201688345209
1,16,1,"Jackknife MVN",NA,NA,NA,NA,NA,"Jackknife MVN",NA,NA,NA,NA
1,16,1,"Jackknife Wald",NA,NA,NA,NA,NA,"Jackknife Wald",NA,NA,NA,NA
1,16,2,"LEF outcome",0.992,1,1.24586182035638,0.765035455859041,1.47181310830223,"LEF both",0.992,1.37146852939349,0.862837813701618,1.65090344247892
1,16,2,"LEF both",0.991,2,1.2435527184445,0.76485420099715,1.48475494334186,"LEF outcome",0.992,1.40105580634162,0.868935883386083,1.68826901038432
1,16,2,"Bootstrap",0.964,3,0.795440830989645,0.571580728348385,0.864160051571909,"Bootstrap",0.944,0.87508267336979,0.645373600193473,0.963127905009693
1,16,2,"Sandwich",0.924,4,0.988862615732683,0.667212271277586,1.09390658795927,"Sandwich",0.896,1.09736473285514,0.750420684036184,1.26918111112154
1,16,2,"Jackknife MVN",NA,NA,NA,NA,NA,"Jackknife MVN",NA,NA,NA,NA
1,16,2,"Jackknife Wald",NA,NA,NA,NA,NA,"Jackknife Wald",NA,NA,NA,NA
1,16,3,"LEF both",0.986,1,0.956129626142937,0.595718707716309,1.09566561356946,"LEF both",0.986,0.999229569844688,0.635890474368383,1.16038819494307
1,16,3,"LEF outcome",0.986,1,0.957854610023838,0.597818358881176,1.10056880012268,"LEF outcome",0.986,1.01952770185952,0.645299239430394,1.19084362294786
1,16,3,"Bootstrap",0.94,2,0.763903381496698,0.423326393687482,0.767554852162467,"Bootstrap",0.939,0.813340012493946,0.45182894997452,0.84816790242122
1,16,3,"Sandwich",0.886,3,0.772733617067199,0.482911402753996,0.812406191439126,"Sandwich",0.854,0.815879846597431,0.518366737787937,0.897019485570193
1,16,3,"Jackknife MVN",NA,NA,NA,NA,NA,"Jackknife MVN",NA,NA,NA,NA
1,16,3,"Jackknife Wald",NA,NA,NA,NA,NA,"Jackknife Wald",NA,NA,NA,NA
1,16,4,"LEF outcome",0.954,1,0.516956354426606,0.329478368147452,0.602694996077067,"LEF outcome",0.951,0.447053258695143,0.291920612639122,0.517709141951829
1,16,4,"LEF both",0.953,2,0.515994279959656,0.329446748030323,0.601634544665899,"LEF both",0.948,0.439468725847969,0.286776303305566,0.505985827170141
1,16,4,"Bootstrap",0.904,3,0.578821901472264,0.236936160973102,0.68337818244399,"Bootstrap",0.89,0.51736267582309,0.205723451673338,0.574105754132279
1,16,4,"Sandwich",0.833,4,0.415829462434694,0.259189620424195,0.460503083865262,"Sandwich",0.81,0.357334535250304,0.229096944536838,0.393083371938952
1,16,4,"Jackknife MVN",NA,NA,NA,NA,NA,"Jackknife MVN",NA,NA,NA,NA
1,16,4,"Jackknife Wald",NA,NA,NA,NA,NA,"Jackknife Wald",NA,NA,NA,NA
1,17,0,"LEF both",0.96,1,1.09450825154357,0.999500304005643,1.18337137813808,"Sandwich",0.964065708418891,1.07492692686323,0.973241240603639,1.16709041384971
1,17,0,"LEF outcome",0.96,1,1.09450825154357,0.999500304005644,1.18337137813808,"LEF both",0.961,1.11458739039472,1.01674750467649,1.20486443332627
1,17,0,"Sandwich",0.941717791411043,2,1.11346585714363,0.955563719301056,1.14242846228511,"LEF outcome",0.961,1.11458739039472,1.01674750467649,1.20486443332627
1,17,0,"Bootstrap",0.929,3,0.989739624269182,0.891568451679473,1.08330205256223,"Bootstrap",0.94,1.01040281875452,0.915109323858486,1.10777042532045
1,17,0,"Jackknife MVN",NA,NA,NA,NA,NA,"Jackknife MVN",NA,NA,NA,NA
1,17,0,"Jackknife Wald",NA,NA,NA,NA,NA,"Jackknife Wald",NA,NA,NA,NA
1,17,1,"LEF both",0.937,1,1.24800564802111,0.984732774475761,1.42192755219123,"LEF both",0.946,1.27710216146049,0.994021803839824,1.43214052303442
1,17,1,"LEF outcome",0.936,2,1.25291675093492,0.985939237879285,1.42927712344015,"LEF outcome",0.946,1.3001471406755,0.999257357814166,1.46739715679323
1,17,1,"Sandwich",0.919222903885481,3,1.12198164503764,0.885812243786834,1.24695943920644,"Sandwich",0.945585215605749,1.11722221244263,0.885273266406056,1.26052243945771
1,17,1,"Bootstrap",0.904,4,0.926843632851908,0.737067655383864,1.07743897984836,"Bootstrap",0.904,0.947328599914006,0.742776108270432,1.10988228888811
1,17,1,"Jackknife MVN",NA,NA,NA,NA,NA,"Jackknife MVN",NA,NA,NA,NA
1,17,1,"Jackknife Wald",NA,NA,NA,NA,NA,"Jackknife Wald",NA,NA,NA,NA
1,17,2,"LEF both",0.961,1,1.40417541740333,1.04667365044642,1.66097762817738,"LEF outcome",0.968,1.41393641309443,1.03126654242206,1.6281235157564
1,17,2,"LEF outcome",0.961,1,1.4092499365571,1.04777531480195,1.67281674799189,"LEF both",0.967,1.38999789574593,1.02075397174569,1.5937321100376
1,17,2,"Sandwich",0.902862985685072,2,1.14464127015717,0.843823649368414,1.3506690653719,"Sandwich",0.902464065708419,1.12294345544048,0.820221750747853,1.29190388289602
1,17,2,"Bootstrap",0.849,3,0.865000905436041,0.635807495026031,1.02951528569001,"Bootstrap",0.863,0.854510533968566,0.624938524923102,0.992246026441107
1,17,2,"Jackknife MVN",NA,NA,NA,NA,NA,"Jackknife MVN",NA,NA,NA,NA
1,17,2,"Jackknife Wald",NA,NA,NA,NA,NA,"Jackknife Wald",NA,NA,NA,NA
1,17,3,"LEF both",0.946,1,1.28200211250326,0.888008388470717,1.57524213936563,"LEF both",0.961,1.29951420513529,0.869863648173842,1.63517278441085
1,17,3,"LEF outcome",0.946,1,1.28519605362218,0.892821369410755,1.57842847743917,"LEF outcome",0.96,1.31623857085887,0.887103334928719,1.67027397934727
1,17,3,"Sandwich",0.843558282208589,2,1.04016370071416,0.680177465006052,1.28136024253571,"Sandwich",0.845995893223819,1.04951929912262,0.668599642241316,1.28234166028127
1,17,3,"Bootstrap",0.827,3,0.80653761751582,0.550335219188024,1.00581616690516,"Bootstrap",0.84,0.821400645006449,0.539909067107284,1.0212275345327
1,17,3,"Jackknife MVN",NA,NA,NA,NA,NA,"Jackknife MVN",NA,NA,NA,NA
1,17,3,"Jackknife Wald",NA,NA,NA,NA,NA,"Jackknife Wald",NA,NA,NA,NA
1,17,4,"LEF both",0.877,1,0.901608341235856,0.573743185471549,1.14843294549892,"LEF outcome",0.884,0.914610173589286,0.573837458623772,1.17566439478239
1,17,4,"LEF outcome",0.876,2,0.903318049282443,0.575373848372427,1.14874808015792,"LEF both",0.883,0.904428773842314,0.566218727324749,1.15460457499941
1,17,4,"Bootstrap",0.771,3,0.73801659885044,0.396578947070261,0.963012180303019,"Bootstrap",0.777,0.727524254366698,0.390514459519306,0.949906886234809
1,17,4,"Sandwich",0.750511247443763,4,0.747355336897537,0.438510679024469,0.930524328698371,"Sandwich",0.747433264887064,0.74379290186326,0.429470740962815,0.965294766449804
1,17,4,"Jackknife MVN",NA,NA,NA,NA,NA,"Jackknife MVN",NA,NA,NA,NA
1,17,4,"Jackknife Wald",NA,NA,NA,NA,NA,"Jackknife Wald",NA,NA,NA,NA
1,18,0,"Sandwich",0.95933734939759,1,1.14863404708136,1.00224523530297,1.27872317579205,"Sandwich",0.951588502269289,1.1367358829093,1.00152270751889,1.26155926659487
1,18,0,"LEF both",0.897,2,1.27490968620585,1.11722732005784,1.41630790240434,"LEF both",0.908,1.27741210358701,1.12172969660446,1.4048027020594
1,18,0,"LEF outcome",0.897,2,1.2749096862263,1.11722732005784,1.41630790240435,"LEF outcome",0.908,1.27741210358678,1.12172969660446,1.4048027020594
1,18,0,"Bootstrap",0.879,3,0.976734917266991,0.820627553865866,1.13511709013187,"Bootstrap",0.898,0.986177502770622,0.831598902690596,1.14119861900094
1,18,0,"Jackknife MVN",NA,NA,NA,NA,NA,"Jackknife MVN",NA,NA,NA,NA
1,18,0,"Jackknife Wald",NA,NA,NA,NA,NA,"Jackknife Wald",NA,NA,NA,NA
1,18,1,"Sandwich",0.896084337349398,1,1.17694945718825,0.751578799638086,1.48279538652711,"Sandwich",0.895612708018154,1.15100788619624,0.778650722900994,1.42053188863402
1,18,1,"LEF both",0.768,2,1.27708127026482,0.611046860001377,1.69868389396151,"LEF both",0.804,1.26662610991908,0.619814524159156,1.69889550653179
1,18,1,"LEF outcome",0.767,3,1.2847896613013,0.610989184965291,1.70968821374202,"LEF outcome",0.804,1.2975763784091,0.621818668811734,1.73455928895122
1,18,1,"Bootstrap",0.728,4,0.812645092775083,0.408691333472546,1.07980347378049,"Bootstrap",0.758,0.8054645042264,0.42461904370271,1.0600503293667
1,18,1,"Jackknife MVN",NA,NA,NA,NA,NA,"Jackknife MVN",NA,NA,NA,NA
1,18,1,"Jackknife Wald",NA,NA,NA,NA,NA,"Jackknife Wald",NA,NA,NA,NA
1,18,2,"Sandwich",0.786144578313253,1,0.901020587335035,0.44941527833238,1.21282375612624,"Sandwich",0.806354009077156,0.930835079323551,0.477141952337324,1.27560568135913
1,18,2,"LEF outcome",0.722,2,0.929547188587947,0.397204479983355,1.22370177158453,"LEF outcome",0.741,0.973053708991441,0.419190635710116,1.32462611165021
1,18,2,"LEF both",0.721,3,0.924721813712818,0.397221204551127,1.21680160704281,"LEF both",0.739,0.952968844387109,0.419062399676555,1.29236639767549
1,18,2,"Bootstrap",0.601,4,0.661128797273338,0.254621327143954,0.867566763034428,"Bootstrap",0.601,0.684101881686596,0.276347540170041,0.880160120177649
1,18,2,"Jackknife MVN",NA,NA,NA,NA,NA,"Jackknife MVN",NA,NA,NA,NA
1,18,2,"Jackknife Wald",NA,NA,NA,NA,NA,"Jackknife Wald",NA,NA,NA,NA
1,18,3,"LEF outcome",0.736,1,0.700611479357958,0.350591203273817,0.89387108826244,"Sandwich",0.723146747352496,0.627841730143589,0.296896163288332,0.842304535185836
1,18,3,"LEF both",0.734,2,0.697568204528376,0.351330323369475,0.884694260637024,"LEF both",0.716,0.63508962559748,0.308150415907752,0.826438629473181
1,18,3,"Sandwich",0.713855421686747,3,0.677761241565568,0.321255125119266,0.912563020226969,"LEF outcome",0.716,0.645809864291234,0.309495453546275,0.841805742806849
1,18,3,"Bootstrap",0.511,4,0.663367323420169,0.261937105331202,0.824586933675736,"Bootstrap",0.48,0.617453773382741,0.230950968394876,0.772935303211331
1,18,3,"Jackknife MVN",NA,NA,NA,NA,NA,"Jackknife MVN",NA,NA,NA,NA
1,18,3,"Jackknife Wald",NA,NA,NA,NA,NA,"Jackknife Wald",NA,NA,NA,NA
1,18,4,"LEF both",0.735,1,0.492037134446351,0.269013337863917,0.627736507666719,"LEF both",0.746,0.483197207349375,0.261923782768125,0.604013882063983
1,18,4,"LEF outcome",0.735,1,0.493701963008006,0.267737790087686,0.62994027214309,"LEF outcome",0.744,0.489961797978576,0.264950871525663,0.61663412990085
1,18,4,"Sandwich",0.689759036144578,2,0.470007657888539,0.24228759504958,0.606649242840142,"Sandwich",0.677760968229955,0.463424494945159,0.231895681752225,0.594332307455919
1,18,4,"Bootstrap",0.465,3,0.721741774199463,0.286223745503072,0.996819145074177,"Bootstrap",0.428,0.718927134195711,0.2699458217819,1.01140282224023
1,18,4,"Jackknife MVN",NA,NA,NA,NA,NA,"Jackknife MVN",NA,NA,NA,NA
1,18,4,"Jackknife Wald",NA,NA,NA,NA,NA,"Jackknife Wald",NA,NA,NA,NA
2,1,0,"LEF both",0.99,1,1.45750765238793,1.31928846881633,1.55492702005677,"LEF both",0.982,1.35793119515628,1.23008071764418,1.45620622329408
2,1,0,"LEF outcome",0.99,1,1.45750765238793,1.31928846881633,1.55492702005677,"LEF outcome",0.982,1.35793119515628,1.23008071764418,1.45620622329408
2,1,0,"Bootstrap",0.961,2,1.04734218051396,0.932367880896736,1.17148616384072,"Bootstrap",0.95,0.984540399001213,0.85664082327694,1.10731449592531
2,1,0,"Jackknife Wald",0.953,3,1.04259939656335,0.920809087413859,1.16430349035385,"Jackknife MVN",0.949532710280374,5.4844376867287,1.37748544018073,1.73783948671035
2,1,0,"Jackknife MVN",0.951219512195122,4,4.54871328480575,1.44585711609931,1.73696353300234,"Jackknife Wald",0.94,0.987085384791779,0.859372348172051,1.11845623113197
2,1,0,"Sandwich",0.947807933194154,5,1.22958545292023,1.13714158844909,1.33269800544894,"Sandwich",0.938733125649013,1.16594296573352,1.06349025456829,1.28158466234791
2,1,1,"LEF both",0.992,1,1.55854471764511,1.01798012818698,1.98431950750127,"LEF both",0.976,1.49949431605049,0.96991208320691,1.88948898428463
2,1,1,"LEF outcome",0.992,1,1.57380402602792,1.01890408677624,1.98944813143147,"LEF outcome",0.975,1.5695496649287,0.969876134589323,2.02198195729156
2,1,1,"Jackknife MVN",0.969981238273921,2,7.43827331066447,1.36060216940043,14.5663774938194,"Jackknife MVN",0.973831775700935,7.48553465140225,1.16016696545771,14.1085082538482
2,1,1,"Bootstrap",0.954,3,0.998392677071603,0.768634699082446,1.18481759733427,"Bootstrap",0.941,0.969064449591495,0.742335060598434,1.15514220206159
2,1,1,"Jackknife Wald",0.951,4,1.01134022881018,0.770346861368551,1.19195645958464,"Jackknife Wald",0.934,0.986242421184688,0.750837991796291,1.16521064740507
2,1,1,"Sandwich",0.92901878914405,5,1.25538615599299,0.866085831045131,1.55774738275353,"Sandwich",0.91484942886812,1.22539874488606,0.851885143051237,1.51111092045344
2,1,2,"LEF both",0.984,1,1.17070359229246,0.791012837059411,1.37057702672818,"LEF outcome",0.974,1.17930580813948,0.766036171814478,1.39483198933278
2,1,2,"LEF outcome",0.984,1,1.18247717968861,0.792817642158697,1.38347539321741,"LEF both",0.971,1.12705390030106,0.753400470877458,1.31413908126124
2,1,2,"Jackknife MVN",0.956848030018762,2,4.85944693872501,1.44912442787062,7.37806766898755,"Jackknife MVN",0.949532710280374,4.82894124411994,1.3358470271568,7.18675410865871
2,1,2,"Jackknife Wald",0.948,3,0.951270373685049,0.569643928902446,0.911134926813054,"Jackknife Wald",0.928,0.925992975448232,0.556841596987362,0.911370952935265
2,1,2,"Bootstrap",0.935,4,0.965504258855676,0.611545733129117,1.02910463041129,"Bootstrap",0.917,0.935480045461614,0.593447788581,1.0048394133733
2,1,2,"Sandwich",0.866388308977035,5,0.954812004081561,0.643055955399803,1.05173509586704,"Sandwich",0.844236760124611,0.944020521774076,0.640435474556607,1.05878084211708
2,1,3,"Jackknife MVN",0.966228893058161,1,2.51030618873779,1.07023567625117,3.42736119340372,"Jackknife MVN",0.955140186915888,2.36888663348236,1.20930628409067,3.18262619000709
2,1,3,"Jackknife Wald",0.962,2,0.889331952040752,0.359952773366654,0.772158856067464,"Jackknife Wald",0.941,0.880451929995293,0.34095966968829,0.769744875471183
2,1,3,"LEF outcome",0.949,3,0.664229091497231,0.480338943473088,0.774493178333981,"LEF outcome",0.933,0.615542229015297,0.447002334299355,0.711572915224547
2,1,3,"LEF both",0.948,4,0.658934700686177,0.481417744232535,0.76407767932956,"LEF both",0.928,0.593673588163966,0.436792243924352,0.678741705799635
2,1,3,"Bootstrap",0.887,5,0.754261253721193,0.397764626991499,0.915230594353881,"Bootstrap",0.871,0.711339242740079,0.373609103964489,0.880721454538423
2,1,3,"Sandwich",0.813152400835073,6,0.540187995231674,0.389598230782538,0.592871070948494,"Sandwich",0.787123572170301,0.501139432493942,0.362352977976922,0.56130910553973
2,1,4,"Jackknife MVN",0.98686679174484,1,1.92275187901566,0.810767902631315,2.65590765362002,"Jackknife MVN",0.966355140186916,1.71378705383185,0.897368675519308,2.31769202742958
2,1,4,"Jackknife Wald",0.979,2,0.904758533546109,0.319534385810012,0.799985394504869,"Jackknife Wald",0.963,0.892748435193465,0.293428102942424,0.823821453494733
2,1,4,"LEF outcome",0.923,3,0.576186212123951,0.421257776762148,0.68233082204624,"LEF outcome",0.902,0.499678203532146,0.370009957651173,0.583982260213659
2,1,4,"LEF both",0.921,4,0.572159773641503,0.42124306708602,0.677083988445644,"LEF both",0.899,0.484031793604741,0.361043588745371,0.564748013570921
2,1,4,"Bootstrap",0.897,5,0.690134814230929,0.355286953260583,0.837221756794242,"Bootstrap",0.858,0.626314667834295,0.329536690805305,0.762229558839388
2,1,4,"Sandwich",0.82776617954071,6,0.47462208668719,0.342091048079693,0.54427798546877,"Sandwich",0.782969885773624,0.413002173170704,0.297129957940241,0.475979947607379
2,2,0,"LEF both",0.993,1,1.40659377957562,1.23598100622082,1.48699679166773,"LEF both",0.992,1.38456379096991,1.22416507304485,1.45909391905659
2,2,0,"LEF outcome",0.993,1,1.40659377957086,1.23598100622082,1.48699679166773,"LEF outcome",0.992,1.38456379096943,1.22416507304485,1.45909391905659
2,2,0,"Jackknife MVN",0.982510288065844,2,4.30989865913779,1.37288596779727,1.76614818254392,"Jackknife MVN",0.990721649484536,3.98656387215413,1.38234139810282,1.76619005097042
2,2,0,"Sandwich",0.96374269005848,3,1.21264987804202,1.082322192345,1.28187332607922,"Sandwich",0.969802555168409,1.1964265430422,1.08836188550221,1.28438247153697
2,2,0,"Bootstrap",0.941,4,0.991118879479873,0.871447971788345,1.10597451723534,"Jackknife Wald",0.954,1.01001150113431,0.875739148038075,1.13676926122638
2,2,0,"Jackknife Wald",0.94,5,0.989665680649475,0.86915330556781,1.10824166921233,"Bootstrap",0.953,1.00464367444017,0.878711539599822,1.12801386706182
2,2,1,"LEF outcome",0.985,1,1.54657764819935,1.3151669248914,1.71153181051671,"LEF outcome",0.991,1.50239942911163,1.28978341132392,1.66853810582779
2,2,1,"LEF both",0.984,2,1.54275059597869,1.31315333213941,1.70561973202943,"LEF both",0.989,1.47991282261686,1.27335851621843,1.64468179643047
2,2,1,"Jackknife MVN",0.97119341563786,3,7.2463844796494,1.97396687837082,12.1077015926708,"Jackknife MVN",0.967010309278351,6.4728043153354,1.87581980642649,11.6631591219505
2,2,1,"Sandwich",0.938011695906433,4,1.26874093162373,1.09919099178118,1.38439879374864,"Jackknife Wald",0.93,1.00883221953236,0.803593606110257,1.15853621306868
2,2,1,"Jackknife Wald",0.924,5,1.01507066056019,0.825182602795501,1.17411295131927,"Sandwich",0.91869918699187,1.24149154156147,1.1027680886051,1.36481401264945
2,2,1,"Bootstrap",0.922,6,0.981807536975404,0.831653102867236,1.13117591370865,"Bootstrap",0.914,0.965590023593469,0.806000528426343,1.1187142403551
2,2,2,"Jackknife MVN",0.968106995884774,1,5.71855723636004,3.11984949038987,7.29206125230129,"LEF outcome",0.979,1.28387895546434,0.998628092568238,1.54951144796023
2,2,2,"LEF both",0.968,2,1.30823622816706,0.995328121820222,1.5890525183822,"LEF both",0.976,1.25822656986404,0.984779904519539,1.51082451017066
2,2,2,"LEF outcome",0.965,3,1.31281393023765,1.0079034422045,1.59312677314732,"Jackknife MVN",0.951546391752577,5.16656080700125,2.59319969756912,6.81536757856862
2,2,2,"Jackknife Wald",0.916,4,1.04240993302484,0.714164328676622,1.25766068806496,"Jackknife Wald",0.91,1.05171526113477,0.70175041126481,1.27806270656388
2,2,2,"Sandwich",0.885380116959064,5,1.09377467778059,0.814726487638698,1.3241132654696,"Sandwich",0.879210220673635,1.08349975737288,0.818980161132983,1.29596117868678
2,2,2,"Bootstrap",0.869,6,0.925711108117978,0.688133897701144,1.12957680195405,"Bootstrap",0.864,0.919342089829439,0.676682791306249,1.11239869994801
2,2,3,"Jackknife MVN",0.966049382716049,1,3.57143233299792,2.46195023617627,4.4327215958753,"Jackknife MVN",0.948453608247423,3.3565345495569,2.15534697496126,4.24842169059106
2,2,3,"Jackknife Wald",0.923,2,1.06984310481508,0.554667302171209,1.39395992148887,"Jackknife Wald",0.91,1.05624953971502,0.548428024728789,1.3712069478433
2,2,3,"LEF outcome",0.909,3,0.934980083975894,0.656543483832849,1.17830908749107,"LEF outcome",0.906,0.918667913502993,0.658348627372871,1.13251723601434
2,2,3,"LEF both",0.908,4,0.931583853947584,0.653769097187689,1.17570029913542,"LEF both",0.903,0.899634891617421,0.64376058173045,1.10711519937802
2,2,3,"Bootstrap",0.825,5,0.84515969504414,0.52090394073048,1.09678405402835,"Sandwich",0.815331010452962,0.785503265804774,0.541340535706584,0.990672416602126
2,2,3,"Sandwich",0.811695906432749,6,0.791322242487796,0.521830627079552,1.02476859036337,"Bootstrap",0.803,0.830928597538185,0.521295290868843,1.07856374337493
2,2,4,"Jackknife MVN",0.957818930041152,1,2.4385988498394,1.7868235104539,2.98249533890527,"Jackknife MVN",0.952577319587629,2.33126240335923,1.58103857311019,2.95595713178852
2,2,4,"Jackknife Wald",0.917,2,1.12089330684669,0.415006427030431,1.50527513086905,"Jackknife Wald",0.904,1.05606582943167,0.421492112150148,1.37906990984038
2,2,4,"LEF both",0.83,3,0.652845791164933,0.445800516982476,0.819387087182534,"LEF outcome",0.829,0.643107743187299,0.455037365316664,0.783689002717774
2,2,4,"LEF outcome",0.83,3,0.655022966861405,0.445238640903546,0.822634868170392,"LEF both",0.82,0.629934049691239,0.445494339846384,0.763890607792825
2,2,4,"Bootstrap",0.793,4,0.786551990111463,0.42049722808754,1.05332718374892,"Bootstrap",0.771,0.763318656639632,0.423240247531395,1.0343973633888
2,2,4,"Sandwich",0.730994152046784,5,0.554575775552369,0.353754855645816,0.710354319654988,"Sandwich",0.738675958188153,0.548958496233283,0.367847904843684,0.68788966643233
2,3,0,"LEF both",0.985,1,1.68296789563584,1.40207444905276,1.95490752825565,"LEF both",0.973,1.58446822084844,1.3116540107978,1.83740172983969
2,3,0,"LEF outcome",0.985,1,1.68296789606446,1.40207444905276,1.95490752825565,"LEF outcome",0.973,1.58446822007494,1.3116540107978,1.83740172983969
2,3,0,"Sandwich",0.964194373401535,2,1.40525902531958,1.2243111121451,1.57022726145661,"Sandwich",0.936416184971098,1.35193642036349,1.17652749964968,1.51722303117627
2,3,0,"Jackknife MVN",0.895131086142322,3,6.81369539266162,1.82225919864784,17.4597357632622,"Jackknife Wald",0.85,0.980323460334289,0.758020321752298,1.21085331270844
2,3,0,"Jackknife Wald",0.883,4,1.02187003435427,0.808118380234985,1.22840021807917,"Jackknife MVN",0.847058823529412,6.7037339201623,1.77270222112685,17.217032498998
2,3,0,"Bootstrap",0.874,5,1.02217969803517,0.825638657562439,1.23336415778824,"Bootstrap",0.839,0.967040609427306,0.752785292372709,1.20158926378013
2,3,1,"LEF both",0.965,1,1.1370703441656,0.736680872436599,1.49665451443408,"LEF outcome",0.957,1.10953259691532,0.705971629355915,1.48153543648239
2,3,1,"LEF outcome",0.965,1,1.14122092901523,0.736653457884305,1.51581442733055,"LEF both",0.956,1.09276190743866,0.703420989955424,1.43432049319864
2,3,1,"Sandwich",0.91304347826087,2,1.22041203239192,0.668285994484531,1.53189735320443,"Sandwich",0.910404624277457,1.18234619025054,0.649550775104137,1.46473970723832
2,3,1,"Jackknife MVN",0.902621722846442,3,4.84009042645484,1.8982577135071,7.16600407252827,"Jackknife MVN",0.86078431372549,4.72212243686225,1.67111529569356,7.22767182409506
2,3,1,"Jackknife Wald",0.803,4,0.959410785457289,0.405649234968356,1.36752860391548,"Jackknife Wald",0.752,0.929467500259689,0.386895035109998,1.30982345934569
2,3,1,"Bootstrap",0.742,5,0.900051980732599,0.470011105671604,1.22572256179368,"Bootstrap",0.678,0.870082140620544,0.463266000163429,1.19725971688441
2,3,2,"Jackknife MVN",0.908239700374532,1,2.88900291913244,1.69101062512223,3.66050231290199,"LEF outcome",0.899,0.647305108667702,0.406883102656138,0.830202676322175
2,3,2,"LEF both",0.906,2,0.660726346399349,0.431038211971176,0.845749659923133,"LEF both",0.894,0.63803955053347,0.407039667311991,0.816924327767495
2,3,2,"LEF outcome",0.905,3,0.66284046433812,0.430521160619674,0.845747529642702,"Jackknife MVN",0.876470588235294,2.87135621935389,1.67102724075475,3.75803315385648
2,3,2,"Sandwich",0.820971867007673,4,0.712077773353171,0.375475312103475,0.883923461384417,"Sandwich",0.748554913294798,0.684216245893911,0.359105326491149,0.85835276638295
2,3,2,"Jackknife Wald",0.735,5,0.999871844583421,0.240958805993252,1.18713803116903,"Jackknife Wald",0.684,0.977165047254337,0.241190170526535,1.08651023280679
2,3,2,"Bootstrap",0.594,6,0.935125377572094,0.49264342215434,1.25614617109249,"Bootstrap",0.527,0.908197580150646,0.455252870776718,1.20853541732048
2,3,3,"Jackknife MVN",0.895131086142322,1,1.94779401970657,1.44736233657275,2.46885014416678,"Jackknife MVN",0.876470588235294,1.82019270702555,1.31816941315532,2.33451202813246
2,3,3,"LEF both",0.865,2,0.493806048211596,0.32697714216308,0.621119473474552,"LEF both",0.828,0.447974679574268,0.293148355504968,0.563169557460829
2,3,3,"LEF outcome",0.864,3,0.494623681049748,0.325961530485505,0.621053598478933,"LEF outcome",0.828,0.453434787770757,0.290904518990126,0.573262059192123
2,3,3,"Jackknife Wald",0.769,4,1.14232155427434,0.230930819966909,1.58630188294419,"Jackknife Wald",0.751,1.0925596967974,0.219971646307783,1.48109748613503
2,3,3,"Sandwich",0.721227621483376,5,0.548798104578535,0.306881674810295,0.699709006905851,"Sandwich",0.690751445086705,0.487896144090314,0.271290772844036,0.605803149748331
2,3,3,"Bootstrap",0.553,6,0.923553172142074,0.559410534774037,1.2034119039189,"Bootstrap",0.485,0.855227167342769,0.50239980450612,1.15845589214964
2,3,4,"Jackknife MVN",0.891385767790262,1,1.58555329421901,1.16413081255613,2.02572303167149,"Jackknife MVN",0.876470588235294,1.50954747066177,1.09705129607512,1.95855962392605
2,3,4,"LEF both",0.84,2,0.472240396080386,0.314635194909929,0.586683415482294,"Jackknife Wald",0.816,1.20733629442596,0.302059992787528,1.71965777208273
2,3,4,"LEF outcome",0.838,3,0.472598208544262,0.313982355201259,0.588600213366707,"LEF outcome",0.8,0.441100766177809,0.297617768827959,0.552833512643475
2,3,4,"Jackknife Wald",0.815,4,1.20749799181569,0.295678351283597,1.73895061859504,"LEF both",0.795,0.436872807306809,0.293394998468199,0.548264288016711
2,3,4,"Sandwich",0.754475703324808,5,0.535148240292177,0.352522726139427,0.657862439243623,"Sandwich",0.751445086705202,0.491036377147348,0.319855714533161,0.602103047460645
2,3,4,"Bootstrap",0.584,6,0.900745578747375,0.586609745798378,1.16385915980302,"Bootstrap",0.531,0.868084551748889,0.553825733231657,1.16219028718277
2,4,0,"LEF both",0.995,1,1.33755568235964,1.19766025265029,1.44213397659782,"LEF both",0.984,1.24596413012225,1.11943559675678,1.34925979676174
2,4,0,"LEF outcome",0.995,1,1.33755568235964,1.19766025265029,1.44213397659782,"LEF outcome",0.984,1.24596413012225,1.11943559675678,1.34925979676174
2,4,0,"Jackknife MVN",0.971209213051823,2,3.43484173303346,1.29212755829539,1.57402738742927,"Jackknife MVN",0.970204841713222,2.71277678082863,1.22666129872565,1.4729107528168
2,4,0,"Bootstrap",0.971,3,1.04258875582611,0.921567987592331,1.16160471232784,"Sandwich",0.94869109947644,1.11697105104297,1.01011059757259,1.21732501716142
2,4,0,"Jackknife Wald",0.961,4,1.03568748712728,0.913832806132291,1.14606257656977,"Bootstrap",0.948,0.986185600353188,0.873384725294831,1.09304102516948
2,4,0,"Sandwich",0.955208333333333,5,1.17826261151439,1.05637597567615,1.29134174425784,"Jackknife Wald",0.946,0.987454756283474,0.874905009278814,1.09736383810616
2,4,1,"LEF both",0.995,1,1.4736636506235,1.0043226771435,1.79444546135577,"LEF outcome",0.984,1.43572842682275,0.938932443630696,1.77257099442638
2,4,1,"LEF outcome",0.993,2,1.48203792873819,1.00534638731079,1.79387463713824,"LEF both",0.982,1.38654909430053,0.932861751376841,1.69707413240977
2,4,1,"Jackknife MVN",0.976967370441459,3,6.62168742927995,1.23382402783216,13.1102067871573,"Jackknife MVN",0.972067039106145,5.84487806481578,1.10809520680137,12.8495362390439
2,4,1,"Bootstrap",0.964,4,0.97723898390631,0.763785726325833,1.12785961164301,"Bootstrap",0.944,0.95151981041933,0.73300891791258,1.08545485334841
2,4,1,"Jackknife Wald",0.96,5,0.994160984638355,0.766887216535775,1.12338312958279,"Jackknife Wald",0.941,0.967023734285354,0.742559517843724,1.09405542716498
2,4,1,"Sandwich",0.922916666666667,6,1.19863158566944,0.856081981524152,1.42839989459442,"Sandwich",0.905759162303665,1.15352789873422,0.829471420744594,1.37869760579192
2,4,2,"LEF outcome",0.977,1,1.03986938809027,0.715414703498965,1.18409980544083,"LEF outcome",0.974,1.07606954726424,0.733852920551198,1.24547247933028
2,4,2,"LEF both",0.976,2,1.03325801445895,0.71509377201896,1.1804947660887,"LEF both",0.971,1.04179496886412,0.722995748492794,1.18066965646506
2,4,2,"Jackknife Wald",0.954,3,0.901334901753641,0.520690573218077,0.842918995770216,"Jackknife MVN",0.94413407821229,3.94929303311374,1.1122047095796,6.38115595068634
2,4,2,"Jackknife MVN",0.952015355086372,4,4.12535263241703,1.37052839418826,6.18847061566115,"Jackknife Wald",0.927,0.908606794212886,0.538252721236396,0.852561255265883
2,4,2,"Bootstrap",0.942,5,0.907274864707987,0.572086554933687,0.96908652252007,"Bootstrap",0.913,0.921417530420091,0.570977979812921,1.01209371502536
2,4,2,"Sandwich",0.863541666666667,6,0.862035809088736,0.584606684512231,0.937941535470276,"Sandwich",0.838743455497382,0.880110006501527,0.611433456337225,0.968115130673907
2,4,3,"Jackknife Wald",0.969,1,0.916903192217824,0.319478880368361,0.804672942926377,"Jackknife Wald",0.938,0.927665267342317,0.338070460210951,0.804834558051896
2,4,3,"Jackknife MVN",0.957773512476008,2,2.02019784934064,0.888933047937107,2.7522904037849,"Jackknife MVN",0.927374301675978,2.04919496305646,0.809045116301104,2.97900771279531
2,4,3,"LEF outcome",0.933,3,0.572431171971087,0.419879537770785,0.661965131642251,"LEF outcome",0.927,0.608605940787174,0.440780705018434,0.707871285989648
2,4,3,"LEF both",0.932,4,0.569441216516631,0.420253061055515,0.652233585666068,"LEF both",0.925,0.592027364361758,0.43467401463417,0.690507901398337
2,4,3,"Bootstrap",0.885,5,0.695326173456566,0.35532381793868,0.868588222567051,"Bootstrap",0.868,0.730879896449452,0.381735848017958,0.861024965498619
2,4,3,"Sandwich",0.817708333333333,6,0.479498830934589,0.348328917930109,0.526225515587003,"Sandwich",0.791623036649215,0.503873458744044,0.363040294448664,0.555755259224092
2,4,4,"Jackknife Wald",0.972,1,0.923316365923647,0.307673254678976,0.839313954926426,"Jackknife MVN",0.975791433891993,1.59840523835413,0.631488219794559,2.28638142611942
2,4,4,"Jackknife MVN",0.965451055662188,2,1.63484600073431,0.758131208221292,2.2447825162275,"Jackknife Wald",0.961,0.942594164296072,0.314156967915616,0.856028269391933
2,4,4,"LEF outcome",0.91,3,0.52404183180169,0.386820693244555,0.604890705061254,"LEF outcome",0.901,0.532436186073687,0.384364587989142,0.624767509414208
2,4,4,"LEF both",0.909,4,0.521666930158598,0.387868866315101,0.600353192254564,"LEF both",0.897,0.519489170068182,0.377544881026788,0.617757866235537
2,4,4,"Bootstrap",0.88,5,0.655338086673591,0.34223826198059,0.806168798944525,"Bootstrap",0.853,0.674124926534155,0.355831970240813,0.828096781204627
2,4,4,"Sandwich",0.816666666666667,6,0.445125461582775,0.322442931197947,0.514662550781276,"Sandwich",0.801047120418848,0.447823048086697,0.316888014724707,0.516936047406878
2,5,0,"LEF both",0.989,1,1.33374819730274,1.18306702708906,1.42914114466406,"LEF both",0.993,1.30760086005572,1.1591925305832,1.41610042808208
2,5,0,"LEF outcome",0.989,1,1.33374819730161,1.18306702708906,1.42914114466406,"LEF outcome",0.993,1.30760086004229,1.1591925305832,1.41610042808208
2,5,0,"Jackknife MVN",0.979274611398964,2,2.8224065074157,1.30917672084821,1.64297971066399,"Jackknife MVN",0.989440337909187,2.85303896244562,1.29288832796763,1.65961103258153
2,5,0,"Sandwich",0.959183673469388,3,1.161622498196,1.0422275874244,1.26263971256352,"Sandwich",0.971783295711061,1.16347475174507,1.04621631402813,1.25882637230186
2,5,0,"Bootstrap",0.943,4,1.00659182603879,0.877253150235253,1.12558808459879,"Bootstrap",0.947,1.00557486088558,0.882030845821677,1.11829762523156
2,5,0,"Jackknife Wald",0.943,4,1.00570964555999,0.864003328982497,1.1261202246849,"Jackknife Wald",0.945,1.00932455422756,0.884474581108381,1.12497547364493
2,5,1,"LEF both",0.985,1,1.4200190882501,1.17246779200928,1.61246686048919,"LEF outcome",0.983,1.49313454206915,1.22450802498036,1.67911447026974
2,5,1,"LEF outcome",0.985,1,1.42503010547306,1.17435504835415,1.62254084508157,"LEF both",0.981,1.46267971453312,1.21105430159114,1.64029556071587
2,5,1,"Jackknife MVN",0.970984455958549,2,6.05817446131316,1.84092492530342,10.518543294338,"Jackknife MVN",0.971488912354805,6.21701143899394,1.89429572639683,10.9219611923146
2,5,1,"Sandwich",0.91609977324263,3,1.18421828564874,0.980505714947182,1.34337146967487,"Sandwich",0.928893905191874,1.23597797195956,1.02589200371696,1.36742672806929
2,5,1,"Jackknife Wald",0.911,4,0.995732840430196,0.773177250442034,1.16740912784761,"Jackknife Wald",0.926,1.03559386944402,0.807789470817607,1.20785757183326
2,5,1,"Bootstrap",0.904,5,0.946235207346436,0.771393661616488,1.09176566854682,"Bootstrap",0.914,0.991005263144247,0.816727665690824,1.14753472345707
2,5,2,"Jackknife MVN",0.960621761658031,1,4.65983454806271,2.43417015780757,6.20559669918815,"Jackknife MVN",0.955649419218585,4.72045938496002,2.52075731452851,6.25383797645835
2,5,2,"LEF both",0.952,2,1.17592869540198,0.873756874906998,1.45035313263123,"LEF outcome",0.955,1.22586764203375,0.923883825621639,1.48354348233967
2,5,2,"LEF outcome",0.95,3,1.18023907606053,0.874884218951629,1.45425505471836,"LEF both",0.951,1.19931733239676,0.915806189575544,1.44893647604052
2,5,2,"Jackknife Wald",0.911,4,1.0258425470051,0.66101678931221,1.27457484141303,"Jackknife Wald",0.906,1.0432106145603,0.685953819716518,1.280402835798
2,5,2,"Sandwich",0.854875283446712,5,1.00010929143627,0.726848089776827,1.22652644317355,"Sandwich",0.851015801354402,1.03051967047664,0.75812706605251,1.25338724372316
2,5,2,"Bootstrap",0.841,6,0.88097271618531,0.644565823102568,1.07609921262384,"Bootstrap",0.849,0.907321253305381,0.678605079650362,1.10849524086116
2,5,3,"Jackknife MVN",0.957512953367876,1,3.09519058897909,2.03730064776435,3.9333641266949,"Jackknife MVN",0.958817317845829,3.02248565460729,2.07580981814689,3.8542600047788
2,5,3,"Jackknife Wald",0.906,2,1.06125458346683,0.545158782941064,1.38140348343622,"Jackknife Wald",0.909,1.07140923173127,0.55451535680581,1.37088003172916
2,5,3,"LEF outcome",0.884,3,0.858075111712954,0.594522974516467,1.0625469776555,"LEF outcome",0.885,0.860017639851055,0.614883647233006,1.06926829565788
2,5,3,"LEF both",0.883,4,0.855387550382628,0.593902609368127,1.05714514605331,"LEF both",0.879,0.842919330684386,0.594895370707656,1.05117247425813
2,5,3,"Bootstrap",0.805,5,0.819893923489467,0.508115205503623,1.0635323265852,"Bootstrap",0.808,0.823217812179915,0.526161955207035,1.06353529363295
2,5,3,"Sandwich",0.773242630385488,6,0.732878262568192,0.488353140792674,0.906265780858164,"Sandwich",0.762979683972912,0.739575621850219,0.504990272795152,0.945571307539379
2,5,4,"Jackknife MVN",0.961658031088083,1,2.11145515730813,1.46960804154191,2.661270456447,"Jackknife MVN",0.955649419218585,1.97077073064532,1.4161961571986,2.49617195468059
2,5,4,"Jackknife Wald",0.9,2,1.05657698888594,0.412729001804811,1.34679224120836,"Jackknife Wald",0.904,1.04040937807575,0.39568814551109,1.28878193329898
2,5,4,"LEF both",0.795,3,0.591621806930209,0.404270403468602,0.725208311666692,"LEF outcome",0.785,0.564378613826618,0.394221598404467,0.702805700416769
2,5,4,"LEF outcome",0.793,4,0.593419876366344,0.402778191732096,0.728496414418818,"LEF both",0.78,0.553461157059576,0.384784540404942,0.692149813509065
2,5,4,"Bootstrap",0.757,5,0.73634479338382,0.405097731697677,0.957240813019734,"Bootstrap",0.755,0.70791726298684,0.398356785826751,0.91987539044948
2,5,4,"Sandwich",0.700680272108844,6,0.507030439731351,0.32915320329527,0.620423136026226,"Sandwich",0.68961625282167,0.489557500716463,0.321312646034333,0.620197079275598
2,6,0,"LEF both",0.977,1,1.51490062369145,1.26638698199506,1.76728620252752,"LEF both",0.978,1.43921055781398,1.19092894162898,1.66744733787161
2,6,0,"LEF outcome",0.977,1,1.51490062365612,1.26638698199506,1.76728620252752,"LEF outcome",0.978,1.43921055778102,1.19092894162898,1.66744733787161
2,6,0,"Sandwich",0.971910112359551,2,1.30306226910907,1.12191673094721,1.4523286074116,"Sandwich",0.938337801608579,1.25459306984306,1.0771934097287,1.39932507541298
2,6,0,"Jackknife MVN",0.888015717092338,3,6.15058730291856,1.66142709135971,15.7069042755049,"Jackknife MVN",0.865030674846626,5.85333480746738,1.59072473873052,15.1754765382925
2,6,0,"Jackknife Wald",0.876,4,1.00611557825056,0.752037640890788,1.22798608706004,"Jackknife Wald",0.859,0.975807565939285,0.746886180974865,1.1838425138365
2,6,0,"Bootstrap",0.864,5,0.993692394831675,0.769040312401302,1.22086481562084,"Bootstrap",0.847,0.960298018505072,0.751822413204359,1.16973508580601
2,6,1,"LEF outcome",0.951,1,1.02734117809847,0.672280872673884,1.35150569921925,"LEF outcome",0.926,1.02828197281921,0.666252452294092,1.35180674258507
2,6,1,"LEF both",0.95,2,1.02334965301432,0.672398021259008,1.3492165174183,"LEF both",0.925,1.01015290222727,0.66571573992688,1.31551893408234
2,6,1,"Sandwich",0.898876404494382,3,1.0684237321138,0.623555431177316,1.39715480585199,"Sandwich",0.892761394101877,1.09276833395268,0.643442806163634,1.37735931820269
2,6,1,"Jackknife MVN",0.895874263261297,4,4.54808825015898,1.8891970815929,6.42986586040304,"Jackknife MVN",0.883435582822086,4.54972532204089,1.74925365903595,6.62606458301038
2,6,1,"Jackknife Wald",0.772,5,0.899687784445111,0.380676425406797,1.20710404995772,"Jackknife Wald",0.762,0.913980630086828,0.399296174194047,1.23820963771129
2,6,1,"Bootstrap",0.699,6,0.824340207826597,0.430992904530532,1.09992040292747,"Bootstrap",0.691,0.837524273585992,0.46173899457412,1.13513208068371
2,6,2,"Jackknife MVN",0.901768172888016,1,2.86356253168407,2.13535797964835,3.53774790477333,"Jackknife MVN",0.89161554192229,2.83482405164553,1.86177056058692,3.60122551406223
2,6,2,"LEF outcome",0.892,2,0.628876808133295,0.407838622211242,0.792228648491454,"LEF outcome",0.851,0.624224224071359,0.398061450634829,0.794852849792751
2,6,2,"LEF both",0.89,3,0.627036111843972,0.409158144897221,0.780684204260607,"LEF both",0.844,0.614634280518695,0.395815904331503,0.776121904861687
2,6,2,"Sandwich",0.76685393258427,4,0.675722690265225,0.367775420969396,0.851184099111684,"Sandwich",0.758713136729222,0.664850439456992,0.365520765814729,0.848356563560756
2,6,2,"Jackknife Wald",0.709,5,0.934761307116977,0.240880348737431,1.06365919276832,"Jackknife Wald",0.711,0.91049995758396,0.252699505288494,1.12120446190469
2,6,2,"Bootstrap",0.563,6,0.854564986464416,0.426600772528218,1.14186116586588,"Bootstrap",0.563,0.823977115789913,0.414617163881508,1.11675771381808
2,6,3,"Jackknife MVN",0.888015717092338,1,2.01205770943037,1.64120930180719,2.48125870575717,"Jackknife MVN",0.89161554192229,1.88869082099797,1.46702602044694,2.38057914130817
2,6,3,"LEF both",0.846,2,0.484540308188696,0.323165792873005,0.596423156719232,"LEF outcome",0.796,0.46216184805102,0.305485795770914,0.575992064524391
2,6,3,"LEF outcome",0.845,3,0.485323670733984,0.322267027968978,0.6010635053922,"LEF both",0.795,0.456282232435451,0.304843690537514,0.563368332094687
2,6,3,"Jackknife Wald",0.749,4,1.06405604758268,0.253038463660633,1.446747156471,"Jackknife Wald",0.752,1.03371754057584,0.228673963635793,1.37354341699203
2,6,3,"Sandwich",0.73314606741573,5,0.523624337221536,0.311817026048576,0.651562540534586,"Sandwich",0.694369973190349,0.491239433452158,0.307136945171044,0.613086006825836
2,6,3,"Bootstrap",0.532,6,0.857581608021466,0.519528340337854,1.13585084436358,"Bootstrap",0.509,0.825329940582823,0.485100819895831,1.10391784184771
2,6,4,"Jackknife MVN",0.895874263261297,1,1.71400007113505,1.3614095420856,2.13249222451869,"Jackknife MVN",0.879345603271984,1.55749442819064,1.18190398208174,1.99574716415328
2,6,4,"LEF both",0.801,2,0.477224515608722,0.318236902228785,0.601258092338288,"Jackknife Wald",0.79,1.11610680319822,0.300079615312739,1.61886590994996
2,6,4,"LEF outcome",0.8,3,0.477645576554268,0.317195374987117,0.604974979946634,"LEF outcome",0.778,0.438965158200043,0.294139692684309,0.550677982256915
2,6,4,"Jackknife Wald",0.796,4,1.1665853207072,0.322797217477372,1.62702587226039,"LEF both",0.773,0.434212415641262,0.290405437905576,0.545025210888484
2,6,4,"Sandwich",0.786516853932584,5,0.524993541869607,0.360435961313205,0.657549956409685,"Sandwich",0.723860589812332,0.479181353686419,0.320995566525519,0.615185540476538
2,6,4,"Bootstrap",0.562,6,0.872156550733035,0.556913301933893,1.14485508882761,"Bootstrap",0.525,0.819726120889012,0.532049444847859,1.08147072742855
2,7,0,"LEF both",0.988,1,1.18263717181766,1.05660130266889,1.28916090352148,"LEF both",0.973,1.12179032253066,1.0119199069396,1.22100955693057
2,7,0,"LEF outcome",0.988,1,1.18263717181766,1.05660130266889,1.28916090352148,"LEF outcome",0.973,1.12179032253066,1.0119199069396,1.22100955693057
2,7,0,"Jackknife MVN",0.966850828729282,2,1.53637998557337,1.09864413054598,1.33609779087271,"Jackknife MVN",0.972972972972973,1.3587917780426,1.05937256905996,1.28652354915913
2,7,0,"Bootstrap",0.962,3,1.03068258455701,0.915273360838949,1.13261877837362,"Jackknife Wald",0.954,0.995619797576993,0.887429016409322,1.09200241475698
2,7,0,"Jackknife Wald",0.955,4,1.02966928433232,0.923038515920574,1.13585313604762,"Sandwich",0.948851774530271,1.06521517607367,0.952793755327028,1.16051087997503
2,7,0,"Sandwich",0.943514644351464,5,1.09788662970088,0.981968839098123,1.19839155867241,"Bootstrap",0.948,0.990217443082232,0.879942505474711,1.08794539104477
2,7,1,"LEF both",0.991,1,1.41860951458982,1.07276101912729,1.67078238602019,"LEF outcome",0.992,1.37624669655043,1.05164203014515,1.58970976573916
2,7,1,"LEF outcome",0.991,1,1.41485914132841,1.06712000615968,1.65330880741292,"LEF both",0.99,1.35116169757482,1.04468001412964,1.57648897236863
2,7,1,"Jackknife MVN",0.965009208103131,2,5.52223448470831,1.46710684106707,11.7286030515442,"Jackknife MVN",0.959459459459459,4.75291591565431,1.35450334621455,11.1848849466174
2,7,1,"Jackknife Wald",0.965,3,1.03870469018035,0.825010460066491,1.17999129585979,"Jackknife Wald",0.955,0.99027007047924,0.790185453859837,1.11919115052272
2,7,1,"Bootstrap",0.96,4,1.02020977978129,0.824674684598756,1.16171599042663,"Bootstrap",0.954,0.984929727547388,0.788923611854345,1.10656979013878
2,7,1,"Sandwich",0.925732217573222,5,1.18361640305902,0.924911686394137,1.38340975907555,"Sandwich",0.930062630480167,1.1459532815273,0.900426369923554,1.30373497380634
2,7,2,"LEF both",0.976,1,0.903113549736619,0.656214338288956,1.02839494826417,"LEF outcome",0.973,1.01611156238765,0.738375737615447,1.2078543066624
2,7,2,"LEF outcome",0.976,1,0.902676842717995,0.653379574927041,1.03409803753138,"LEF both",0.97,0.994961219150338,0.728181358640818,1.17412408465458
2,7,2,"Jackknife Wald",0.968,2,0.863865797669916,0.491874944847281,0.855673992595471,"Jackknife MVN",0.967181467181467,3.47190631396213,1.22495556573066,5.30691928197456
2,7,2,"Jackknife MVN",0.96316758747698,3,3.2346746010686,1.13960059062081,4.86957435298697,"Jackknife Wald",0.956,0.961345392547994,0.545199355269048,0.955840665279263
2,7,2,"Bootstrap",0.945,4,0.848424357511387,0.540247523066815,0.959967676758363,"Bootstrap",0.929,0.944370422020967,0.587882734699343,1.08816485289278
2,7,2,"Sandwich",0.871338912133891,5,0.765726934197993,0.555341296403108,0.856931903137358,"Sandwich",0.860125260960334,0.840909306971123,0.610704586688774,0.944672730116424
2,7,3,"Jackknife Wald",0.973,1,0.991060313675734,0.359703304930211,0.939561059480108,"Jackknife Wald",0.971,0.949255008857174,0.344527568527007,0.92948505790847
2,7,3,"Jackknife MVN",0.957642725598527,2,1.91109832892668,0.942327956107369,2.61709884550657,"Jackknife MVN",0.965250965250965,1.77533851526916,0.855014464256096,2.49441238605968
2,7,3,"LEF both",0.908,3,0.585535780804022,0.428246660439279,0.684990561555678,"LEF outcome",0.912,0.56684321365493,0.42446842607382,0.661317823918404
2,7,3,"LEF outcome",0.907,4,0.585790347952617,0.424693202877458,0.681905223922305,"LEF both",0.911,0.556044595947994,0.416388265212524,0.640386939369679
2,7,3,"Bootstrap",0.888,5,0.733742079614404,0.385473266813522,0.909071415766628,"Bootstrap",0.872,0.708973848977584,0.389661936339885,0.859480852524519
2,7,3,"Sandwich",0.808577405857741,6,0.500979085793216,0.365147870635683,0.566035345410571,"Sandwich",0.793319415448852,0.48033916078776,0.34962760458904,0.551867107425087
2,7,4,"Jackknife Wald",0.972,1,0.971610382511438,0.34334941706035,1.0194940346254,"Jackknife Wald",0.97,0.937567618194057,0.325750520530182,0.94626273759317
2,7,4,"Jackknife MVN",0.965009208103131,2,1.49071775674338,0.660227761357409,2.0711921856137,"Jackknife MVN",0.955598455598456,1.3960178226991,0.634907640105362,1.96480430857236
2,7,4,"LEF both",0.869,3,0.514709031935736,0.376091525993632,0.609313240740014,"LEF outcome",0.871,0.496195791332455,0.370684890215767,0.579157436812282
2,7,4,"LEF outcome",0.869,3,0.514731017389174,0.376531866866864,0.60282417298471,"LEF both",0.869,0.488015560955604,0.363965766854864,0.566486564758286
2,7,4,"Bootstrap",0.86,4,0.66787788398748,0.354767691488755,0.829700418191899,"Bootstrap",0.861,0.649130095288533,0.360041496388072,0.80531309035271
2,7,4,"Sandwich",0.817991631799163,5,0.445990129097512,0.319160779697527,0.517358119275905,"Sandwich",0.792275574112735,0.42628816474204,0.305104299582139,0.499992643219901
2,8,0,"LEF both",0.981,1,1.20650255177591,1.06657616869692,1.31965539759443,"Jackknife MVN",0.975473801560758,2.24643878246547,1.15166728505253,1.45571833048842
2,8,0,"LEF outcome",0.981,1,1.20650255177386,1.06657616869692,1.31965539759443,"LEF both",0.971,1.18643389872913,1.04333716901658,1.2872272294564
2,8,0,"Jackknife MVN",0.980176211453744,2,2.02741834811053,1.16107613401988,1.46625279207943,"LEF outcome",0.971,1.18643389876507,1.04333716901658,1.2872272294564
2,8,0,"Sandwich",0.955257270693512,3,1.09130049616235,0.965573571677035,1.20013895525683,"Sandwich",0.959367945823928,1.09140442410023,0.953861347267337,1.17795239538611
2,8,0,"Jackknife Wald",0.932,4,1.00645387855677,0.85963722001332,1.14707063360266,"Jackknife Wald",0.939,0.979193011365689,0.841834532460134,1.10656129880928
2,8,0,"Bootstrap",0.926,5,0.997633051073887,0.860265404869324,1.13073622927528,"Bootstrap",0.931,0.966015148731539,0.842488218410083,1.08748360098532
2,8,1,"LEF both",0.967,1,1.25652900855834,1.00192822001146,1.44692480057953,"Jackknife MVN",0.969899665551839,4.53800096475802,1.58063518579327,8.25875905359616
2,8,1,"LEF outcome",0.967,1,1.26381573320234,1.00692943050103,1.46020755541068,"LEF outcome",0.963,1.23985307807583,0.983380495837582,1.46122910532904
2,8,1,"Jackknife MVN",0.963656387665198,2,4.63866430578033,1.61837456500572,8.45247879198374,"LEF both",0.958,1.21119053940756,0.972713076677321,1.41496530361154
2,8,1,"Sandwich",0.909395973154362,3,1.0990907317149,0.868979647851767,1.26252900916857,"Jackknife Wald",0.899,0.946272052548909,0.683032197248273,1.11438691603538
2,8,1,"Jackknife Wald",0.9,4,0.993928893075655,0.726308515653878,1.14699423234983,"Sandwich",0.898419864559819,1.068109661955,0.846490129677667,1.22805195190898
2,8,1,"Bootstrap",0.882,5,0.922494137636082,0.72776410136925,1.08201736632059,"Bootstrap",0.875,0.893240739793429,0.687819340528615,1.05353112864694
2,8,2,"Jackknife MVN",0.950440528634361,1,3.64435190213953,1.91665499485729,4.89159318636309,"Jackknife MVN",0.945373467112598,3.64558134730976,1.96908359302046,4.89836259271027
2,8,2,"LEF both",0.92,2,1.03851581020281,0.759412082521469,1.26545602766519,"LEF outcome",0.913,1.03657702310029,0.777602085123607,1.25266956495758
2,8,2,"LEF outcome",0.919,3,1.04336172396978,0.765362907341291,1.27602202753545,"LEF both",0.908,1.01722755051825,0.757566312826764,1.22871825106984
2,8,2,"Jackknife Wald",0.895,4,1.03191224130907,0.642308446002048,1.2657878977745,"Jackknife Wald",0.89,0.998012675038555,0.631971127005587,1.22205044331574
2,8,2,"Bootstrap",0.83,5,0.852911625938953,0.617157346580556,1.0435372950681,"Bootstrap",0.815,0.841792220072669,0.609287362953206,1.03191704924764
2,8,2,"Sandwich",0.814317673378076,6,0.913413058810688,0.646938920602033,1.11570294883891,"Sandwich",0.811512415349887,0.907647728480216,0.657166127678078,1.0996617737328
2,8,3,"Jackknife MVN",0.95374449339207,1,2.4448260687933,1.63449423904503,3.15326088862554,"Jackknife MVN",0.937569676700111,2.47393028773522,1.52802842210867,3.22168952638133
2,8,3,"Jackknife Wald",0.899,2,1.05703156214303,0.540766783756079,1.39419428739243,"Jackknife Wald",0.891,1.06858204666451,0.538305641906542,1.39377483947293
2,8,3,"LEF both",0.819,3,0.75663005161747,0.523376565748141,0.948409750430214,"LEF outcome",0.817,0.755417339371271,0.528422103752838,0.946519206878784
2,8,3,"LEF outcome",0.815,4,0.759007191758016,0.523845690422731,0.95101534817164,"LEF both",0.814,0.743662459482156,0.52290641687187,0.931525345292529
2,8,3,"Bootstrap",0.781,5,0.792343737761753,0.511556406483001,1.00988749994518,"Bootstrap",0.768,0.793656860818111,0.511177816359332,1.01778197837382
2,8,3,"Sandwich",0.722595078299776,6,0.671250017371995,0.427427232798061,0.845093176511848,"Sandwich",0.725733634311512,0.674416055940729,0.452904670590253,0.85267033010072
2,8,4,"Jackknife MVN",0.950440528634361,1,1.89587615951467,1.33257917806655,2.42052182938163,"Jackknife MVN",0.939799331103679,1.83901113406524,1.21925166178373,2.35215426551665
2,8,4,"Jackknife Wald",0.887,2,1.13721235795942,0.471818568492109,1.45504823395952,"Jackknife Wald",0.895,1.15197658256826,0.448800005036702,1.47725552712569
2,8,4,"Bootstrap",0.759,3,0.773796648602706,0.452323827291632,1.01210177238163,"Bootstrap",0.757,0.756247837742032,0.441913354029027,0.959774560834175
2,8,4,"LEF both",0.737,4,0.58533746877757,0.39590020483062,0.735283870118697,"LEF outcome",0.729,0.554288486192375,0.380976749407746,0.692373378241219
2,8,4,"LEF outcome",0.737,4,0.586839963788198,0.397480562475513,0.740500258537338,"LEF both",0.728,0.545990588129007,0.374765846046951,0.679674615417639
2,8,4,"Sandwich",0.645413870246085,5,0.517242444759652,0.324038335937534,0.655521866414789,"Sandwich",0.656884875846501,0.494961511077015,0.326340795481709,0.634705418607133
2,9,0,"LEF both",0.95,1,1.33774740884972,1.11278733888841,1.56605376717554,"LEF both",0.94,1.27716618928491,1.04929913421461,1.50647976231443
2,9,0,"LEF outcome",0.95,1,1.33774740936617,1.11278733888841,1.56605376717554,"LEF outcome",0.94,1.27716618920358,1.04929913421461,1.50647976231443
2,9,0,"Sandwich",0.944020356234097,2,1.20294837492506,1.03014545974188,1.35569004357568,"Sandwich",0.926582278481013,1.14133387503616,0.974354552166995,1.29398617374579
2,9,0,"Jackknife Wald",0.858,3,0.989628263467192,0.745590999893432,1.23923321887751,"Jackknife MVN",0.867647058823529,4.92926064520558,1.3934692823606,12.7677588555636
2,9,0,"Bootstrap",0.844,4,0.963852657695371,0.74004438950186,1.18988854858526,"Jackknife Wald",0.856,0.979048250283543,0.762401449699593,1.22374673638601
2,9,0,"Jackknife MVN",0.842829076620825,5,5.28690526966082,1.43418050585342,13.3154677326146,"Bootstrap",0.835,0.941016375511292,0.731837453300426,1.16747170264895
2,9,1,"LEF both",0.896,1,0.954582854838156,0.63639318606793,1.21939558318617,"Sandwich",0.906329113924051,0.972359161363313,0.587561549231865,1.20409764210943
2,9,1,"LEF outcome",0.896,1,0.96022621543851,0.634948263968248,1.23319607324594,"Jackknife MVN",0.892857142857143,3.69411837178062,1.31615227826195,5.50867543266265
2,9,1,"Sandwich",0.875318066157761,2,1.00149444478515,0.612403412353257,1.32116871803192,"LEF outcome",0.878,0.926129732336489,0.593039129230838,1.18778540657541
2,9,1,"Jackknife MVN",0.862475442043222,3,3.90675367087199,1.27396965085066,5.77253402982517,"LEF both",0.877,0.907609618249177,0.594968957072236,1.16572078338504
2,9,1,"Jackknife Wald",0.761,4,0.877786220452385,0.404159294709954,1.15597375759032,"Jackknife Wald",0.782,0.902615270341837,0.402801736442933,1.18972109220118
2,9,1,"Bootstrap",0.679,5,0.786479314403429,0.440396240385031,1.04658167077974,"Bootstrap",0.696,0.787612460055807,0.424195061177977,1.04355723457534
2,9,2,"Jackknife MVN",0.87426326129666,1,2.70897649073977,1.82150013650905,3.37835702771125,"Jackknife MVN",0.880252100840336,2.72613731850259,1.65899700881473,3.57348007181742
2,9,2,"LEF both",0.829,2,0.633101104840277,0.420867570825581,0.793602011882218,"LEF outcome",0.815,0.674612184813803,0.431464027370747,0.872676710625142
2,9,2,"LEF outcome",0.828,3,0.635589661791455,0.41983570459412,0.798476693734731,"LEF both",0.814,0.663471182058992,0.429665693745295,0.847660174607636
2,9,2,"Sandwich",0.712468193384224,4,0.675021474136367,0.38718107525,0.892253328805304,"Sandwich",0.779746835443038,0.713909463598931,0.416815428743236,0.912532177784005
2,9,2,"Jackknife Wald",0.699,5,0.872642187996528,0.277304223169465,1.06800394849164,"Jackknife Wald",0.705,0.954595788502989,0.299016457445611,1.21874048378464
2,9,2,"Bootstrap",0.556,6,0.766452151260611,0.380185597002249,1.0236847360343,"Bootstrap",0.576,0.835401710025572,0.42951428744348,1.10628459635392
2,9,3,"Jackknife MVN",0.852652259332024,1,1.99048319110399,1.63562334557013,2.49490070438277,"Jackknife MVN",0.878151260504202,1.86514526319244,1.34727248392788,2.38319486356402
2,9,3,"LEF outcome",0.777,2,0.516280514083267,0.347739895563383,0.644629064008885,"LEF outcome",0.779,0.490933133195544,0.325582639698745,0.627210003811799
2,9,3,"LEF both",0.776,3,0.515118837181288,0.349340718584878,0.642638179977407,"LEF both",0.768,0.484691183374147,0.322038401338886,0.611701896245366
2,9,3,"Jackknife Wald",0.744,4,1.05252138999276,0.286589827936192,1.45497614024555,"Jackknife Wald",0.733,1.05293548545818,0.265027505130638,1.43737244786132
2,9,3,"Sandwich",0.689567430025445,5,0.536484573889206,0.341625286807564,0.687501083083001,"Sandwich",0.718987341772152,0.516654708885766,0.316364270747008,0.66205476636831
2,9,3,"Bootstrap",0.504,6,0.803845469829731,0.465208809965413,1.0759922729748,"Bootstrap",0.515,0.798532503776162,0.469849701025785,1.04571456753636
2,9,4,"Jackknife MVN",0.833005893909627,1,1.60809520979037,1.25724930276043,2.02830458883792,"Jackknife MVN",0.850840336134454,1.57436966634026,1.18904543880944,2.00181941449315
2,9,4,"Jackknife Wald",0.778,2,1.12115387734701,0.329233491176663,1.59883885086362,"Jackknife Wald",0.766,1.15205284423825,0.308012920709742,1.59716866724248
2,9,4,"LEF outcome",0.731,3,0.473096982524674,0.320669331178513,0.579687294557102,"LEF outcome",0.728,0.460192370273595,0.306221198151299,0.586621807232446
2,9,4,"LEF both",0.728,4,0.472492058691079,0.321225034703838,0.581275656022164,"LEF both",0.726,0.455586159891414,0.304563539264479,0.582154453431556
2,9,4,"Sandwich",0.684478371501272,5,0.495491543053663,0.32722211898856,0.628355456530539,"Sandwich",0.713924050632911,0.483761750375058,0.314578300263315,0.612007590544407
2,9,4,"Bootstrap",0.511,6,0.780274046082805,0.490052502086259,1.01588099126459,"Bootstrap",0.514,0.799692365393562,0.512590690557103,1.02870457347523
2,10,0,"LEF both",0.964,1,1.07269849819042,1.01781099775615,1.12435233678938,"Sandwich",0.946,1.00895764068461,0.953197453035634,1.06303705625593
2,10,0,"LEF outcome",0.964,1,1.07269849819042,1.01781099775615,1.12435233678938,"LEF both",0.942,1.02983783730365,0.972423896419038,1.08594494913709
2,10,0,"Bootstrap",0.956,2,1.01731839865405,0.958508008857188,1.07139830355143,"LEF outcome",0.942,1.02983783730365,0.972423896419038,1.08594494913709
2,10,0,"Sandwich",0.956,2,1.0452279699223,0.99002231876031,1.10316291488042,"Bootstrap",0.934,0.9776181261689,0.91809533942161,1.0354177056685
2,10,0,"Jackknife MVN",NA,NA,NA,NA,NA,"Jackknife MVN",NA,NA,NA,NA
2,10,0,"Jackknife Wald",NA,NA,NA,NA,NA,"Jackknife Wald",NA,NA,NA,NA
2,10,1,"Sandwich",0.953,1,1.08156479157936,1.00053414653916,1.15586631016954,"LEF outcome",0.947,1.19788393536719,1.09787195197615,1.27617303968307
2,10,1,"LEF both",0.944,2,1.20197078096624,1.09568650720093,1.28175539291009,"LEF both",0.946,1.18796043918794,1.09082898894139,1.26576619709887
2,10,1,"LEF outcome",0.944,2,1.20460560550256,1.09825760735642,1.28362753381436,"Sandwich",0.946,1.08282103419876,0.996884622220197,1.16133972640692
2,10,1,"Bootstrap",0.94,3,0.984885240060961,0.895027336103533,1.07042515630806,"Bootstrap",0.933,0.985936682254454,0.898430176373324,1.06804297942044
2,10,1,"Jackknife MVN",NA,NA,NA,NA,NA,"Jackknife MVN",NA,NA,NA,NA
2,10,1,"Jackknife Wald",NA,NA,NA,NA,NA,"Jackknife Wald",NA,NA,NA,NA
2,10,2,"LEF outcome",0.938,1,1.47157750203123,0.845366441932704,1.83653519260627,"LEF both",0.931,1.45154310444063,0.841868318499225,1.83167201581606
2,10,2,"LEF both",0.937,2,1.46420143832894,0.843529314041119,1.82406631105829,"LEF outcome",0.931,1.49721981534475,0.848385881110092,1.89529588440046
2,10,2,"Bootstrap",0.931,3,0.957322742109114,0.72166042511562,1.11940037315466,"Sandwich",0.919,1.18549729912448,0.783864123290843,1.45216136815679
2,10,2,"Sandwich",0.91,4,1.17780194938857,0.774712380965958,1.43054563435872,"Bootstrap",0.917,0.958043375280202,0.719312792518022,1.12476624581315
2,10,2,"Jackknife MVN",NA,NA,NA,NA,NA,"Jackknife MVN",NA,NA,NA,NA
2,10,2,"Jackknife Wald",NA,NA,NA,NA,NA,"Jackknife Wald",NA,NA,NA,NA
2,10,3,"LEF outcome",0.922,1,1.10553171575991,0.625917569374454,1.31911752574228,"LEF both",0.914,1.09501840126519,0.597836028300548,1.24919754283505
2,10,3,"LEF both",0.921,2,1.10022497722292,0.624924969620922,1.31243161985321,"LEF outcome",0.912,1.12906644681697,0.605805947289758,1.2956835008185
2,10,3,"Bootstrap",0.881,3,0.821599264023236,0.486009360400634,0.812636304073711,"Bootstrap",0.88,0.827396758698518,0.480696667504473,0.793496240476751
2,10,3,"Sandwich",0.851,4,0.916786058145958,0.541958045180771,1.00331307301721,"Sandwich",0.853,0.923756540663219,0.535317949772562,0.985271980231266
2,10,3,"Jackknife MVN",NA,NA,NA,NA,NA,"Jackknife MVN",NA,NA,NA,NA
2,10,3,"Jackknife Wald",NA,NA,NA,NA,NA,"Jackknife Wald",NA,NA,NA,NA
2,10,4,"LEF outcome",0.945,1,0.575580690094863,0.361429885316773,0.664495653769373,"LEF outcome",0.945,0.566310649164413,0.34923360986871,0.63539100554927
2,10,4,"LEF both",0.944,2,0.573396356760188,0.361640863443813,0.665377161760054,"LEF both",0.942,0.551954169399611,0.343090780053461,0.608194976222097
2,10,4,"Bootstrap",0.826,3,0.606658609661683,0.2888063432369,0.615035336929561,"Bootstrap",0.831,0.579991491224655,0.275638100896128,0.648724835080579
2,10,4,"Sandwich",0.817,4,0.482544857064237,0.299449645647486,0.502357012728708,"Sandwich",0.807,0.469086016498147,0.291898437921606,0.480104370344938
2,10,4,"Jackknife MVN",NA,NA,NA,NA,NA,"Jackknife MVN",NA,NA,NA,NA
2,10,4,"Jackknife Wald",NA,NA,NA,NA,NA,"Jackknife Wald",NA,NA,NA,NA
2,11,0,"LEF both",0.963,1,1.0260599681528,0.968430853133899,1.08237148303066,"LEF both",0.958,1.05352507916884,0.997748925431086,1.10870270143821
2,11,0,"LEF outcome",0.963,1,1.0260599681528,0.968430853133899,1.08237148303066,"LEF outcome",0.958,1.05352507916884,0.997748925431085,1.10870270143821
2,11,0,"Sandwich",0.956433637284701,2,1.00768876548213,0.95048690814806,1.06250172998021,"Sandwich",0.950455005055612,1.0347303235644,0.977104644775527,1.0920973884969
2,11,0,"Bootstrap",0.946,3,0.972875368298019,0.914694780815912,1.03177155560068,"Bootstrap",0.946,1.00263843412557,0.944572724739871,1.06055116237844
2,11,0,"Jackknife MVN",NA,NA,NA,NA,NA,"Jackknife MVN",NA,NA,NA,NA
2,11,0,"Jackknife Wald",NA,NA,NA,NA,NA,"Jackknife Wald",NA,NA,NA,NA
2,11,1,"LEF both",0.965,1,1.0690737300205,1.00340766303441,1.12933155623574,"LEF both",0.956,1.06738011265702,1.00619218384916,1.12778048604373
2,11,1,"LEF outcome",0.965,1,1.06952454162278,1.00367401989575,1.12997833979673,"LEF outcome",0.955,1.06999775194395,1.00892135386775,1.1318006227991
2,11,1,"Sandwich",0.949341438703141,2,1.02992107654264,0.969005575097628,1.09038601250246,"Sandwich",0.946410515672396,1.03059397201429,0.964214206515019,1.0929729272983
2,11,1,"Bootstrap",0.937,3,0.978316758149227,0.907674476786258,1.04523995096733,"Bootstrap",0.937,0.981740544318594,0.915514777760422,1.04753211028615
2,11,1,"Jackknife MVN",NA,NA,NA,NA,NA,"Jackknife MVN",NA,NA,NA,NA
2,11,1,"Jackknife Wald",NA,NA,NA,NA,NA,"Jackknife Wald",NA,NA,NA,NA
2,11,2,"LEF both",0.973,1,1.20508486403326,1.0980895319848,1.2749062227576,"LEF outcome",0.959,1.1582177992077,1.06013382307616,1.23064973253227
2,11,2,"LEF outcome",0.973,1,1.20643180556648,1.09979051880264,1.27715441098769,"LEF both",0.954,1.14958524697704,1.05179316237563,1.2191918492943
2,11,2,"Sandwich",0.952380952380952,2,1.0984528080092,1.0117238724512,1.1696216233664,"Sandwich",0.940343781597573,1.05076040623591,0.96909408954512,1.12393207299197
2,11,2,"Bootstrap",0.923,3,0.985944379002258,0.887783810146863,1.07201733233258,"Bootstrap",0.903,0.949607934819397,0.856355166586752,1.03914512077353
2,11,2,"Jackknife MVN",NA,NA,NA,NA,NA,"Jackknife MVN",NA,NA,NA,NA
2,11,2,"Jackknife Wald",NA,NA,NA,NA,NA,"Jackknife Wald",NA,NA,NA,NA
2,11,3,"LEF both",0.98,1,1.39211268850112,1.19649520733474,1.54758856793542,"LEF outcome",0.978,1.37546067870311,1.20083123047724,1.52558058690404
2,11,3,"LEF outcome",0.98,1,1.39419303800659,1.19847469461279,1.55056951644625,"LEF both",0.977,1.35919468869552,1.18490323616745,1.50475725618448
2,11,3,"Sandwich",0.92806484295846,2,1.17176726124644,1.00671756319357,1.29970940660492,"Sandwich",0.90798786653185,1.14339127441673,0.992425575196371,1.26788785264972
2,11,3,"Bootstrap",0.901,3,0.965422443440639,0.817056779622953,1.10089175096405,"Bootstrap",0.888,0.95309327127339,0.798895055151357,1.09240715332036
2,11,3,"Jackknife MVN",NA,NA,NA,NA,NA,"Jackknife MVN",NA,NA,NA,NA
2,11,3,"Jackknife Wald",NA,NA,NA,NA,NA,"Jackknife Wald",NA,NA,NA,NA
2,11,4,"LEF both",0.945,1,1.14472475694415,0.79622751330129,1.43274995797089,"LEF both",0.942,1.11505728235273,0.800175639996651,1.39777967328286
2,11,4,"LEF outcome",0.945,1,1.14612374271192,0.797151665664206,1.43243889559131,"LEF outcome",0.941,1.12833897201072,0.807291199375579,1.41710203615031
2,11,4,"Bootstrap",0.855,2,0.893780576730922,0.629745295806079,1.11350114980038,"Bootstrap",0.851,0.881699045316887,0.624411475835901,1.07889528345902
2,11,4,"Sandwich",0.824721377912867,3,0.962734570102383,0.665796550407876,1.20947387251928,"Sandwich",0.833164812942366,0.936167045516857,0.662133535819476,1.18955420636686
2,11,4,"Jackknife MVN",NA,NA,NA,NA,NA,"Jackknife MVN",NA,NA,NA,NA
2,11,4,"Jackknife Wald",NA,NA,NA,NA,NA,"Jackknife Wald",NA,NA,NA,NA
2,12,0,"Sandwich",0.957541899441341,1,1.07611980667213,0.994317123548854,1.15333510491224,"Sandwich",0.94407158836689,1.05140574016278,0.967818917070721,1.13041071217904
2,12,0,"Bootstrap",0.933,2,1.01318328051742,0.921500553800531,1.10614204924751,"Bootstrap",0.922,0.983909266010876,0.895917216430104,1.07480296335661
2,12,0,"LEF both",0.933,2,1.12271601254972,1.03987435334893,1.19781388770463,"LEF both",0.921,1.08994794165464,1.0040980198627,1.16889323955359
2,12,0,"LEF outcome",0.933,2,1.12271601254972,1.03987435334893,1.19781388770463,"LEF outcome",0.921,1.08994794165473,1.0040980198627,1.16889323955359
2,12,0,"Jackknife MVN",NA,NA,NA,NA,NA,"Jackknife MVN",NA,NA,NA,NA
2,12,0,"Jackknife Wald",NA,NA,NA,NA,NA,"Jackknife Wald",NA,NA,NA,NA
2,12,1,"Sandwich",0.912849162011173,1,1.13348651578632,1.02662576046659,1.28043602579575,"Sandwich",0.930648769574944,1.14018937068113,1.0232722600621,1.28666124809104
2,12,1,"Bootstrap",0.885,2,0.944506345569884,0.785709761929804,1.11404317678361,"Bootstrap",0.859,0.938144644364879,0.773381157178144,1.11037932451172
2,12,1,"LEF both",0.877,3,1.28887453551445,1.15252351482502,1.45592201957894,"LEF outcome",0.849,1.30894721789669,1.16162715680329,1.51728900508042
2,12,1,"LEF outcome",0.877,3,1.29221139321102,1.15577764004822,1.45908031350463,"LEF both",0.847,1.28589762851395,1.13938315608368,1.48705789344979
2,12,1,"Jackknife MVN",NA,NA,NA,NA,NA,"Jackknife MVN",NA,NA,NA,NA
2,12,1,"Jackknife Wald",NA,NA,NA,NA,NA,"Jackknife Wald",NA,NA,NA,NA
2,12,2,"Sandwich",0.872625698324022,1,0.929800077597957,0.538820057408099,1.33222494826532,"Sandwich",0.885906040268456,0.933239956155086,0.555843287423588,1.32842798174691
2,12,2,"LEF outcome",0.726,2,1.03624039785969,0.621581097938781,1.49288536404184,"LEF outcome",0.702,1.05304618216915,0.645403041564006,1.53713020782142
2,12,2,"LEF both",0.725,3,1.03245679935875,0.619912133224186,1.48624620593891,"LEF both",0.7,1.02825243485483,0.631533992162115,1.49388777426725
2,12,2,"Bootstrap",0.717,4,0.787770643699678,0.412604863039413,1.14456797363744,"Bootstrap",0.69,0.773930758337397,0.413837485386611,1.13810459141028
2,12,2,"Jackknife MVN",NA,NA,NA,NA,NA,"Jackknife MVN",NA,NA,NA,NA
2,12,2,"Jackknife Wald",NA,NA,NA,NA,NA,"Jackknife Wald",NA,NA,NA,NA
2,12,3,"Sandwich",0.746368715083799,1,0.597924935383723,0.300827305323104,0.80773365585763,"Sandwich",0.749440715883669,0.569813157357073,0.290801421045066,0.769167822028183
2,12,3,"LEF outcome",0.599,2,0.645097850117534,0.353203063122035,0.903482777167589,"LEF outcome",0.564,0.621283115239125,0.339095833545577,0.873469307371062
2,12,3,"LEF both",0.598,3,0.642806049856235,0.352060131350501,0.900254363434968,"LEF both",0.561,0.60819355479893,0.335304601153312,0.853209499374315
2,12,3,"Bootstrap",0.567,4,0.612003399047404,0.254926634535635,0.773340635048736,"Bootstrap",0.524,0.585264278202279,0.236619225910316,0.713822504329125
2,12,3,"Jackknife MVN",NA,NA,NA,NA,NA,"Jackknife MVN",NA,NA,NA,NA
2,12,3,"Jackknife Wald",NA,NA,NA,NA,NA,"Jackknife Wald",NA,NA,NA,NA
2,12,4,"Sandwich",0.656983240223464,1,0.46833498497572,0.245787156412905,0.606707058732786,"Sandwich",0.625279642058166,0.452867469112739,0.239484024257151,0.591223458953903
2,12,4,"LEF both",0.594,2,0.508110968556337,0.291702040417312,0.685797871839148,"LEF outcome",0.549,0.497305149361507,0.288193282715718,0.67956890994177
2,12,4,"LEF outcome",0.593,3,0.509688063026983,0.291945334955715,0.688128280397064,"LEF both",0.546,0.487803939695295,0.285383089518601,0.660840000065198
2,12,4,"Bootstrap",0.497,4,0.650599116713783,0.277946438259774,0.789563064354739,"Bootstrap",0.436,0.629602596941332,0.273975788455187,0.75043900236457
2,12,4,"Jackknife MVN",NA,NA,NA,NA,NA,"Jackknife MVN",NA,NA,NA,NA
2,12,4,"Jackknife Wald",NA,NA,NA,NA,NA,"Jackknife Wald",NA,NA,NA,NA
2,13,0,"LEF both",0.962,1,1.03649838599747,0.982008019671874,1.09087354744491,"LEF both",0.965,1.03583326645268,0.983096400639107,1.0887208277497
2,13,0,"LEF outcome",0.962,1,1.03649838599747,0.982008019671873,1.09087354744491,"LEF outcome",0.965,1.03583326645268,0.983096400639108,1.0887208277497
2,13,0,"Bootstrap",0.951,2,0.997013605660957,0.941008331729479,1.0517405378006,"Sandwich",0.958,1.02373914156297,0.971402093356215,1.07497403924672
2,13,0,"Sandwich",0.949,3,1.01642363609648,0.962541076722865,1.06769075094529,"Bootstrap",0.957,0.997437704668457,0.942720916340155,1.048528485845
2,13,0,"Jackknife MVN",NA,NA,NA,NA,NA,"Jackknife MVN",NA,NA,NA,NA
2,13,0,"Jackknife Wald",NA,NA,NA,NA,NA,"Jackknife Wald",NA,NA,NA,NA
2,13,1,"LEF both",0.954,1,1.1523472311268,1.0142690158907,1.23996184469164,"LEF outcome",0.958,1.1676298558118,1.03459841752998,1.2532630431068
2,13,1,"LEF outcome",0.954,1,1.15415693342027,1.01413588117808,1.24306139931154,"LEF both",0.956,1.1581299702358,1.03128982903231,1.24799682606508
2,13,1,"Sandwich",0.945,2,1.04916862767153,0.946524852422724,1.13016393910239,"Sandwich",0.953,1.06548880254673,0.953436226463232,1.15102428448062
2,13,1,"Bootstrap",0.94,3,0.965302281238676,0.871433635933939,1.03830928243723,"Bootstrap",0.945,0.976893311521355,0.876759840188152,1.05730477150745
2,13,1,"Jackknife MVN",NA,NA,NA,NA,NA,"Jackknife MVN",NA,NA,NA,NA
2,13,1,"Jackknife Wald",NA,NA,NA,NA,NA,"Jackknife Wald",NA,NA,NA,NA
2,13,2,"LEF outcome",0.952,1,1.3983831347863,0.848470033529861,1.72323909152139,"LEF outcome",0.949,1.40238685260746,0.846972766156402,1.7433742173765
2,13,2,"LEF both",0.951,2,1.39319136158248,0.848402418950962,1.71809494682073,"LEF both",0.947,1.36176728567926,0.841577229757237,1.68432022672007
2,13,2,"Bootstrap",0.931,3,0.938675297408629,0.695396182274225,1.05573556253388,"Bootstrap",0.923,0.926216224740614,0.701912785768465,1.07207105217398
2,13,2,"Sandwich",0.929,4,1.13601065839548,0.759224463969156,1.35626656438588,"Sandwich",0.919,1.11567004425726,0.766424307112922,1.32382523326949
2,13,2,"Jackknife MVN",NA,NA,NA,NA,NA,"Jackknife MVN",NA,NA,NA,NA
2,13,2,"Jackknife Wald",NA,NA,NA,NA,NA,"Jackknife Wald",NA,NA,NA,NA
2,13,3,"LEF outcome",0.932,1,0.943441066586924,0.533959553014803,1.13567662149386,"LEF outcome",0.938,1.00864572254302,0.571614400149058,1.18940501254869
2,13,3,"LEF both",0.931,2,0.940223832162381,0.533586554660383,1.13354401078709,"LEF both",0.933,0.980878373836147,0.565305915486185,1.14140912760824
2,13,3,"Bootstrap",0.873,3,0.748939693551885,0.420822339545162,0.76130934973671,"Bootstrap",0.892,0.793126175595894,0.450725990590191,0.756097321498681
2,13,3,"Sandwich",0.844,4,0.797974308131499,0.467849309193537,0.903225050260777,"Sandwich",0.865,0.835602895421851,0.495110261952687,0.901966177921381
2,13,3,"Jackknife MVN",NA,NA,NA,NA,NA,"Jackknife MVN",NA,NA,NA,NA
2,13,3,"Jackknife Wald",NA,NA,NA,NA,NA,"Jackknife Wald",NA,NA,NA,NA
2,13,4,"LEF outcome",0.937,1,0.440521024680918,0.272244867335116,0.517706581052912,"LEF outcome",0.934,0.487312109359221,0.315303415842955,0.56193071040911
2,13,4,"LEF both",0.936,2,0.439223561342036,0.27311486402571,0.513450870996185,"LEF both",0.931,0.475834126637688,0.308801238356973,0.542557392485136
2,13,4,"Bootstrap",0.832,3,0.500947680369409,0.224099719970776,0.530375486238279,"Bootstrap",0.841,0.53555578521739,0.248114790601079,0.56171298773369
2,13,4,"Sandwich",0.794,4,0.372292996748418,0.233592081354926,0.406816891388747,"Sandwich",0.805,0.405527575169903,0.263212096776575,0.424984655503994
2,13,4,"Jackknife MVN",NA,NA,NA,NA,NA,"Jackknife MVN",NA,NA,NA,NA
2,13,4,"Jackknife Wald",NA,NA,NA,NA,NA,"Jackknife Wald",NA,NA,NA,NA
2,14,0,"LEF both",0.957,1,1.01850579946854,0.956585934674321,1.07705253404037,"LEF both",0.955,1.02446744938289,0.968631092943385,1.08025120790378
2,14,0,"LEF outcome",0.957,1,1.01850579946854,0.956585934674321,1.07705253404037,"LEF outcome",0.955,1.02446744938289,0.968631092943386,1.08025120790378
2,14,0,"Sandwich",0.948588709677419,2,1.00063677339116,0.936824004213913,1.05869065278448,"Sandwich",0.946572580645161,1.01030470075605,0.955590667795711,1.06392879563902
2,14,0,"Bootstrap",0.942,3,0.974689131544694,0.910878097426678,1.03282854416924,"Bootstrap",0.946,0.982306533596462,0.923255844912136,1.0403617348408
2,14,0,"Jackknife MVN",NA,NA,NA,NA,NA,"Jackknife MVN",NA,NA,NA,NA
2,14,0,"Jackknife Wald",NA,NA,NA,NA,NA,"Jackknife Wald",NA,NA,NA,NA
2,14,1,"LEF both",0.949,1,1.03600081890914,0.95411447744297,1.1128880682212,"LEF both",0.96,1.07643940404773,0.993495752041357,1.14958489236086
2,14,1,"LEF outcome",0.948,2,1.03710044314859,0.954933667725992,1.11440017091216,"LEF outcome",0.959,1.0817929217006,0.998047155444125,1.15678201336587
2,14,1,"Sandwich",0.946572580645161,3,0.998789396840185,0.92316002567265,1.06744153166564,"Sandwich",0.948588709677419,1.04075146781185,0.961138814002155,1.11445976671489
2,14,1,"Bootstrap",0.93,4,0.946673683005112,0.867308505931086,1.02313817396469,"Bootstrap",0.941,0.986373256734893,0.901891381480306,1.06581290249246
2,14,1,"Jackknife MVN",NA,NA,NA,NA,NA,"Jackknife MVN",NA,NA,NA,NA
2,14,1,"Jackknife Wald",NA,NA,NA,NA,NA,"Jackknife Wald",NA,NA,NA,NA
2,14,2,"LEF both",0.961,1,1.16316955772128,1.01461736257447,1.26133662440653,"LEF outcome",0.966,1.18064902995343,1.03037571641188,1.28620984940083
2,14,2,"LEF outcome",0.96,2,1.16559463608839,1.01616503487278,1.26474602986119,"LEF both",0.964,1.16796795508198,1.02240883447708,1.27100960083814
2,14,2,"Sandwich",0.943548387096774,3,1.05176305466022,0.928832115448568,1.15593920737122,"Sandwich",0.950604838709677,1.05409250895234,0.933332957396519,1.14937311774607
2,14,2,"Bootstrap",0.907,4,0.938610629279639,0.824500404811806,1.04641361720221,"Bootstrap",0.908,0.943907505625545,0.824424598103191,1.04838634984631
2,14,2,"Jackknife MVN",NA,NA,NA,NA,NA,"Jackknife MVN",NA,NA,NA,NA
2,14,2,"Jackknife Wald",NA,NA,NA,NA,NA,"Jackknife Wald",NA,NA,NA,NA
2,14,3,"LEF both",0.963,1,1.32540839875228,1.08109917411186,1.51444367764873,"LEF outcome",0.969,1.36487527253655,1.10432369769094,1.56417376238187
2,14,3,"LEF outcome",0.963,1,1.32800158937004,1.08270744347958,1.52400066458382,"LEF both",0.967,1.34816839968185,1.09565619517777,1.54517921767096
2,14,3,"Sandwich",0.915322580645161,2,1.12606970794818,0.913850623686618,1.28039361249416,"Sandwich",0.907258064516129,1.13839250086838,0.924286727058822,1.29944347440882
2,14,3,"Bootstrap",0.885,3,0.938248752358713,0.769093580408705,1.08858209947649,"Bootstrap",0.887,0.955985043445577,0.767578173882403,1.1083526641139
2,14,3,"Jackknife MVN",NA,NA,NA,NA,NA,"Jackknife MVN",NA,NA,NA,NA
2,14,3,"Jackknife Wald",NA,NA,NA,NA,NA,"Jackknife Wald",NA,NA,NA,NA
2,14,4,"LEF both",0.92,1,1.02915609234992,0.724222262412043,1.27793968879467,"LEF both",0.918,1.05322290881952,0.749864515018309,1.3161977002144
2,14,4,"LEF outcome",0.918,2,1.03072068353203,0.726755542250697,1.28083263021435,"LEF outcome",0.917,1.06490686174957,0.760185646088612,1.32641337035829
2,14,4,"Bootstrap",0.832,3,0.853912538170851,0.575915127819975,1.07511272845318,"Bootstrap",0.855,0.885683873074988,0.615589617215101,1.10045339185715
2,14,4,"Sandwich",0.806451612903226,4,0.876715378861834,0.598391310762193,1.09961566681777,"Sandwich",0.824596774193548,0.893573989895418,0.615840880589744,1.1222933478784
2,14,4,"Jackknife MVN",NA,NA,NA,NA,NA,"Jackknife MVN",NA,NA,NA,NA
2,14,4,"Jackknife Wald",NA,NA,NA,NA,NA,"Jackknife Wald",NA,NA,NA,NA
2,15,0,"Sandwich",0.956906077348066,1,1.05075493004588,0.957642598264887,1.13836649343809,"Sandwich",0.957236842105263,1.05159566782798,0.96799921329897,1.14195444589914
2,15,0,"Bootstrap",0.921,2,0.991862491812642,0.898588537715833,1.08643121954318,"LEF both",0.926,1.08663793971388,0.996148631254969,1.16917482256948
2,15,0,"LEF both",0.916,3,1.08821371543237,0.996257811620237,1.17173851949166,"LEF outcome",0.926,1.08663793971388,0.99614863125497,1.16917482256948
2,15,0,"LEF outcome",0.916,3,1.08821371543237,0.996257811620237,1.17173851949166,"Bootstrap",0.925,0.995012321069094,0.909322427067799,1.08982722114712
2,15,0,"Jackknife MVN",NA,NA,NA,NA,NA,"Jackknife MVN",NA,NA,NA,NA
2,15,0,"Jackknife Wald",NA,NA,NA,NA,NA,"Jackknife Wald",NA,NA,NA,NA
2,15,1,"Sandwich",0.917127071823204,1,1.10646973925756,0.921694016540407,1.2803734275445,"Sandwich",0.926535087719298,1.12013228079437,0.93721096108502,1.28574155608833
2,15,1,"Bootstrap",0.842,2,0.923627952699414,0.725029067447894,1.12469750370503,"Bootstrap",0.863,0.944016795211717,0.742619160454712,1.13483575330407
2,15,1,"LEF outcome",0.835,3,1.24644759900998,1.05093881267933,1.4313116290957,"LEF outcome",0.851,1.28693762427687,1.06619002344548,1.48761490968397
2,15,1,"LEF both",0.834,4,1.24141090402647,1.04927576249234,1.42489732854033,"LEF both",0.849,1.26098616235437,1.04907489358411,1.45619376018767
2,15,1,"Jackknife MVN",NA,NA,NA,NA,NA,"Jackknife MVN",NA,NA,NA,NA
2,15,1,"Jackknife Wald",NA,NA,NA,NA,NA,"Jackknife Wald",NA,NA,NA,NA
2,15,2,"Sandwich",0.857458563535912,1,0.889636671989095,0.517667720817105,1.20300416046194,"Sandwich",0.865131578947368,0.933130608391803,0.548893753336539,1.26567238011893
2,15,2,"LEF both",0.722,2,0.97668825934555,0.588525334191545,1.34758569378068,"LEF outcome",0.741,1.05216778530397,0.640646961435915,1.44165302394045
2,15,2,"LEF outcome",0.722,2,0.981026241822589,0.590001695334589,1.35153319920637,"LEF both",0.739,1.02856555486681,0.63235783364055,1.40796323482048
2,15,2,"Bootstrap",0.71,3,0.76333978409574,0.405071154915112,1.07180859115268,"Bootstrap",0.724,0.802325119217897,0.432772868562971,1.09616371677335
2,15,2,"Jackknife MVN",NA,NA,NA,NA,NA,"Jackknife MVN",NA,NA,NA,NA
2,15,2,"Jackknife Wald",NA,NA,NA,NA,NA,"Jackknife Wald",NA,NA,NA,NA
2,15,3,"Sandwich",0.734806629834254,1,0.580846080939748,0.299790606657591,0.785982088025179,"Sandwich",0.75,0.638308171952097,0.325336072824287,0.862706892617056
2,15,3,"LEF both",0.591,2,0.623382086602737,0.350524439588957,0.856301576349361,"LEF outcome",0.648,0.697554843766672,0.387470884278782,0.954291814144748
2,15,3,"LEF outcome",0.591,2,0.625934543254973,0.351665867230767,0.859293598474621,"LEF both",0.64,0.683648596732535,0.38241325055377,0.928817552181636
2,15,3,"Bootstrap",0.563,3,0.600837746024643,0.254041792273556,0.74450057458374,"Bootstrap",0.592,0.672904173813549,0.297304344322912,0.86264285885752
2,15,3,"Jackknife MVN",NA,NA,NA,NA,NA,"Jackknife MVN",NA,NA,NA,NA
2,15,3,"Jackknife Wald",NA,NA,NA,NA,NA,"Jackknife Wald",NA,NA,NA,NA
2,15,4,"Sandwich",0.632044198895028,1,0.448976440294894,0.243924273733528,0.580313445843503,"Sandwich",0.680921052631579,0.491622890571167,0.26727046141586,0.645775367362145
2,15,4,"LEF both",0.589,2,0.487493107286414,0.289285368855875,0.643176771568367,"LEF both",0.637,0.533944888389296,0.31274514113928,0.691877553345202
2,15,4,"LEF outcome",0.588,3,0.489197474631671,0.289623663569457,0.646541100858293,"LEF outcome",0.633,0.543673129252475,0.316471264011868,0.712469324867808
2,15,4,"Bootstrap",0.484,4,0.645621025526057,0.302811649846363,0.780705988204305,"Bootstrap",0.52,0.702297918340052,0.333544959434604,0.918363883716927
2,15,4,"Jackknife MVN",NA,NA,NA,NA,NA,"Jackknife MVN",NA,NA,NA,NA
2,15,4,"Jackknife Wald",NA,NA,NA,NA,NA,"Jackknife Wald",NA,NA,NA,NA
2,16,0,"LEF both",0.958,1,1.00299308742072,0.951148490938369,1.05279499397281,"LEF both",0.944,0.993682903831472,0.942964471008778,1.04417547509341
2,16,0,"LEF outcome",0.958,1,1.00299308742072,0.951148490938369,1.05279499397281,"LEF outcome",0.944,0.993682903831472,0.942964471008778,1.04417547509341
2,16,0,"Bootstrap",0.945,2,0.980706174764086,0.929100033748608,1.02841754418304,"Bootstrap",0.941,0.973175423044402,0.923919299703527,1.0228863580697
2,16,0,"Sandwich",0.943,3,0.991188111169097,0.93990361568569,1.04051049504547,"Sandwich",0.939,0.985915850117577,0.933467185487284,1.03624585436376
2,16,0,"Jackknife MVN",NA,NA,NA,NA,NA,"Jackknife MVN",NA,NA,NA,NA
2,16,0,"Jackknife Wald",NA,NA,NA,NA,NA,"Jackknife Wald",NA,NA,NA,NA
2,16,1,"LEF both",0.971,1,1.09985239486838,0.972224186566882,1.16985402877788,"LEF outcome",0.962,1.08854465813143,0.961768925330235,1.15626293563521
2,16,1,"LEF outcome",0.971,1,1.10126638089791,0.970892851890803,1.17065215596043,"LEF both",0.961,1.07951784278485,0.958132983662276,1.14749485554844
2,16,1,"Bootstrap",0.948,2,0.980616384586285,0.883060626899676,1.04879898054379,"Bootstrap",0.949,0.967528280171856,0.875769255597938,1.03180464314772
2,16,1,"Sandwich",0.947,3,1.04354319292597,0.934327876679505,1.11027418073015,"Sandwich",0.943,1.02683365333796,0.91957448474421,1.09975149252617
2,16,1,"Jackknife MVN",NA,NA,NA,NA,NA,"Jackknife MVN",NA,NA,NA,NA
2,16,1,"Jackknife Wald",NA,NA,NA,NA,NA,"Jackknife Wald",NA,NA,NA,NA
2,16,2,"LEF outcome",0.963,1,1.16470034098353,0.808798731051392,1.36090582670768,"LEF both",0.958,1.258128185459,0.899275016214899,1.46975604146498
2,16,2,"LEF both",0.962,2,1.16059379707444,0.811746041389644,1.35766002418022,"LEF outcome",0.957,1.28532701066687,0.914300951933769,1.50583384031161
2,16,2,"Bootstrap",0.938,3,0.852006384694222,0.640876772016946,0.922927805385942,"Bootstrap",0.938,0.928278895452779,0.724253557247728,1.01856411854577
2,16,2,"Sandwich",0.911,4,0.988698778488442,0.713971531784202,1.09996507344936,"Sandwich",0.913,1.06913486903121,0.799156666844823,1.19733956004771
2,16,2,"Jackknife MVN",NA,NA,NA,NA,NA,"Jackknife MVN",NA,NA,NA,NA
2,16,2,"Jackknife Wald",NA,NA,NA,NA,NA,"Jackknife Wald",NA,NA,NA,NA
2,16,3,"LEF both",0.962,1,0.878261660305527,0.552850852315139,1.05484554377844,"LEF outcome",0.958,1.02959083435187,0.659747343938958,1.23058790044296
2,16,3,"LEF outcome",0.961,2,0.880534714411771,0.552953640212215,1.05715747208936,"LEF both",0.955,1.00739415358897,0.652282145882627,1.2006914186661
2,16,3,"Bootstrap",0.912,3,0.76918733153383,0.428956114419329,0.82221829007182,"Bootstrap",0.913,0.870937217817782,0.512391894172352,0.925899303903175
2,16,3,"Sandwich",0.864,4,0.765250583778608,0.479625629531853,0.86045667357313,"Sandwich",0.874,0.874997458084021,0.563499432547008,1.00725253863941
2,16,3,"Jackknife MVN",NA,NA,NA,NA,NA,"Jackknife MVN",NA,NA,NA,NA
2,16,3,"Jackknife Wald",NA,NA,NA,NA,NA,"Jackknife Wald",NA,NA,NA,NA
2,16,4,"LEF outcome",0.942,1,0.538106814874686,0.348945448569339,0.623648312857843,"LEF outcome",0.951,0.513645747314835,0.343862158734296,0.61445758382689
2,16,4,"LEF both",0.941,2,0.536781632628236,0.349105922913591,0.622322445641126,"LEF both",0.947,0.504135483935418,0.340584748172176,0.598440444455857
2,16,4,"Bootstrap",0.87,3,0.608428887778829,0.28510955518052,0.678951126033666,"Bootstrap",0.868,0.572399584628148,0.281099889696291,0.641835577790695
2,16,4,"Sandwich",0.829,4,0.468438619387803,0.300829122628673,0.525007426217504,"Sandwich",0.832,0.438276528996206,0.290990571889804,0.504023945790647
2,16,4,"Jackknife MVN",NA,NA,NA,NA,NA,"Jackknife MVN",NA,NA,NA,NA
2,16,4,"Jackknife Wald",NA,NA,NA,NA,NA,"Jackknife Wald",NA,NA,NA,NA
2,17,0,"LEF both",0.951,1,1.01508919807387,0.950537598531025,1.07762375303798,"LEF both",0.961,1.02807815342839,0.968154220900878,1.08486692273042
2,17,0,"LEF outcome",0.951,1,1.01508919807387,0.950537598531024,1.07762375303798,"LEF outcome",0.961,1.02807815342839,0.968154220900878,1.08486692273042
2,17,0,"Sandwich",0.941236068895643,2,1.00037016233671,0.940565957453583,1.05987703445038,"Bootstrap",0.95,0.998849069454369,0.940794050810355,1.05409065246779
2,17,0,"Bootstrap",0.94,3,0.985528710297331,0.920501238207579,1.05043052578439,"Sandwich",0.944612286002014,1.01845183139269,0.955957517360627,1.0775879310287
2,17,0,"Jackknife MVN",NA,NA,NA,NA,NA,"Jackknife MVN",NA,NA,NA,NA
2,17,0,"Jackknife Wald",NA,NA,NA,NA,NA,"Jackknife Wald",NA,NA,NA,NA
2,17,1,"LEF both",0.934,1,1.06617606112664,0.940272247558967,1.15657533347125,"LEF both",0.94,1.04922344020882,0.917323778704401,1.14510064410863
2,17,1,"Sandwich",0.933130699088146,2,1.02302705128533,0.900150165768288,1.11215943309584,"LEF outcome",0.937,1.06391973319324,0.923522717672051,1.16038460935573
2,17,1,"LEF outcome",0.933,3,1.06936884556907,0.941714255527565,1.16008805356099,"Sandwich",0.932527693856999,1.00950596424741,0.889318367226586,1.10043775809012
2,17,1,"Bootstrap",0.921,4,0.966665496029232,0.852985067651075,1.05733691434058,"Bootstrap",0.921,0.951978173778832,0.841539253148447,1.04129766260199
2,17,1,"Jackknife MVN",NA,NA,NA,NA,NA,"Jackknife MVN",NA,NA,NA,NA
2,17,1,"Jackknife Wald",NA,NA,NA,NA,NA,"Jackknife Wald",NA,NA,NA,NA
2,17,2,"LEF both",0.949,1,1.13596012045586,0.938263067560603,1.29425858068224,"LEF outcome",0.948,1.15858707773205,0.928282529169562,1.30843527542429
2,17,2,"LEF outcome",0.947,2,1.14068804341848,0.941040230642854,1.30071419238782,"LEF both",0.943,1.1373396210577,0.919642896114197,1.28461490979964
2,17,2,"Sandwich",0.931104356636272,3,1.03167706078928,0.849695846921223,1.16493572797283,"Sandwich",0.934541792547835,1.0374294459604,0.84346621015418,1.16574501665451
2,17,2,"Bootstrap",0.909,4,0.92629537144489,0.763128175781037,1.04208629698992,"Bootstrap",0.907,0.93112179294818,0.759821278932526,1.0588615802098
2,17,2,"Jackknife MVN",NA,NA,NA,NA,NA,"Jackknife MVN",NA,NA,NA,NA
2,17,2,"Jackknife Wald",NA,NA,NA,NA,NA,"Jackknife Wald",NA,NA,NA,NA
2,17,3,"LEF outcome",0.956,1,1.141380046836,0.891815080655111,1.32732466450932,"LEF both",0.945,1.15603652435773,0.890749670094504,1.36649988439546
2,17,3,"LEF both",0.955,2,1.13793211535795,0.889222836824622,1.32335799548786,"LEF outcome",0.944,1.17199090082034,0.901316994546534,1.37883300140688
2,17,3,"Sandwich",0.877406281661601,3,0.990434415234104,0.757881049874248,1.14472202286479,"Sandwich",0.884189325276939,1.00652129146738,0.767661446912696,1.18069958193924
2,17,3,"Bootstrap",0.869,4,0.86360847670859,0.656433858199959,1.00807288104328,"Bootstrap",0.87,0.886153110077854,0.660156959319289,1.0424099192722
2,17,3,"Jackknife MVN",NA,NA,NA,NA,NA,"Jackknife MVN",NA,NA,NA,NA
2,17,3,"Jackknife Wald",NA,NA,NA,NA,NA,"Jackknife Wald",NA,NA,NA,NA
2,17,4,"LEF both",0.888,1,0.891211320533997,0.633716669930048,1.09816652290685,"LEF outcome",0.873,0.886306523980718,0.635333750606974,1.10273156215028
2,17,4,"LEF outcome",0.887,2,0.892981744593852,0.634553323908026,1.09849488031814,"LEF both",0.868,0.878027293895246,0.631972549555125,1.09212225754455
2,17,4,"Bootstrap",0.802,3,0.825046252001877,0.56492880233421,1.01489688241819,"Bootstrap",0.799,0.812536282602246,0.565150329724814,1.00272178295969
2,17,4,"Sandwich",0.778115501519757,4,0.785037821625077,0.545412535227168,0.966353834008276,"Sandwich",0.779456193353474,0.771301451794317,0.518500940323743,0.961219702282939
2,17,4,"Jackknife MVN",NA,NA,NA,NA,NA,"Jackknife MVN",NA,NA,NA,NA
2,17,4,"Jackknife Wald",NA,NA,NA,NA,NA,"Jackknife Wald",NA,NA,NA,NA
2,18,0,"Sandwich",0.954298150163221,1,1.01366826524875,0.920606634944027,1.09811931629065,"Sandwich",0.949152542372881,1.04088668079754,0.952306436654572,1.12721921031094
2,18,0,"Bootstrap",0.93,2,0.976076495295877,0.881793822170869,1.06772851375755,"Bootstrap",0.919,0.998282158084548,0.910126713889413,1.08727825615784
2,18,0,"LEF both",0.912,3,1.04892298437157,0.955211331987031,1.12984352372238,"LEF both",0.913,1.07065994472586,0.987610103343977,1.15101671618899
2,18,0,"LEF outcome",0.912,3,1.04892298437157,0.955211331987032,1.12984352372238,"LEF outcome",0.913,1.07065994472586,0.987610103343977,1.15101671618899
2,18,0,"Jackknife MVN",NA,NA,NA,NA,NA,"Jackknife MVN",NA,NA,NA,NA
2,18,0,"Jackknife Wald",NA,NA,NA,NA,NA,"Jackknife Wald",NA,NA,NA,NA
2,18,1,"Sandwich",0.90968443960827,1,1.00355193249774,0.754388416436506,1.18193516800044,"Sandwich",0.911864406779661,0.981473163657285,0.745297648866404,1.16563048773339
2,18,1,"Bootstrap",0.825,2,0.861826465308556,0.617175708071183,1.05256148979599,"Bootstrap",0.805,0.831766103314239,0.586759628190896,1.01318635571527
2,18,1,"LEF both",0.811,3,1.12290770875323,0.859286890849241,1.31650021285347,"LEF outcome",0.782,1.1131253049293,0.832419028484057,1.33368127423667
2,18,1,"LEF outcome",0.811,3,1.13039376396444,0.861306265916145,1.32731645162398,"LEF both",0.781,1.08432246168136,0.817066736257959,1.30266126919117
2,18,1,"Jackknife MVN",NA,NA,NA,NA,NA,"Jackknife MVN",NA,NA,NA,NA
2,18,1,"Jackknife Wald",NA,NA,NA,NA,NA,"Jackknife Wald",NA,NA,NA,NA
2,18,2,"Sandwich",0.842219804134929,1,0.805222248056411,0.480808125650486,1.04571137738118,"Sandwich",0.830508474576271,0.83044189869522,0.504263540125887,1.07441112074831
2,18,2,"LEF outcome",0.699,2,0.88862987573306,0.541299492789382,1.17467721211186,"LEF outcome",0.667,0.916618309524451,0.551541542742593,1.19586675394434
2,18,2,"LEF both",0.697,3,0.883319929798745,0.538516552543872,1.16681860507944,"LEF both",0.66,0.895779629027622,0.542366090344247,1.17942821911644
2,18,2,"Bootstrap",0.69,4,0.712986664710919,0.384548505362126,0.91070263903244,"Bootstrap",0.656,0.71435339994435,0.379865724161506,0.930950589364055
2,18,2,"Jackknife MVN",NA,NA,NA,NA,NA,"Jackknife MVN",NA,NA,NA,NA
2,18,2,"Jackknife Wald",NA,NA,NA,NA,NA,"Jackknife Wald",NA,NA,NA,NA
2,18,3,"Sandwich",0.699673558215452,1,0.613354605335259,0.333117468505889,0.818057247873246,"Sandwich",0.712994350282486,0.631305188449451,0.348060877912568,0.851692627658222
2,18,3,"LEF both",0.588,2,0.663405893416181,0.384918080628799,0.892766024509172,"LEF outcome",0.562,0.688016494247787,0.394572265569041,0.921064458184848
2,18,3,"LEF outcome",0.588,2,0.666884294953838,0.386371915548532,0.899101114827753,"LEF both",0.554,0.674904779211748,0.386993505011884,0.904769993613419
2,18,3,"Bootstrap",0.555,3,0.619042176536328,0.293660937558229,0.787682372135899,"Bootstrap",0.511,0.634688404099656,0.302938991918199,0.772462855763933
2,18,3,"Jackknife MVN",NA,NA,NA,NA,NA,"Jackknife MVN",NA,NA,NA,NA
2,18,3,"Jackknife Wald",NA,NA,NA,NA,NA,"Jackknife Wald",NA,NA,NA,NA
2,18,4,"Sandwich",0.622415669205658,1,0.533154634534447,0.303689376685373,0.696657463943396,"Sandwich",0.615819209039548,0.513675147036909,0.298780284118241,0.667660095897272
2,18,4,"LEF outcome",0.59,2,0.589431667528133,0.364088404125085,0.767309870274244,"LEF outcome",0.569,0.568985143158178,0.358303036951845,0.729386909441211
2,18,4,"LEF both",0.588,3,0.586886496150905,0.3630319941728,0.76313553300315,"LEF both",0.564,0.559634876397028,0.352295850675996,0.712028305539417
2,18,4,"Bootstrap",0.473,4,0.747850575806342,0.394579499493292,0.975999469211554,"Bootstrap",0.433,0.74202034036863,0.370141004874007,0.962708272975489
2,18,4,"Jackknife MVN",NA,NA,NA,NA,NA,"Jackknife MVN",NA,NA,NA,NA
2,18,4,"Jackknife Wald",NA,NA,NA,NA,NA,"Jackknife Wald",NA,NA,NA,NA
3,1,0,"Jackknife MVN",0.972776769509982,1,1.29322988386867,1.11192492540212,1.25716492382569,"Jackknife MVN",0.96455223880597,1.31718338391184,1.10847432162524,1.24509789119141
3,1,0,"LEF both",0.971,2,1.15297082672083,1.06430111425563,1.22891752128353,"LEF both",0.963,1.13400972532009,1.06172694278278,1.20496799756702
3,1,0,"LEF outcome",0.971,2,1.15297082672083,1.06430111425563,1.22891752128353,"LEF outcome",0.963,1.13400972532009,1.06172694278278,1.20496799756702
3,1,0,"Sandwich",0.96813977389517,3,1.08469779221024,1.00155090598053,1.16055085030554,"Sandwich",0.956340956340956,1.0785890846857,0.998255113645012,1.16244354225549
3,1,0,"Bootstrap",0.965,4,1.02417557118545,0.929224899336388,1.10998278095335,"Jackknife Wald",0.956,1.01804633119113,0.931323938258997,1.10779581693079
3,1,0,"Jackknife Wald",0.962,5,1.02602964352953,0.937460954801363,1.1087307049412,"Bootstrap",0.953,1.01267708963533,0.928877525288199,1.10136579528758
3,1,1,"LEF both",0.966,1,1.30204817571667,1.03304587223982,1.51834672968395,"LEF outcome",0.958,1.36701879913693,1.0849706646898,1.61579777747624
3,1,1,"LEF outcome",0.966,1,1.32062231438913,1.03175542308934,1.54334357091585,"LEF both",0.955,1.30302778745375,1.05381924873863,1.53611803777206
3,1,1,"Jackknife MVN",0.949183303085299,2,4.23661296875976,1.3144352869008,9.83258048815533,"Jackknife MVN",0.949626865671642,4.23909602762974,1.36645543666788,9.87584514330456
3,1,1,"Jackknife Wald",0.944,3,1.00836628686752,0.835174704731754,1.15298261253375,"Jackknife Wald",0.947,1.01809799580788,0.84154760843351,1.15880916796822
3,1,1,"Bootstrap",0.943,4,0.981906170392783,0.809160862900218,1.12580557384332,"Bootstrap",0.94,0.992161548722907,0.82641842190882,1.13423157409885
3,1,1,"Sandwich",0.907502569373073,5,1.1331370513745,0.922064361852133,1.32435498756182,"Sandwich",0.923076923076923,1.13893483258053,0.94438718145671,1.31943849551944
3,1,2,"LEF outcome",0.95,1,1.06026035717774,0.764032930046697,1.2540030755164,"Jackknife MVN",0.942164179104478,2.91999166118683,0.918871545238845,4.85705278160382
3,1,2,"LEF both",0.949,2,1.0433572656753,0.762986592397886,1.21040674097122,"LEF outcome",0.927,0.99096971290881,0.7148089896196,1.16010609017395
3,1,2,"Jackknife MVN",0.932849364791289,3,3.19778066163407,0.984798290205178,5.29950013211229,"LEF both",0.925,0.94491320358605,0.694842946134782,1.09565597393051
3,1,2,"Jackknife Wald",0.929,4,0.951301749134273,0.613947578519354,1.00295360293021,"Jackknife Wald",0.916,0.896112248407591,0.569517378147011,0.948486179110329
3,1,2,"Bootstrap",0.91,5,0.924983231815243,0.621378596834995,1.03351224554165,"Bootstrap",0.896,0.856498256290776,0.564429318192766,0.93964544935579
3,1,2,"Sandwich",0.874614594039055,6,0.919841091851063,0.666910038996047,1.05966292057874,"Sandwich",0.867983367983368,0.845666519339707,0.618276076423205,0.961458752247859
3,1,3,"Jackknife MVN",0.94010889292196,1,1.73179639855402,0.635905574670169,2.608888103644,"Jackknife MVN",0.957089552238806,1.66501453076692,0.601804563009811,2.52271834027284
3,1,3,"Jackknife Wald",0.937,2,0.889547876926244,0.400323434265987,0.794396020425633,"Jackknife Wald",0.923,0.867360809469124,0.387112304688005,0.79812150040115
3,1,3,"LEF both",0.917,3,0.608432359034038,0.449757077141155,0.728464547081266,"LEF both",0.901,0.584316922107314,0.439619369411856,0.689586336980387
3,1,3,"LEF outcome",0.917,3,0.616247448199714,0.450918481244996,0.731871967036881,"LEF outcome",0.901,0.607315876518364,0.453287643537456,0.728372608685605
3,1,3,"Bootstrap",0.849,4,0.729504999063559,0.419297298316658,0.854415005059646,"Bootstrap",0.829,0.714544087192874,0.416083869390986,0.832598373567129
3,1,3,"Sandwich",0.820143884892086,5,0.538792736794988,0.391487639668614,0.621943124510422,"Sandwich",0.821205821205821,0.523438604517913,0.39200372489384,0.593559868815628
3,1,4,"Jackknife Wald",0.97,1,0.945638133891721,0.387371711564107,0.856277560621272,"Jackknife Wald",0.967,0.945371125500351,0.389296197686826,0.878568983685875
3,1,4,"Jackknife MVN",0.947368421052632,2,1.33206100024197,0.511954822428386,1.95120051583256,"Jackknife MVN",0.955223880597015,1.30909003062668,0.515999574319792,1.95572823784473
3,1,4,"LEF both",0.898,3,0.543744548080526,0.404438431295336,0.635107149296537,"LEF both",0.89,0.533475464453627,0.405777536119306,0.630115389258071
3,1,4,"LEF outcome",0.898,3,0.549727416136281,0.407157515171798,0.646760454774643,"LEF outcome",0.89,0.551658621148868,0.415592191684283,0.651520163277757
3,1,4,"Bootstrap",0.837,4,0.687843538565461,0.391955614271677,0.818567798306934,"Bootstrap",0.827,0.685657300450901,0.394779858238403,0.818155661594633
3,1,4,"Sandwich",0.824254881808839,5,0.484948038243321,0.362684554881915,0.553684143152579,"Sandwich",0.825363825363825,0.480122700549316,0.367714779526658,0.541171288997911
3,2,0,"Jackknife MVN",0.977178423236514,1,1.24273722028647,1.06728294541141,1.22134060619985,"Jackknife MVN",0.978215767634855,1.30021997572515,1.04257219160226,1.18312398645202
3,2,0,"LEF both",0.971,2,1.10565131221288,1.02921455175297,1.17833203805198,"LEF both",0.972,1.07088894496677,1.00002347431166,1.14078296093673
3,2,0,"LEF outcome",0.971,2,1.10565131221249,1.02921455175297,1.17833203805198,"LEF outcome",0.972,1.07088894496681,1.00002347431166,1.14078296093673
3,2,0,"Jackknife Wald",0.954,3,1.00356759040524,0.911914128508897,1.08969624354971,"Sandwich",0.95610278372591,1.02595973322242,0.949396285930056,1.09831302413339
3,2,0,"Sandwich",0.950431034482759,4,1.04721897514346,0.966021224406397,1.12278385708734,"Bootstrap",0.95,0.972268222107371,0.886340445343757,1.05727667097731
3,2,0,"Bootstrap",0.95,5,0.99707211063213,0.906049456380755,1.08598766853812,"Jackknife Wald",0.95,0.980525344603568,0.892344638167853,1.06690187011686
3,2,1,"Jackknife MVN",0.983402489626556,1,2.5463590524323,1.2395431731191,1.65182970394333,"Jackknife MVN",0.982365145228216,2.37044549485793,1.2186574886851,1.59637342027654
3,2,1,"LEF outcome",0.967,2,1.1830602444136,1.07045141732708,1.25983496326492,"LEF outcome",0.976,1.17104929297136,1.05887817942115,1.26094414538272
3,2,1,"LEF both",0.966,3,1.18055624631175,1.06796174286754,1.258262047062,"LEF both",0.975,1.1581421740256,1.04850188866156,1.24558110963263
3,2,1,"Sandwich",0.954741379310345,4,1.06318004099774,0.972225709309399,1.14450721720548,"Sandwich",0.955032119914347,1.0591197735444,0.962549576646828,1.14560196110791
3,2,1,"Jackknife Wald",0.931,5,0.998783213331445,0.883255597536268,1.10624375880551,"Jackknife Wald",0.947,1.00330674963506,0.890237111295447,1.11358995947742
3,2,1,"Bootstrap",0.918,6,0.969754560944691,0.867296472681132,1.07221140920873,"Bootstrap",0.934,0.971733758245052,0.868098821360144,1.06963657154497
3,2,2,"Jackknife MVN",0.974066390041494,1,3.58892516196018,1.63078409739458,5.31310530493101,"Jackknife MVN",0.980290456431535,3.51531733246253,1.62183799944348,5.25293075895947
3,2,2,"LEF both",0.956,2,1.18128083757918,1.0154330749805,1.3469808088877,"LEF both",0.958,1.16972846055471,1.01406672371482,1.32009351077925
3,2,2,"LEF outcome",0.956,2,1.18530575271883,1.01586514714784,1.3486081377753,"LEF outcome",0.958,1.19191362519804,1.02931617946096,1.34949175420787
3,2,2,"Jackknife Wald",0.928,3,1.0597525377647,0.845641126830256,1.20193282433261,"Jackknife Wald",0.94,1.06897685130525,0.869237198025385,1.21057202106419
3,2,2,"Sandwich",0.904094827586207,4,1.04409863950091,0.896822926505655,1.19977831560656,"Sandwich",0.926124197002141,1.0419224547672,0.908739443596131,1.17697203192977
3,2,2,"Bootstrap",0.899,5,0.968566890995057,0.818768474326434,1.09467310846226,"Bootstrap",0.909,0.976272483027307,0.817271486389459,1.1139064006377
3,2,3,"Jackknife MVN",0.962655601659751,1,2.40371330130116,1.51710172762124,3.17679584242902,"Jackknife MVN",0.979253112033195,2.62019482255672,1.58229903689212,3.49171503524632
3,2,3,"Jackknife Wald",0.927,2,1.08703925324089,0.713067358978233,1.33333099096347,"Jackknife Wald",0.941,1.154678285334,0.754569842325399,1.39346527999079
3,2,3,"LEF outcome",0.872,3,0.86782179879261,0.693263316310783,1.04682039273994,"LEF outcome",0.886,0.935221102376344,0.741635550810907,1.1258069814175
3,2,3,"LEF both",0.871,4,0.864610111632644,0.690183144341359,1.04240217842683,"LEF both",0.881,0.917698462572425,0.729195595569192,1.10144680845347
3,2,3,"Bootstrap",0.826,5,0.874061262218621,0.674441544686516,1.04501624752707,"Bootstrap",0.857,0.929812911777611,0.721179224282606,1.10503576017039
3,2,3,"Sandwich",0.800646551724138,6,0.777527115450959,0.609481158866588,0.942929638831211,"Sandwich",0.853319057815846,0.830139444955984,0.641326093716828,1.00298300830625
3,2,4,"Jackknife MVN",0.967842323651452,1,1.65416027265039,1.17597770128993,2.13633633561901,"Jackknife MVN",0.980290456431535,1.61069516364631,1.10884096076805,2.09050049319325
3,2,4,"Jackknife Wald",0.927,2,1.18120189592869,0.579690509997065,1.53627797415681,"Jackknife Wald",0.938,1.17365998066612,0.527390525999767,1.49903068470732
3,2,4,"Bootstrap",0.781,3,0.821406557147095,0.539334004527798,1.04901949301712,"Bootstrap",0.795,0.780857776461876,0.501561199025246,0.989583686818614
3,2,4,"LEF outcome",0.755,4,0.594735590749928,0.455568854811579,0.720011679404513,"LEF outcome",0.76,0.566383865780622,0.423995326601233,0.686490375486248
3,2,4,"LEF both",0.754,5,0.592578125139215,0.453301965856596,0.718517087603401,"LEF both",0.754,0.555676647810425,0.414187119762776,0.67567076005146
3,2,4,"Sandwich",0.697198275862069,6,0.532402479202935,0.396319886740848,0.648518458458426,"Sandwich",0.732334047109208,0.506109191072711,0.371964554287066,0.619880850014001
3,3,0,"Jackknife MVN",0.977941176470588,1,2.23874557524211,1.21315997863493,1.49182751620168,"Jackknife MVN",0.966101694915254,2.08782800830157,1.18154591191886,1.46009891559504
3,3,0,"Sandwich",0.965,2,1.10216696377064,0.992062776816415,1.20636162695676,"Sandwich",0.949511400651466,1.04716552468836,0.944177239196636,1.13958932164192
3,3,0,"LEF both",0.946,3,1.22330083956402,1.09235211864712,1.33269342843884,"LEF both",0.934,1.14658818214418,1.03485440873625,1.2577161293432
3,3,0,"LEF outcome",0.946,3,1.22330083956111,1.09235211864712,1.33269342843884,"LEF outcome",0.934,1.1465881824911,1.03485440873624,1.2577161293432
3,3,0,"Jackknife Wald",0.929,4,1.01190155592724,0.876068468916316,1.14414091099081,"Jackknife Wald",0.917,0.963194925734212,0.82697308038633,1.09478964497939
3,3,0,"Bootstrap",0.913,5,0.998842023823931,0.870867622092309,1.12060530405678,"Bootstrap",0.894,0.945639664700972,0.81277302279835,1.07610596007657
3,3,1,"Jackknife MVN",0.970588235294118,1,3.03828731930732,0.96765554404384,5.38958624116995,"Jackknife MVN",0.958568738229755,2.9380948206543,0.943018320043921,5.27888396721375
3,3,1,"Sandwich",0.89,2,0.989086324952823,0.615506763185316,1.26543291322708,"LEF outcome",0.857,1.02858219995173,0.638591181606381,1.34564346738341
3,3,1,"LEF both",0.855,3,1.02577076497744,0.656875972421305,1.33670342510094,"LEF both",0.854,1.0062108057292,0.634692828927382,1.30470051870371
3,3,1,"LEF outcome",0.854,4,1.03144112383208,0.656419986744124,1.34729169194063,"Sandwich",0.842019543973941,0.968590598942742,0.594025777811628,1.23704771422578
3,3,1,"Jackknife Wald",0.796,5,0.979485788609072,0.499502713329141,1.31704926666552,"Jackknife Wald",0.792,0.962292864315923,0.490888757913005,1.27802523504028
3,3,1,"Bootstrap",0.76,6,0.905564997193363,0.528134590227563,1.18749555539784,"Bootstrap",0.761,0.893959945313099,0.513239558833418,1.17409504027079
3,3,2,"Jackknife MVN",0.838235294117647,1,2.13994042218407,1.03169274971675,3.05295389235406,"Jackknife MVN",0.836158192090395,2.1447277340619,0.885062777587542,3.08762349542495
3,3,2,"LEF outcome",0.767,2,0.679622486201868,0.434772670643306,0.85957399445004,"LEF both",0.763,0.684195093701963,0.425643137550886,0.868684040180173
3,3,2,"LEF both",0.766,3,0.675895480494027,0.435000406430431,0.854375193366235,"LEF outcome",0.761,0.698645094345597,0.426149835290296,0.893578997236094
3,3,2,"Sandwich",0.711666666666667,4,0.655279003913067,0.382969453253267,0.801484008918341,"Jackknife Wald",0.693,0.957337382926811,0.319370533914142,1.09165946945
3,3,2,"Jackknife Wald",0.701,5,0.933993018706146,0.315090092876883,1.10148545657843,"Sandwich",0.682410423452769,0.67314197206515,0.387481529537873,0.838267713636938
3,3,2,"Bootstrap",0.606,6,0.847859785894762,0.501960369590552,1.07897461592581,"Bootstrap",0.611,0.854576419027375,0.51893783924789,1.07726238975905
3,3,3,"Jackknife MVN",0.869485294117647,1,1.55927261623442,0.896012276060802,2.06657342225919,"Jackknife MVN",0.858757062146893,1.57333305890069,0.773791261298327,2.1278367891085
3,3,3,"Jackknife Wald",0.777,2,1.03119824332975,0.392660323875688,1.2754206786966,"Jackknife Wald",0.764,1.04211372719153,0.386963233146608,1.2464570520316
3,3,3,"Sandwich",0.75,3,0.531787568183422,0.377779804623658,0.63364371222831,"Sandwich",0.711726384364821,0.548756409783605,0.374119741361566,0.653407664382935
3,3,3,"LEF both",0.734,4,0.548049877668775,0.388179377278829,0.660361466076183,"LEF outcome",0.7,0.565637558644771,0.38565880728778,0.694125744553758
3,3,3,"LEF outcome",0.733,5,0.550195409516145,0.387095904012842,0.6649500884711,"LEF both",0.692,0.556012785631538,0.382350955487484,0.675588320686256
3,3,3,"Bootstrap",0.563,6,0.809642512857573,0.519076116318212,1.02401238902286,"Bootstrap",0.557,0.830986652352016,0.54736067140526,1.04903517985152
3,3,4,"Jackknife MVN",0.886029411764706,1,1.23501333289758,0.711181998718952,1.6123626916353,"Jackknife MVN",0.883239171374765,1.2745167856802,0.702885950057288,1.67963418532183
3,3,4,"Jackknife Wald",0.829,2,1.09568440348468,0.431567619334123,1.34170669398855,"Jackknife Wald",0.831,1.14253808207276,0.449612138459108,1.43208577520709
3,3,4,"Sandwich",0.791666666666667,3,0.512823256751017,0.405734148102346,0.602992512610157,"Sandwich",0.788273615635179,0.537615464370544,0.421619945639394,0.628304487674287
3,3,4,"LEF both",0.72,4,0.517873110658643,0.396141936841171,0.619552706887084,"LEF outcome",0.714,0.541786030787792,0.401982179040918,0.651726307328866
3,3,4,"LEF outcome",0.718,5,0.519335569812632,0.39737184981115,0.622028760612151,"LEF both",0.704,0.534346360890431,0.397100238990938,0.644047269290324
3,3,4,"Bootstrap",0.589,6,0.781929487132668,0.528688267383425,0.971674030025191,"Bootstrap",0.595,0.808436431675085,0.536092392741356,1.01104784880776
3,4,0,"LEF both",0.965,1,1.08371361534301,0.992709539931209,1.16691335911008,"Jackknife MVN",0.978515625,1.2005975367283,1.01578425979456,1.16405383790827
3,4,0,"LEF outcome",0.965,1,1.08371361534301,0.992709539931209,1.16691335911008,"LEF both",0.957,1.07225649230939,0.989845431920201,1.15353498582849
3,4,0,"Jackknife MVN",0.955223880597015,2,1.25730035484866,1.022077604537,1.17748204309306,"LEF outcome",0.957,1.07225649230939,0.989845431920201,1.15353498582849
3,4,0,"Bootstrap",0.949,3,0.995064891088011,0.905150005062885,1.07879954025163,"Sandwich",0.951143451143451,1.03274107883978,0.946106461383057,1.10876016093601
3,4,0,"Jackknife Wald",0.949,3,0.997120437509168,0.914984554484495,1.0728625222711,"Jackknife Wald",0.944,0.991999287474836,0.908163635637461,1.07210312681278
3,4,0,"Sandwich",0.937888198757764,4,1.03298367277213,0.948334005053153,1.11547759910687,"Bootstrap",0.937,0.987366339881659,0.903166764076317,1.06736305165048
3,4,1,"LEF both",0.973,1,1.25395014438543,1.01390890949629,1.46524561981314,"LEF both",0.953,1.22673087987717,1.00549977762776,1.4184877289825
3,4,1,"LEF outcome",0.973,1,1.26400280024452,1.00490976258955,1.47855337539399,"LEF outcome",0.953,1.27664659302327,1.02248885179963,1.48650356666983
3,4,1,"Jackknife Wald",0.955,2,1.0036377203935,0.811435115050303,1.12426986712957,"Jackknife MVN",0.939453125,3.81410171795553,1.19502048039023,9.02365325373135
3,4,1,"Jackknife MVN",0.951492537313433,3,3.90185978598574,1.19468738038424,9.15743529019728,"Jackknife Wald",0.935,0.976472668207245,0.796783290036116,1.10555406040759
3,4,1,"Bootstrap",0.948,4,0.973117984445309,0.795010574721532,1.09861947750361,"Bootstrap",0.924,0.954868772158145,0.788526209288902,1.0852585194989
3,4,1,"Sandwich",0.917184265010352,5,1.09503476213538,0.8806772229007,1.26168807611564,"Sandwich",0.907484407484408,1.06938914012048,0.889154766819649,1.21866555155537
3,4,2,"LEF outcome",0.948,1,0.931530375657142,0.670547686608363,1.09069101630776,"LEF outcome",0.945,1.04681428704797,0.753131339256703,1.24556748098054
3,4,2,"LEF both",0.944,2,0.923153675656762,0.675264196782227,1.07493522199542,"LEF both",0.939,1.00773880253906,0.740291910864422,1.19819699400582
3,4,2,"Jackknife MVN",0.942164179104478,3,2.71516370654578,0.900474661741888,4.5378170048289,"Jackknife MVN",0.9375,2.96318566588432,0.967349995856715,4.98119714117557
3,4,2,"Jackknife Wald",0.941,4,0.887697578662271,0.557404652695779,0.93150956439903,"Jackknife Wald",0.92,0.977235076357042,0.604365283085002,0.98207839901285
3,4,2,"Bootstrap",0.922,5,0.862267573983035,0.561665380529,0.96488164172551,"Bootstrap",0.91,0.943002258723432,0.607506630479343,1.04044109353825
3,4,2,"Sandwich",0.891304347826087,6,0.817400442938655,0.593542454526906,0.932092444084181,"Sandwich",0.877338877338877,0.893806386660924,0.649844628493222,1.03428809421878
3,4,3,"Jackknife Wald",0.954,1,0.847237843571445,0.372157488650319,0.77281420130658,"Jackknife MVN",0.947265625,1.43246377217843,0.53624034592338,2.11616001530601
3,4,3,"Jackknife MVN",0.947761194029851,2,1.48181125558127,0.551950333182179,2.28443736145781,"Jackknife Wald",0.929,0.817526692683281,0.347301923517223,0.717043115197775
3,4,3,"LEF both",0.907,3,0.55243713965241,0.410944362894227,0.647242942121147,"LEF outcome",0.893,0.524391998324012,0.392577509233352,0.603418858753636
3,4,3,"LEF outcome",0.906,4,0.556495508299158,0.410080292518638,0.652150558544202,"LEF both",0.889,0.508275799660558,0.384458050128716,0.583170562860989
3,4,3,"Bootstrap",0.853,5,0.68780278635367,0.393723203180623,0.806712320977731,"Bootstrap",0.83,0.645311937910384,0.370543885672752,0.751053545214092
3,4,3,"Sandwich",0.836438923395445,6,0.491101155751417,0.363020742426352,0.566128154063104,"Sandwich",0.817047817047817,0.453887622001773,0.341347976553276,0.518017518989665
3,4,4,"Jackknife Wald",0.978,1,0.880061372206128,0.362033425449451,0.812675476254557,"Jackknife Wald",0.97,0.871977225700872,0.345875166362024,0.780573849433365
3,4,4,"Jackknife MVN",0.938432835820896,2,1.14373991157149,0.442417394504477,1.71304670519923,"Jackknife MVN",0.947265625,1.14336455561019,0.45776786599112,1.67471039941492
3,4,4,"LEF outcome",0.88,3,0.497214935380266,0.37381020847914,0.576174987432674,"LEF outcome",0.877,0.478192942034223,0.368609932792392,0.550583865499511
3,4,4,"LEF both",0.879,4,0.494055061310328,0.373470960183243,0.567381731997694,"LEF both",0.873,0.465352982786365,0.363378701435985,0.533814908839904
3,4,4,"Bootstrap",0.844,5,0.646188305041201,0.378165331858424,0.759773086118212,"Bootstrap",0.839,0.618553801755452,0.349631977251344,0.743842557980128
3,4,4,"Sandwich",0.825051759834369,6,0.442758445642726,0.333318893736896,0.502155809050204,"Sandwich",0.824324324324324,0.419997851378209,0.323632058694549,0.474046028515186
3,5,0,"Jackknife MVN",0.970181043663472,1,1.14118900136765,1.03661990534244,1.19861667849107,"Jackknife MVN",0.973204715969989,1.29635217732063,1.08393276835051,1.26184983927022
3,5,0,"LEF both",0.968,2,1.0876456721273,1.00374066004401,1.16353147665843,"LEF both",0.971,1.12410499751767,1.04012270505575,1.20265172181581
3,5,0,"LEF outcome",0.968,2,1.0876456721273,1.00374066004401,1.16353147665843,"LEF outcome",0.971,1.12410499751768,1.04012270505575,1.20265172181581
3,5,0,"Sandwich",0.956008583690987,3,1.04029718028618,0.958766732920219,1.11905243810716,"Sandwich",0.953537486800422,1.08893063339304,0.99687794912792,1.17544058753555
3,5,0,"Jackknife Wald",0.949,4,1.00749694178843,0.917068508396203,1.08861685631282,"Jackknife Wald",0.95,1.05779193765095,0.959534537282368,1.14243267027613
3,5,0,"Bootstrap",0.945,5,1.00157269273379,0.908301471656162,1.08233046897889,"Bootstrap",0.943,1.04431431299602,0.953091874471447,1.12816981851699
3,5,1,"Jackknife MVN",0.975505857294995,1,2.39329438236159,1.21348123848967,1.73046412226444,"Jackknife MVN",0.981779206859593,2.47883071949636,1.22908143901197,1.75564707191751
3,5,1,"LEF both",0.968,2,1.1535197018799,1.0194974144529,1.25908448763598,"LEF outcome",0.963,1.18642420719336,1.05070510790462,1.28681109467874
3,5,1,"LEF outcome",0.968,2,1.15820064703967,1.02159848482038,1.26651308744438,"LEF both",0.959,1.16575076915701,1.03984007185623,1.25845259061271
3,5,1,"Sandwich",0.947424892703863,3,1.04724952920923,0.933472693251694,1.14778047723854,"Sandwich",0.953537486800422,1.07536913399003,0.950961578357717,1.17861298326812
3,5,1,"Jackknife Wald",0.939,4,1.00739325487805,0.870949983409397,1.12480727354257,"Jackknife Wald",0.94,1.03277642031639,0.894824198121389,1.14969864312649
3,5,1,"Bootstrap",0.927,5,0.9685232966972,0.854240899866988,1.06926088441905,"Bootstrap",0.918,0.989810117223679,0.870184431620135,1.09957861037941
3,5,2,"Jackknife MVN",0.969116080937167,1,3.15491267624199,1.5141061218607,4.74490856018724,"Jackknife MVN",0.979635584137192,3.25546384970918,1.60737516636689,4.73681181788394
3,5,2,"LEF outcome",0.941,2,1.12062286381974,0.939923179086761,1.29930585640916,"LEF outcome",0.945,1.13450937911341,0.964766667508274,1.30304135098847
3,5,2,"LEF both",0.94,3,1.11595179253145,0.934264542572467,1.29037012785142,"LEF both",0.938,1.11239520632992,0.94526583870438,1.27874629279619
3,5,2,"Jackknife Wald",0.925,4,1.05070460807174,0.819248045179663,1.20350512806269,"Jackknife Wald",0.922,1.05734168234142,0.820976884043257,1.22776606554579
3,5,2,"Sandwich",0.892703862660944,5,0.999661669317132,0.8310237849398,1.14439284999936,"Sandwich",0.881731784582893,1.00095615733246,0.849547856299137,1.14462728901545
3,5,2,"Bootstrap",0.875,6,0.946849063465137,0.790365693474628,1.07840729571696,"Bootstrap",0.881,0.948630949068845,0.795650718768776,1.07704430572946
3,5,3,"Jackknife MVN",0.969116080937167,1,2.1589100928134,1.34024766520136,2.85042516202323,"Jackknife MVN",0.973204715969989,2.1799110464691,1.38580571325045,2.83848562523093
3,5,3,"Jackknife Wald",0.914,2,1.10979305143267,0.68663336746335,1.40642814221977,"Jackknife Wald",0.923,1.0969148944506,0.696118179932641,1.32436390667755
3,5,3,"LEF outcome",0.844,3,0.814615464107737,0.621490508721574,0.982684223612124,"LEF outcome",0.852,0.807022962508805,0.615173343490853,0.97316311140747
3,5,3,"LEF both",0.843,4,0.811681758565272,0.618825900932292,0.977501528369308,"LEF both",0.845,0.792610353077794,0.598662758946914,0.954745774385536
3,5,3,"Bootstrap",0.793,5,0.861468617429895,0.647392585582372,1.0442396873974,"Bootstrap",0.807,0.853275864001501,0.638035139644453,1.03492667090744
3,5,3,"Sandwich",0.778969957081545,6,0.736114487280177,0.549168369361764,0.900959069645498,"Sandwich",0.775079197465681,0.726495333244381,0.550895568663581,0.886319097351236
3,5,4,"Jackknife MVN",0.964856230031949,1,1.5147798616049,1.04874646386171,1.9663852292161,"Jackknife MVN",0.964630225080386,1.50047429505872,1.04978742535177,1.91475495489367
3,5,4,"Jackknife Wald",0.921,2,1.19129566367688,0.557758892455908,1.52018833135836,"Jackknife Wald",0.918,1.13870117011459,0.533754076668564,1.42017279577446
3,5,4,"Bootstrap",0.758,3,0.798142893211945,0.521300502937941,1.01184134097117,"Bootstrap",0.77,0.762778385053425,0.494916951441249,0.943177954022949
3,5,4,"LEF outcome",0.724,4,0.56828380968899,0.418225053174532,0.692103048005184,"LEF outcome",0.718,0.538791949272516,0.388678452849074,0.662856799014852
3,5,4,"LEF both",0.723,5,0.56627327354051,0.416613996621389,0.689426368774571,"LEF both",0.711,0.529150851461618,0.384293084694667,0.654042639481309
3,5,4,"Sandwich",0.678111587982833,6,0.512050048528948,0.368544489276771,0.629861921483376,"Sandwich",0.686378035902851,0.488626695749876,0.346354451328879,0.604569984167982
3,6,0,"Jackknife MVN",0.975190839694656,1,2.00424801806159,1.16525531690707,1.49164356589364,"Jackknife MVN",0.96734693877551,2.10111586352205,1.14896123081582,1.48476100713812
3,6,0,"Sandwich",0.962897526501767,2,1.08219761100934,0.969525562471072,1.18698575411456,"Sandwich",0.957482993197279,1.04293162319526,0.92553810064762,1.14550031361957
3,6,0,"LEF both",0.927,3,1.17559707501021,1.04495883319075,1.29058614956865,"Jackknife Wald",0.925,0.986146236537788,0.84848787688626,1.11822907379761
3,6,0,"LEF outcome",0.927,3,1.1755970750016,1.04495883319075,1.29058614956865,"LEF both",0.919,1.12950262974739,1.0031265835775,1.23964186545428
3,6,0,"Jackknife Wald",0.924,4,1.00517309699398,0.86313536652726,1.15460633062008,"LEF outcome",0.919,1.12950262975958,1.0031265835775,1.23964186545428
3,6,0,"Bootstrap",0.901,5,0.986591000926599,0.85647482896208,1.1296411199031,"Bootstrap",0.901,0.961229451374234,0.827228698292406,1.08494515661346
3,6,1,"Jackknife MVN",0.958015267175573,1,2.61310481211204,0.79402597390304,4.77700948481883,"Jackknife MVN",0.961224489795918,2.78776436850218,0.967148867642179,4.79973123744701
3,6,1,"Sandwich",0.886925795053004,2,0.943186055743536,0.617796373541138,1.14559073848369,"LEF outcome",0.842,0.961174625103354,0.609726828083258,1.24550786142346
3,6,1,"LEF both",0.82,3,0.93409441111101,0.617426245914793,1.21039962817362,"Sandwich",0.841836734693878,0.939826843835529,0.591796778760734,1.16319933643874
3,6,1,"LEF outcome",0.819,4,0.940566715738582,0.616854380966494,1.21666713931732,"LEF both",0.832,0.935356885232784,0.604143722215307,1.21428682695406
3,6,1,"Jackknife Wald",0.788,5,0.929118060519248,0.479837903950126,1.22743004057452,"Jackknife Wald",0.816,0.949142467183669,0.493395656484331,1.25561283450933
3,6,1,"Bootstrap",0.748,6,0.840778936632028,0.505298503815634,1.09844912691938,"Bootstrap",0.767,0.851146525037493,0.517065519811184,1.11278721976966
3,6,2,"Jackknife MVN",0.824427480916031,1,1.92469624634474,0.95185918511779,2.68591875409918,"Jackknife MVN",0.822448979591837,2.06356635127781,0.994576413581286,2.85946922585173
3,6,2,"LEF both",0.729,2,0.618953163733727,0.394900615064096,0.783917711034743,"LEF outcome",0.734,0.661217902128674,0.418570445399217,0.852738190982816
3,6,2,"LEF outcome",0.729,2,0.622599328257833,0.395805278145167,0.792103568463127,"LEF both",0.731,0.645770462667899,0.414850483661313,0.821747447082192
3,6,2,"Jackknife Wald",0.701,3,0.908182470159625,0.297919499395466,1.09191960316424,"Jackknife Wald",0.716,0.92520859899546,0.332216977516033,1.10321442710338
3,6,2,"Sandwich",0.68904593639576,4,0.6313976277574,0.400885675076678,0.781971957809775,"Sandwich",0.69047619047619,0.657874718735079,0.398135447699765,0.825097451852457
3,6,2,"Bootstrap",0.593,5,0.785278288681901,0.473018854025168,1.02906556666486,"Bootstrap",0.603,0.811499051284973,0.492466385844374,1.03581309313528
3,6,3,"Jackknife MVN",0.83969465648855,1,1.5530080909268,0.975776771387343,2.02514797675275,"Jackknife MVN",0.851020408163265,1.52444771561515,0.968603907072318,2.03479213078776
3,6,3,"Jackknife Wald",0.765,2,1.0720079634214,0.380041133048531,1.37087615733807,"Jackknife Wald",0.78,1.05756509395793,0.394392208277832,1.39200163220077
3,6,3,"Sandwich",0.720848056537102,3,0.539039739007421,0.388163015227644,0.63637396993547,"LEF outcome",0.693,0.519148567406393,0.364884910665742,0.64136141568861
3,6,3,"LEF outcome",0.696,4,0.53740749815091,0.376566750339144,0.655795083551272,"LEF both",0.692,0.509050994131273,0.360095026550049,0.62173075185448
3,6,3,"LEF both",0.694,5,0.535220051819845,0.376020197488287,0.649477297478082,"Sandwich",0.685374149659864,0.512674212984272,0.352786265849119,0.614530000006146
3,6,3,"Bootstrap",0.542,6,0.799069748912751,0.512513340731043,1.02517012849996,"Bootstrap",0.559,0.7879137044419,0.524399933339477,0.983920614483461
3,6,4,"Jackknife MVN",0.858778625954199,1,1.288519690848,0.830083109656194,1.64658819544352,"Jackknife MVN",0.879591836734694,1.28262299787745,0.819962135063166,1.66713773281701
3,6,4,"Jackknife Wald",0.819,2,1.18224589860127,0.443796998397723,1.52873407609406,"Jackknife Wald",0.826,1.16645955323845,0.460238736178,1.56441121827928
3,6,4,"Sandwich",0.759717314487632,3,0.519528073807116,0.403442850234769,0.610183744901492,"Sandwich",0.722789115646258,0.505862007782163,0.384736699185798,0.59332273927449
3,6,4,"LEF both",0.687,4,0.509131344511112,0.376775320145775,0.614975889760145,"LEF outcome",0.666,0.508149382301848,0.374345176219944,0.611151132051468
3,6,4,"LEF outcome",0.686,5,0.51062997468605,0.376987030161692,0.617575431071804,"LEF both",0.665,0.499891621195938,0.370266184459417,0.595276397944989
3,6,4,"Bootstrap",0.565,6,0.785099373524468,0.528291876296732,0.986304984770525,"Bootstrap",0.565,0.783097624732583,0.540957840656136,0.982008224927175
3,7,0,"LEF both",0.953,1,1.03745063167284,0.953832727030563,1.11476578265065,"Jackknife MVN",0.955197132616487,1.11332144320737,0.956029304371621,1.12232766319749
3,7,0,"LEF outcome",0.953,1,1.03745063167284,0.953832727030562,1.11476578265065,"LEF both",0.944,1.01491391304515,0.929445173587191,1.0971071547598
3,7,0,"Jackknife Wald",0.948,2,0.991237424678731,0.91297942714436,1.06734377896033,"LEF outcome",0.944,1.01491391304515,0.92944517358719,1.0971071547598
3,7,0,"Bootstrap",0.943,3,0.987915015131287,0.908225556450939,1.06505836595525,"Jackknife Wald",0.943,0.976664289834992,0.895446763972165,1.05500671954835
3,7,0,"Sandwich",0.939175257731959,4,1.00290299316697,0.91829275559672,1.08408329792779,"Sandwich",0.942327497425335,0.994428084730142,0.909295631666968,1.07616027148992
3,7,0,"Jackknife MVN",0.937163375224417,5,1.07684905531211,0.95974132864442,1.12587578713554,"Bootstrap",0.942,0.970814524881147,0.88525691299918,1.05319988157264
3,7,1,"Jackknife MVN",0.967684021543986,1,2.85006844574151,1.11502579383758,2.36042447996339,"Jackknife MVN",0.976702508960573,3.0666469183157,1.15737534088544,3.09900192978146
3,7,1,"LEF outcome",0.966,2,1.15869089031034,0.954783067372522,1.29779087419632,"LEF outcome",0.961,1.22236047035588,1.00258772194556,1.36771964189888
3,7,1,"LEF both",0.96,3,1.15782515735503,0.970654104954158,1.29113997291756,"LEF both",0.959,1.19293947928466,1.00860253387316,1.32512156930738
3,7,1,"Jackknife Wald",0.953,4,0.983739190665093,0.812251211073011,1.08158528287173,"Jackknife Wald",0.955,1.01446757849353,0.837125150428806,1.13164483431393
3,7,1,"Bootstrap",0.945,5,0.952477282165473,0.798189333364249,1.05796211854494,"Bootstrap",0.948,0.989552291829991,0.822731340595259,1.09769379333909
3,7,1,"Sandwich",0.930927835051546,6,1.03417201826596,0.874661282570775,1.15250238176445,"Sandwich",0.93923789907312,1.07865608082192,0.900036289387842,1.19816937522051
3,7,2,"Jackknife MVN",0.960502692998205,1,2.29579917314063,0.841297270791134,3.81353789546052,"Jackknife MVN",0.967741935483871,2.39269726921983,0.868209145005838,3.85154961810661
3,7,2,"Jackknife Wald",0.946,2,0.94757277450478,0.551899589884296,0.938014657949396,"LEF outcome",0.95,0.893510628037297,0.634640924278824,1.09572921280999
3,7,2,"LEF outcome",0.937,3,0.877749411242391,0.640363790326019,1.05042537812157,"LEF both",0.943,0.87316045980217,0.624549239471711,1.08217765082564
3,7,2,"LEF both",0.935,4,0.874472222630194,0.641692877585789,1.04573329112106,"Jackknife Wald",0.938,0.910111354889288,0.548183462072095,0.972655209311576
3,7,2,"Bootstrap",0.899,5,0.8823860986394,0.554732703649439,1.02557026618485,"Bootstrap",0.914,0.875896347167186,0.552522131174652,1.0683435488281
3,7,2,"Sandwich",0.867010309278351,6,0.784570949320963,0.568767815415816,0.914087239354535,"Sandwich",0.884654994850669,0.794213098066769,0.568697613618012,0.950956730121003
3,7,3,"Jackknife Wald",0.962,1,0.916361353714617,0.392728496070284,0.944519266515224,"Jackknife Wald",0.956,0.934156080656977,0.404968217839388,0.918355783723711
3,7,3,"Jackknife MVN",0.960502692998205,2,1.35980976756026,0.56901120875921,2.0238726796164,"Jackknife MVN",0.949820788530466,1.47892577439356,0.627133126312319,2.16250110370302
3,7,3,"LEF outcome",0.893,3,0.552327477758573,0.411566260810899,0.661442094636965,"LEF outcome",0.901,0.596836850552909,0.43654730025837,0.710074601200267
3,7,3,"LEF both",0.891,4,0.550454544841472,0.412709655180446,0.661947559044926,"LEF both",0.892,0.586590445569236,0.428955398077657,0.697231830501382
3,7,3,"Bootstrap",0.834,5,0.709840426673351,0.408492992133974,0.886196281358262,"Bootstrap",0.847,0.745641322049354,0.43648099728368,0.919880980421536
3,7,3,"Sandwich",0.808247422680412,6,0.495422450996467,0.367371974033256,0.576396152083021,"Sandwich",0.820803295571576,0.536356509547075,0.387279953339215,0.62466107988448
3,7,4,"Jackknife Wald",0.966,1,0.923062033002717,0.386967208746326,1.0181429585746,"Jackknife Wald",0.972,0.988011185663874,0.405117769731524,0.975828584964934
3,7,4,"Jackknife MVN",0.931777378815081,2,1.05017324278424,0.454704030971104,1.51037925424172,"Jackknife MVN",0.933691756272401,1.16376934523361,0.504783201799043,1.67055447064405
3,7,4,"LEF outcome",0.864,3,0.484353737162248,0.369792019068231,0.5716591520846,"LEF outcome",0.871,0.530965144007757,0.399016956834723,0.61476946769099
3,7,4,"LEF both",0.862,4,0.482904722847505,0.368671874352005,0.569975493717648,"LEF both",0.865,0.522650774798129,0.391807745129934,0.604923823501974
3,7,4,"Bootstrap",0.831,5,0.656516530244073,0.370621341628075,0.820297837518696,"Bootstrap",0.843,0.699455561925233,0.407088364728524,0.875912986172153
3,7,4,"Sandwich",0.806185567010309,6,0.438342929448892,0.332674516164722,0.50799388829688,"Sandwich",0.809474768280124,0.480042759248972,0.35586432199353,0.550311185208143
3,8,0,"Jackknife MVN",0.974566473988439,1,1.29872034213903,1.03162578773311,1.20865981242176,"Jackknife MVN",0.967630057803468,1.25917222758357,1.01598732650661,1.20696047255403
3,8,0,"LEF both",0.966,2,1.08658463375783,0.99958926087261,1.17185764439053,"LEF both",0.963,1.0693675763536,0.970357568476398,1.15962371840023
3,8,0,"LEF outcome",0.966,2,1.08658463375788,0.999589260872611,1.17185764439053,"LEF outcome",0.963,1.0693675763536,0.970357568476398,1.15962371840023
3,8,0,"Sandwich",0.957127545551983,3,1.04899397639943,0.961242435336249,1.13520851755934,"Jackknife Wald",0.956,1.0291161660835,0.931311984950456,1.12601981315109
3,8,0,"Jackknife Wald",0.954,4,1.03904918281933,0.942140479251983,1.13349148974399,"Bootstrap",0.954,1.01517008100324,0.916950879687339,1.10822906408191
3,8,0,"Bootstrap",0.949,5,1.02900159505341,0.936888372367479,1.12237700269791,"Sandwich",0.949023861171367,1.03902348180003,0.940351743492097,1.12824137827078
3,8,1,"Jackknife MVN",0.982658959537572,1,2.05382607971819,1.13716545359143,1.74517310576278,"Jackknife MVN",0.975722543352601,2.06751057289423,1.17322964156235,1.75093190544118
3,8,1,"LEF both",0.962,2,1.10090419491428,0.945713357170803,1.21924180111686,"LEF outcome",0.95,1.13768178766487,0.970877740627297,1.26815459838821
3,8,1,"LEF outcome",0.961,3,1.1092197789495,0.94860085066712,1.22870199788848,"LEF both",0.944,1.10973033451648,0.960661427229831,1.23039644035635
3,8,1,"Jackknife Wald",0.932,4,1.02288918528137,0.847657616347345,1.15069521563048,"Jackknife Wald",0.927,1.04109927236686,0.870545720072183,1.18772831531191
3,8,1,"Sandwich",0.928188638799571,5,1.02381675516827,0.88224922267118,1.14021455072099,"Sandwich",0.926247288503254,1.03964180752785,0.893108088098917,1.16056512476164
3,8,1,"Bootstrap",0.912,6,0.964924052062153,0.824996739604804,1.08022106092346,"Bootstrap",0.914,0.985920488470872,0.846531926829603,1.11061253829962
3,8,2,"Jackknife MVN",0.978034682080925,1,2.57627225241805,1.375489882804,3.86228688360172,"Jackknife MVN",0.966473988439306,2.61917416447135,1.41371136116333,3.89257949192175
3,8,2,"Jackknife Wald",0.932,2,1.06610217298698,0.801759445724432,1.2512978850712,"LEF outcome",0.92,1.03180152071595,0.841271438710594,1.2041961981058
3,8,2,"LEF both",0.927,3,1.01187980567145,0.823858905424623,1.18418188582785,"Jackknife Wald",0.919,1.05625463107047,0.789976962763751,1.25827202198389
3,8,2,"LEF outcome",0.927,3,1.01745015540392,0.828380643329284,1.19399205494763,"LEF both",0.919,1.01106809512313,0.840616391364243,1.17858703247592
3,8,2,"Bootstrap",0.884,4,0.92169730735079,0.747306583747545,1.06302459692555,"Sandwich",0.878524945770065,0.926890116859823,0.759474955109042,1.07196575727588
3,8,2,"Sandwich",0.876741693461951,5,0.925061437631844,0.748233665308898,1.07650153401364,"Bootstrap",0.861,0.92115147809594,0.745842909654411,1.06644555112621
3,8,3,"Jackknife MVN",0.969942196531792,1,1.77371195999985,1.14191441186697,2.36474576803479,"Jackknife MVN",0.958381502890173,1.86279997308149,1.21578907914927,2.47055722679421
3,8,3,"Jackknife Wald",0.919,2,1.13434646585803,0.679657470585636,1.44129384893935,"Jackknife Wald",0.928,1.19896967025813,0.750695128890627,1.5268146111231
3,8,3,"Bootstrap",0.805,3,0.848901275331449,0.626638319781198,1.02816500779459,"LEF outcome",0.815,0.760789205840107,0.56501108339551,0.93128018078344
3,8,3,"LEF outcome",0.795,4,0.74008756065885,0.563119175023224,0.889915442899815,"LEF both",0.803,0.749432792471393,0.555785515850439,0.914564279823088
3,8,3,"LEF both",0.793,5,0.737168076616684,0.563701290050211,0.884880909585199,"Bootstrap",0.788,0.886091266750124,0.667852348305051,1.07611365911745
3,8,3,"Sandwich",0.764201500535906,6,0.680612557086385,0.500032111349992,0.823297550899471,"Sandwich",0.768980477223427,0.700659558820669,0.522937433626984,0.853051356833697
3,8,4,"Jackknife MVN",0.972254335260116,1,1.35476934621161,0.940253599781341,1.74354178786771,"Jackknife MVN",0.963005780346821,1.29048040039909,0.920949852007094,1.63995533760045
3,8,4,"Jackknife Wald",0.928,2,1.22340983848953,0.596280771066949,1.56320861723487,"Jackknife Wald",0.923,1.25959400968158,0.597697381985941,1.5947705567493
3,8,4,"Bootstrap",0.771,3,0.803117861089627,0.544755870196185,1.01226825362011,"Bootstrap",0.73,0.786309966735228,0.532562462380157,0.988158776664708
3,8,4,"LEF outcome",0.681,4,0.548926942821246,0.413692023460488,0.671886607181545,"LEF both",0.67,0.489951706004652,0.352942086933238,0.600958808428204
3,8,4,"LEF both",0.679,5,0.546964790265419,0.411372232600227,0.668071917878784,"LEF outcome",0.67,0.497094860811706,0.357477121862996,0.611086740265768
3,8,4,"Sandwich",0.660235798499464,6,0.503784273571849,0.362800839464147,0.625347143958164,"Sandwich",0.644251626898048,0.461086435453871,0.325817562122591,0.558036479228983
3,9,0,"Jackknife MVN",0.952191235059761,1,2.04045626230153,1.11100266424256,1.38414330827701,"Jackknife MVN",0.961456102783726,1.86265459135802,1.07417604257742,1.39685108280753
3,9,0,"Sandwich",0.950171821305842,2,1.04365254728602,0.931242656422854,1.15315457207547,"Sandwich",0.951807228915663,1.03029641080214,0.912673043894797,1.13644537152408
3,9,0,"Jackknife Wald",0.918,3,1.00337041355419,0.865275846613308,1.14382697713517,"Jackknife Wald",0.924,1.00737010304359,0.873438041067949,1.14893541025136
3,9,0,"LEF both",0.906,4,1.11104913264927,0.99325521458711,1.22613118458677,"LEF both",0.904,1.10023875294171,0.981371138931372,1.21633580834129
3,9,0,"LEF outcome",0.906,4,1.11104913266306,0.99325521458711,1.22613118458677,"LEF outcome",0.904,1.10023875294176,0.981371138931372,1.21633580834129
3,9,0,"Bootstrap",0.895,5,0.978634459511313,0.840549492608532,1.11703012823159,"Bootstrap",0.888,0.975537327245911,0.850628619377123,1.10710047789105
3,9,1,"Jackknife MVN",0.938247011952191,1,2.43628690752034,0.757005999437454,4.28765320762989,"Jackknife MVN",0.944325481798715,2.39755712460269,0.763330880830319,4.28568502690654
3,9,1,"Sandwich",0.835051546391753,2,0.8603035581408,0.580337185686874,1.07617718428607,"Sandwich",0.839931153184165,0.874467524095958,0.591511804508704,1.07276796637279
3,9,1,"LEF both",0.787,3,0.862751626088263,0.594945272900572,1.08554912711319,"LEF outcome",0.804,0.899403869634871,0.592092265469237,1.14579219297898
3,9,1,"LEF outcome",0.785,4,0.870394257836492,0.593422666654718,1.10300527973021,"Jackknife Wald",0.799,0.934785233988078,0.50027406008414,1.2310770101718
3,9,1,"Jackknife Wald",0.776,5,0.902256349775338,0.483970131704874,1.19286200818364,"LEF both",0.789,0.875779881018206,0.588866152384724,1.10909089248305
3,9,1,"Bootstrap",0.73,6,0.796760277506718,0.494092665249348,1.02865553477708,"Bootstrap",0.742,0.820449083814685,0.507901241595585,1.06785419571775
3,9,2,"Jackknife MVN",0.786852589641434,1,1.91360101775073,0.932426736580055,2.66183672962346,"Jackknife MVN",0.813704496788009,1.81051495862432,0.844090743907522,2.64386334930761
3,9,2,"LEF both",0.705,2,0.63161093168012,0.42336546477095,0.780648079996761,"Sandwich",0.707401032702238,0.631711681814107,0.407077434634041,0.787045619918435
3,9,2,"LEF outcome",0.702,3,0.635715158650512,0.423179373086346,0.791921440902062,"Jackknife Wald",0.706,0.900887032089898,0.349853756316388,1.12441859281763
3,9,2,"Jackknife Wald",0.672,4,0.908593077544401,0.340684077911923,1.13446374507101,"LEF outcome",0.699,0.640209771414807,0.420144444750377,0.813638189660442
3,9,2,"Sandwich",0.670103092783505,5,0.633909072538752,0.400568386421332,0.818744750889423,"LEF both",0.69,0.626990158009224,0.417598266365285,0.789686804796822
3,9,2,"Bootstrap",0.572,6,0.767283302507535,0.459360348897147,0.962891836921008,"Bootstrap",0.595,0.769587145500659,0.460029004193822,0.973302671357857
3,9,3,"Jackknife MVN",0.798804780876494,1,1.49761374569142,0.962374527135558,1.99670176252387,"Jackknife MVN",0.80728051391863,1.43127379093427,0.804565036506219,1.96131941471234
3,9,3,"Jackknife Wald",0.729,2,1.02648732784185,0.392980568789912,1.33753756709011,"Jackknife Wald",0.744,1.02802398632582,0.376184169091016,1.32387357850233
3,9,3,"Sandwich",0.673539518900344,3,0.517179909538744,0.373942067449332,0.633989329447914,"Sandwich",0.683304647160069,0.519007427792091,0.377942930013806,0.641595959150821
3,9,3,"LEF outcome",0.65,4,0.524763107566624,0.381533207494515,0.632312247149074,"LEF outcome",0.649,0.524331045282524,0.366243761151093,0.652442645860095
3,9,3,"LEF both",0.648,5,0.522423851543056,0.381784694402455,0.627783288233557,"LEF both",0.645,0.515964425593042,0.364327545378897,0.637655383719328
3,9,3,"Bootstrap",0.489,6,0.764254115135784,0.520132815518263,0.963092879144444,"Bootstrap",0.516,0.766464557792056,0.51962272453526,0.946111834422935
3,9,4,"Jackknife MVN",0.808764940239044,1,1.20621127772766,0.787540484345956,1.53798493466023,"Jackknife MVN",0.815845824411135,1.18312185106724,0.705512377540722,1.5919458966963
3,9,4,"Jackknife Wald",0.8,2,1.14693580213175,0.4679709084359,1.57960494671275,"Jackknife Wald",0.799,1.1601178302331,0.467294709150649,1.55414890181116
3,9,4,"Sandwich",0.70446735395189,3,0.492299062151882,0.383628854356325,0.583960914819509,"Sandwich",0.710843373493976,0.497032198327931,0.382697859069841,0.601125059931765
3,9,4,"LEF outcome",0.628,4,0.492873558154424,0.371604212922594,0.590483515337611,"LEF outcome",0.613,0.491189790477411,0.358259118780559,0.607840665956664
3,9,4,"LEF both",0.623,5,0.491270454253453,0.371297394946245,0.588808166014365,"LEF both",0.611,0.484901807568086,0.356962338569254,0.592841266438074
3,9,4,"Bootstrap",0.511,6,0.747783793929068,0.520159617815712,0.939030217691575,"Bootstrap",0.52,0.753973505213711,0.530956798653688,0.931352327572586
3,10,0,"Sandwich",0.948,1,0.988156941478287,0.946213813458621,1.02844165550969,"LEF both",0.931,0.945785272052661,0.902700879147238,0.988625363294317
3,10,0,"Bootstrap",0.944,2,0.981466184968815,0.937207740840722,1.02340927843001,"LEF outcome",0.931,0.945785272052661,0.902700879147238,0.988625363294317
3,10,0,"LEF both",0.944,2,1.00267472236924,0.95978613781874,1.04484190602914,"Bootstrap",0.926,0.926884118697975,0.883822639517728,0.968523538168241
3,10,0,"LEF outcome",0.944,2,1.00267472236924,0.95978613781874,1.04484190602914,"Sandwich",0.925925925925926,0.936842788868401,0.896966597626578,0.976686203355096
3,10,0,"Jackknife MVN",NA,NA,NA,NA,NA,"Jackknife MVN",NA,NA,NA,NA
3,10,0,"Jackknife Wald",NA,NA,NA,NA,NA,"Jackknife Wald",NA,NA,NA,NA
3,10,1,"Sandwich",0.947,1,1.02630264062655,0.957544249339022,1.08619686461142,"Sandwich",0.934934934934935,0.988574044975347,0.922919678716643,1.04678008106492
3,10,1,"LEF both",0.945,2,1.06863047233229,1.00535028629049,1.13078895706826,"Bootstrap",0.924,0.950259945246886,0.881731928272778,1.01255008901548
3,10,1,"LEF outcome",0.945,2,1.07053302666776,1.00676126461315,1.13327210644059,"LEF both",0.924,1.0223211030397,0.954290811445228,1.08604653122885
3,10,1,"Bootstrap",0.943,3,0.990284912368077,0.923401561530398,1.05452018730355,"LEF outcome",0.923,1.02780065619921,0.957508170526314,1.09094404261003
3,10,1,"Jackknife MVN",NA,NA,NA,NA,NA,"Jackknife MVN",NA,NA,NA,NA
3,10,1,"Jackknife Wald",NA,NA,NA,NA,NA,"Jackknife Wald",NA,NA,NA,NA
3,10,2,"Sandwich",0.927,1,1.1536099362602,0.945410566358035,1.32482574085882,"Sandwich",0.914914914914915,1.10053887307895,0.924761153853072,1.25383659463125
3,10,2,"Bootstrap",0.924,2,1.00631101901904,0.822653352495236,1.15687050285047,"Bootstrap",0.914,0.959829262411486,0.791548974033945,1.09298725742693
3,10,2,"LEF both",0.92,3,1.34590394292658,1.08898283440566,1.57195759849259,"LEF both",0.91,1.27561301894378,1.04695704542289,1.49181925697145
3,10,2,"LEF outcome",0.92,3,1.35282569819565,1.08653376522433,1.58434860065714,"LEF outcome",0.908,1.31254008077024,1.08503098182779,1.53300306968284
3,10,2,"Jackknife MVN",NA,NA,NA,NA,NA,"Jackknife MVN",NA,NA,NA,NA
3,10,2,"Jackknife Wald",NA,NA,NA,NA,NA,"Jackknife Wald",NA,NA,NA,NA
3,10,3,"Sandwich",0.874,1,0.841236609204219,0.558127804908589,0.999520345676471,"Sandwich",0.875875875875876,0.875673197089742,0.570806808758656,1.08127231058008
3,10,3,"Bootstrap",0.854,2,0.81993398433927,0.488830478074368,0.943162307752594,"Bootstrap",0.865,0.852195603057921,0.504267242712573,1.00393609285107
3,10,3,"LEF both",0.851,3,0.962513613726618,0.624834331120361,1.18933711691987,"LEF outcome",0.857,1.02518233009854,0.660480528387711,1.32754963648106
3,10,3,"LEF outcome",0.85,4,0.967456574452406,0.625824473734944,1.1968045704292,"LEF both",0.856,0.993785520044792,0.644236683488269,1.25928953970136
3,10,3,"Jackknife MVN",NA,NA,NA,NA,NA,"Jackknife MVN",NA,NA,NA,NA
3,10,3,"Jackknife Wald",NA,NA,NA,NA,NA,"Jackknife Wald",NA,NA,NA,NA
3,10,4,"LEF both",0.822,1,0.513218514668188,0.329688760960293,0.637935718185944,"LEF outcome",0.834,0.513356175740029,0.330085462664381,0.654052891257833
3,10,4,"LEF outcome",0.822,1,0.515555983242607,0.330139504857243,0.641474290470322,"LEF both",0.832,0.499439814671762,0.323547106187117,0.633735145993004
3,10,4,"Sandwich",0.814,2,0.455462373479791,0.29047045502348,0.545437252063836,"Sandwich",0.81981981981982,0.447174274768425,0.285337664354976,0.543596493804659
3,10,4,"Bootstrap",0.776,3,0.566878234947798,0.287417258492329,0.598163172815898,"Bootstrap",0.773,0.566746325775641,0.27783021645042,0.589893891338238
3,10,4,"Jackknife MVN",NA,NA,NA,NA,NA,"Jackknife MVN",NA,NA,NA,NA
3,10,4,"Jackknife Wald",NA,NA,NA,NA,NA,"Jackknife Wald",NA,NA,NA,NA
3,11,0,"LEF both",0.956,1,1.02910167536907,0.987805383445814,1.06883891017776,"LEF both",0.953,0.993990507417708,0.952158357265474,1.03542350636611
3,11,0,"LEF outcome",0.956,1,1.02910167536907,0.987805383445815,1.06883891017776,"LEF outcome",0.953,0.993990507417708,0.952158357265474,1.03542350636611
3,11,0,"Bootstrap",0.953,2,1.01061973375293,0.967430993793492,1.05112700187128,"Sandwich",0.946946946946947,0.986981730023739,0.945491475255958,1.02649028463726
3,11,0,"Sandwich",0.948897795591182,3,1.01963809374681,0.974840469748224,1.06180598326989,"Bootstrap",0.946,0.977518708154099,0.937232584367257,1.01784033645855
3,11,0,"Jackknife MVN",NA,NA,NA,NA,NA,"Jackknife MVN",NA,NA,NA,NA
3,11,0,"Jackknife Wald",NA,NA,NA,NA,NA,"Jackknife Wald",NA,NA,NA,NA
3,11,1,"Sandwich",0.954909819639279,1,1.03643523644175,0.987391964445099,1.08537514176003,"LEF outcome",0.952,1.01790767309473,0.972366300024476,1.06223883065888
3,11,1,"LEF both",0.95,2,1.04690984667822,0.998904567321822,1.09333755061795,"LEF both",0.95,1.01610824926803,0.970899696413035,1.06046569781368
3,11,1,"LEF outcome",0.95,2,1.04724131416355,0.999129327277024,1.09351013641768,"Sandwich",0.943943943943944,1.0043069982236,0.956682255046038,1.05054348698394
3,11,1,"Bootstrap",0.942,3,1.01762846676425,0.970806455347816,1.06460960493711,"Bootstrap",0.94,0.989484312493513,0.941589462982633,1.0359156947571
3,11,1,"Jackknife MVN",NA,NA,NA,NA,NA,"Jackknife MVN",NA,NA,NA,NA
3,11,1,"Jackknife Wald",NA,NA,NA,NA,NA,"Jackknife Wald",NA,NA,NA,NA
3,11,2,"LEF outcome",0.959,1,1.05091734023371,0.992625675299325,1.10553692244963,"Sandwich",0.944944944944945,0.998382381615557,0.938862014072781,1.05506251904928
3,11,2,"LEF both",0.958,2,1.05013408043806,0.992124492477444,1.10461501199303,"LEF outcome",0.944,1.03347878857982,0.977719161440532,1.08632742665129
3,11,2,"Sandwich",0.947895791583166,3,1.02352218765211,0.966514987601979,1.07893235777668,"LEF both",0.942,1.02861153420542,0.972617433374132,1.08215855738545
3,11,2,"Bootstrap",0.937,4,0.988664460893176,0.929854265084844,1.04758979715487,"Bootstrap",0.933,0.969790719973849,0.908050513321736,1.02645623120341
3,11,2,"Jackknife MVN",NA,NA,NA,NA,NA,"Jackknife MVN",NA,NA,NA,NA
3,11,2,"Jackknife Wald",NA,NA,NA,NA,NA,"Jackknife Wald",NA,NA,NA,NA
3,11,3,"LEF both",0.964,1,1.15401654858788,1.05248117994554,1.23877462492527,"LEF both",0.948,1.16249366534466,1.05794615391421,1.24280526036568
3,11,3,"LEF outcome",0.964,1,1.15554406843692,1.05317063379941,1.24103692647354,"LEF outcome",0.948,1.17194997437614,1.06590485399764,1.2538310791162
3,11,3,"Sandwich",0.938877755511022,2,1.05869873771555,0.975742067798901,1.13941461403481,"Sandwich",0.946946946946947,1.06584745285806,0.977958803858592,1.14888064329024
3,11,3,"Bootstrap",0.925,3,0.979424154026722,0.89189075566285,1.07067476389732,"Bootstrap",0.919,0.985224430386728,0.899996502300526,1.06809242892278
3,11,3,"Jackknife MVN",NA,NA,NA,NA,NA,"Jackknife MVN",NA,NA,NA,NA
3,11,3,"Jackknife Wald",NA,NA,NA,NA,NA,"Jackknife Wald",NA,NA,NA,NA
3,11,4,"LEF both",0.933,1,1.06931145706846,0.842116858561188,1.27969783757759,"LEF outcome",0.928,1.06748840259607,0.84741086161574,1.25715720701696
3,11,4,"LEF outcome",0.933,1,1.07065455493442,0.843678606942221,1.28174181641391,"LEF both",0.925,1.05789699242004,0.838291891418418,1.25001401542266
3,11,4,"Bootstrap",0.882,2,0.943192905525037,0.765646031577697,1.10520160854339,"Bootstrap",0.873,0.924228190216907,0.743137033490885,1.08866341054674
3,11,4,"Sandwich",0.871743486973948,3,0.947896781143985,0.745061611663004,1.12427406741349,"Sandwich",0.860860860860861,0.941502846215491,0.734752436785128,1.10637002981436
3,11,4,"Jackknife MVN",NA,NA,NA,NA,NA,"Jackknife MVN",NA,NA,NA,NA
3,11,4,"Jackknife Wald",NA,NA,NA,NA,NA,"Jackknife Wald",NA,NA,NA,NA
3,12,0,"Sandwich",0.948822927328557,1,1.0437374563589,0.984254923865041,1.10054463475059,"Sandwich",0.944615384615385,1.00250606538188,0.94180713406101,1.06131163348998
3,12,0,"Bootstrap",0.948,2,1.02769735057799,0.964080909051146,1.08406141441088,"LEF both",0.939,1.01821432707804,0.957970315173708,1.0718395393556
3,12,0,"LEF both",0.943,3,1.06131069978007,0.998893507515998,1.11501114878582,"LEF outcome",0.939,1.01821432707804,0.957970315173708,1.0718395393556
3,12,0,"LEF outcome",0.943,3,1.06131069978007,0.998893507515998,1.11501114878583,"Bootstrap",0.935,0.986083149093807,0.929087254366006,1.04275696339102
3,12,0,"Jackknife MVN",NA,NA,NA,NA,NA,"Jackknife MVN",NA,NA,NA,NA
3,12,0,"Jackknife Wald",NA,NA,NA,NA,NA,"Jackknife Wald",NA,NA,NA,NA
3,12,1,"Sandwich",0.950870010235415,1,1.04265623449114,0.947098466194051,1.13548679296382,"Sandwich",0.943589743589744,1.01765327322256,0.92807298801176,1.10551078100359
3,12,1,"Bootstrap",0.918,2,0.983722417157445,0.88340357736445,1.09244643008832,"Bootstrap",0.904,0.957158468953615,0.851985991578509,1.06075638095377
3,12,1,"LEF both",0.903,3,1.09952652490084,1.00426689525654,1.18717666050917,"LEF both",0.887,1.07444330769788,0.973999163634005,1.16618909070958
3,12,1,"LEF outcome",0.903,3,1.10155160626468,1.00558780623208,1.1887470948978,"LEF outcome",0.887,1.08496097224919,0.9823925919746,1.17743664057424
3,12,1,"Jackknife MVN",NA,NA,NA,NA,NA,"Jackknife MVN",NA,NA,NA,NA
3,12,1,"Jackknife Wald",NA,NA,NA,NA,NA,"Jackknife Wald",NA,NA,NA,NA
3,12,2,"Sandwich",0.858751279426817,1,0.932391669155732,0.571007022588272,1.19144778834072,"Sandwich",0.853333333333333,0.913138380162608,0.564288040485239,1.1636562284815
3,12,2,"Bootstrap",0.79,2,0.876163102953319,0.531897262375592,1.13394679720105,"Bootstrap",0.785,0.855500070379242,0.520225999985243,1.11093242290099
3,12,2,"LEF both",0.77,3,1.01084598285981,0.603573016340391,1.30532856998783,"LEF outcome",0.769,1.00939596413463,0.608437490374118,1.30250266539419
3,12,2,"LEF outcome",0.77,3,1.01439440110726,0.604881835449329,1.30972482845738,"LEF both",0.766,0.990526817183837,0.604458480240654,1.27756243430463
3,12,2,"Jackknife MVN",NA,NA,NA,NA,NA,"Jackknife MVN",NA,NA,NA,NA
3,12,2,"Jackknife Wald",NA,NA,NA,NA,NA,"Jackknife Wald",NA,NA,NA,NA
3,12,3,"Sandwich",0.690890481064483,1,0.62247769393347,0.32053612511155,0.773006840218109,"Sandwich",0.674871794871795,0.635492551061099,0.332468747903582,0.793123024840664
3,12,3,"Bootstrap",0.644,2,0.675992364910178,0.309314283348418,0.822804524401251,"Bootstrap",0.615,0.681393027761462,0.320935559768417,0.79512827296478
3,12,3,"LEF both",0.622,3,0.656863739905849,0.337231671768828,0.847204577272075,"LEF outcome",0.593,0.685995196814954,0.360402434749981,0.877525481351257
3,12,3,"LEF outcome",0.622,3,0.659243434128008,0.337725895975075,0.85055496387818,"LEF both",0.587,0.674115444024261,0.358418605952149,0.863325911923485
3,12,3,"Jackknife MVN",NA,NA,NA,NA,NA,"Jackknife MVN",NA,NA,NA,NA
3,12,3,"Jackknife Wald",NA,NA,NA,NA,NA,"Jackknife Wald",NA,NA,NA,NA
3,12,4,"Sandwich",0.647901740020471,1,0.496232583327615,0.268227389023811,0.604264795656968,"Sandwich",0.651282051282051,0.51115657640122,0.28063117955172,0.628080948204718
3,12,4,"Bootstrap",0.555,2,0.615961275649583,0.316995991937788,0.702706731417003,"Bootstrap",0.55,0.634419429721282,0.3347993938639,0.714199028637515
3,12,4,"LEF both",0.545,3,0.525349847340494,0.288523501237077,0.657441140066675,"LEF outcome",0.533,0.552023516675485,0.309297318393312,0.691772448274124
3,12,4,"LEF outcome",0.544,4,0.527138388550299,0.289065724262888,0.660021498590243,"LEF both",0.53,0.543085048579994,0.305845294606518,0.676147736612737
3,12,4,"Jackknife MVN",NA,NA,NA,NA,NA,"Jackknife MVN",NA,NA,NA,NA
3,12,4,"Jackknife Wald",NA,NA,NA,NA,NA,"Jackknife Wald",NA,NA,NA,NA
3,13,0,"LEF both",0.953,1,1.01034001899156,0.968943008878355,1.05250529728514,"Sandwich",0.94,0.977342014358956,0.933683569471554,1.01651228698241
3,13,0,"LEF outcome",0.953,1,1.01034001899156,0.968943008878355,1.05250529728514,"Bootstrap",0.939,0.97043788220721,0.929137718393182,1.01086068538285
3,13,0,"Bootstrap",0.95,2,0.9945350508566,0.952298851797746,1.03590883708768,"LEF both",0.939,0.98420535598676,0.942754721646422,1.02684332099805
3,13,0,"Sandwich",0.938,3,0.999076185325147,0.957154083449703,1.03917419101872,"LEF outcome",0.939,0.98420535598676,0.942754721646422,1.02684332099805
3,13,0,"Jackknife MVN",NA,NA,NA,NA,NA,"Jackknife MVN",NA,NA,NA,NA
3,13,0,"Jackknife Wald",NA,NA,NA,NA,NA,"Jackknife Wald",NA,NA,NA,NA
3,13,1,"LEF both",0.947,1,1.04651942473964,0.956061638621637,1.11489581431183,"LEF outcome",0.955,1.08963537161731,0.998572792134282,1.15928456144221
3,13,1,"LEF outcome",0.947,1,1.04816639536227,0.956348172950487,1.1164905324138,"LEF both",0.954,1.08251916136653,0.993871031760246,1.1525187229215
3,13,1,"Sandwich",0.944,2,1.0070099257786,0.925669436172918,1.07136281817568,"Sandwich",0.951,1.04751444629937,0.965484638703061,1.11351563014362
3,13,1,"Bootstrap",0.942,3,0.971210741633394,0.888038187087941,1.03215662095658,"Bootstrap",0.945,1.0095482661906,0.930453903495699,1.07618230185794
3,13,1,"Jackknife MVN",NA,NA,NA,NA,NA,"Jackknife MVN",NA,NA,NA,NA
3,13,1,"Jackknife Wald",NA,NA,NA,NA,NA,"Jackknife Wald",NA,NA,NA,NA
3,13,2,"Sandwich",0.913,1,1.08092012789134,0.828051305387571,1.25027498308457,"LEF outcome",0.938,1.32572462559567,1.00587086273467,1.54810885527756
3,13,2,"LEF both",0.912,2,1.25401267491099,0.954874965208785,1.47899028321761,"LEF both",0.935,1.28893278396967,0.978197276973952,1.50191126954093
3,13,2,"LEF outcome",0.912,2,1.25971911396978,0.952279865826839,1.4847628841948,"Bootstrap",0.929,0.984541508469608,0.758600079530714,1.12342367079293
3,13,2,"Bootstrap",0.909,3,0.953446251290646,0.734129800435563,1.09416974105786,"Sandwich",0.913,1.11275388332047,0.862116047326973,1.27220225255749
3,13,2,"Jackknife MVN",NA,NA,NA,NA,NA,"Jackknife MVN",NA,NA,NA,NA
3,13,2,"Jackknife Wald",NA,NA,NA,NA,NA,"Jackknife Wald",NA,NA,NA,NA
3,13,3,"LEF outcome",0.849,1,0.922949634226391,0.57357188517539,1.17041091592024,"LEF outcome",0.862,0.938771495910018,0.599722574236002,1.20189435042257
3,13,3,"Sandwich",0.848,2,0.8109129771495,0.506153353916196,0.973293560523137,"Sandwich",0.857,0.808017465862675,0.519476565917115,0.979937458322406
3,13,3,"LEF both",0.847,3,0.918958826544913,0.5734174917385,1.16351819980217,"LEF both",0.854,0.91217137056883,0.587992457182822,1.14134032159983
3,13,3,"Bootstrap",0.842,4,0.830209747158122,0.454816745574532,0.914875127682012,"Bootstrap",0.848,0.8405906882965,0.4664256292874,0.959057054513248
3,13,3,"Jackknife MVN",NA,NA,NA,NA,NA,"Jackknife MVN",NA,NA,NA,NA
3,13,3,"Jackknife Wald",NA,NA,NA,NA,NA,"Jackknife Wald",NA,NA,NA,NA
3,13,4,"LEF outcome",0.835,1,0.487472828934554,0.308122498362765,0.614538768207189,"LEF both",0.846,0.447055901103442,0.292833884297877,0.556678808392177
3,13,4,"LEF both",0.834,2,0.485606715625807,0.308498001289055,0.609941546498182,"LEF outcome",0.846,0.458573833759311,0.298620146325604,0.57812676482989
3,13,4,"Sandwich",0.791,3,0.432273879053204,0.274529387803031,0.524831997751727,"Sandwich",0.799,0.401817540692961,0.260068292197125,0.480555447009158
3,13,4,"Bootstrap",0.775,4,0.565581465348388,0.271979246874089,0.617374812594127,"Bootstrap",0.775,0.54526051668799,0.264060997956809,0.578140004940101
3,13,4,"Jackknife MVN",NA,NA,NA,NA,NA,"Jackknife MVN",NA,NA,NA,NA
3,13,4,"Jackknife Wald",NA,NA,NA,NA,NA,"Jackknife Wald",NA,NA,NA,NA
3,14,0,"LEF both",0.953,1,1.0355880791563,0.990372748142937,1.07848846941246,"Sandwich",0.947895791583166,0.987245616867314,0.945591922111676,1.02662057276109
3,14,0,"LEF outcome",0.953,1,1.0355880791563,0.990372748142938,1.07848846941246,"LEF both",0.947,0.995980810551988,0.952365566222175,1.03766510461008
3,14,0,"Bootstrap",0.948,2,1.02038799062497,0.975330800766223,1.06452323999678,"LEF outcome",0.947,0.995980810551988,0.952365566222175,1.03766510461008
3,14,0,"Sandwich",0.946840521564694,3,1.02449962388916,0.981780540816354,1.0691020938661,"Bootstrap",0.944,0.982317906091606,0.939074778030231,1.02396129649265
3,14,0,"Jackknife MVN",NA,NA,NA,NA,NA,"Jackknife MVN",NA,NA,NA,NA
3,14,0,"Jackknife Wald",NA,NA,NA,NA,NA,"Jackknife Wald",NA,NA,NA,NA
3,14,1,"Sandwich",0.954864593781344,1,1.02303034297698,0.970535483746677,1.07781357450776,"LEF outcome",0.948,1.00666015352654,0.953062571272119,1.05738590107011
3,14,1,"LEF both",0.953,2,1.0380168814705,0.982159704650964,1.09461254425538,"LEF both",0.945,1.00285639207477,0.950175128721855,1.05193937764405
3,14,1,"LEF outcome",0.953,2,1.03885004217188,0.982801207471563,1.09584341844989,"Sandwich",0.94188376753507,0.990409239479269,0.936371029516126,1.03920324934159
3,14,1,"Bootstrap",0.946,3,1.00773634099791,0.953680701696098,1.06480608416661,"Bootstrap",0.938,0.975228498081987,0.923677363474508,1.02755651565771
3,14,1,"Jackknife MVN",NA,NA,NA,NA,NA,"Jackknife MVN",NA,NA,NA,NA
3,14,1,"Jackknife Wald",NA,NA,NA,NA,NA,"Jackknife Wald",NA,NA,NA,NA
3,14,2,"LEF outcome",0.954,1,1.04458531183105,0.963184093409043,1.11410092608726,"LEF outcome",0.937,1.02622481615983,0.940082425136434,1.09188231498094
3,14,2,"LEF both",0.952,2,1.04285043750956,0.962464279636159,1.1116667127147,"LEF both",0.936,1.01764930095673,0.935251826687526,1.07940096934508
3,14,2,"Sandwich",0.945837512537613,3,1.0069789700712,0.931159304995125,1.07583251216465,"Sandwich",0.930861723446894,0.981649462826072,0.908387397920293,1.04430649750247
3,14,2,"Bootstrap",0.926,4,0.968693678188346,0.89022042505193,1.0419063159131,"Bootstrap",0.923,0.948785182734526,0.876610756747741,1.01208440616146
3,14,2,"Jackknife MVN",NA,NA,NA,NA,NA,"Jackknife MVN",NA,NA,NA,NA
3,14,2,"Jackknife Wald",NA,NA,NA,NA,NA,"Jackknife Wald",NA,NA,NA,NA
3,14,3,"LEF outcome",0.96,1,1.14637579250594,0.996107440049818,1.24797402877652,"LEF outcome",0.951,1.11760237290607,0.974747195828956,1.22271809445142
3,14,3,"LEF both",0.959,2,1.14382561264844,0.994020665660802,1.24604274074439,"LEF both",0.949,1.10546818251322,0.967144086725062,1.21392352091286
3,14,3,"Sandwich",0.936810431293882,3,1.04277955257932,0.91450724654745,1.14150199678586,"Sandwich",0.924849699398798,1.0055109415081,0.877051177472527,1.09473952206561
3,14,3,"Bootstrap",0.908,4,0.95848087574528,0.842138217506762,1.05736366131644,"Bootstrap",0.898,0.924987201361466,0.813462459394693,1.02193573512756
3,14,3,"Jackknife MVN",NA,NA,NA,NA,NA,"Jackknife MVN",NA,NA,NA,NA
3,14,3,"Jackknife Wald",NA,NA,NA,NA,NA,"Jackknife Wald",NA,NA,NA,NA
3,14,4,"LEF both",0.916,1,0.999836659673521,0.760715989817839,1.19803986724756,"LEF outcome",0.921,1.01789575309659,0.786889164841027,1.19472583445536
3,14,4,"LEF outcome",0.916,1,1.00147364751446,0.760894662334608,1.20059593185435,"LEF both",0.917,1.00879274588833,0.775139993555088,1.18676212152887
3,14,4,"Bootstrap",0.865,2,0.920432663115859,0.701415114912249,1.09508823501458,"Bootstrap",0.872,0.928699627681062,0.728821733535441,1.09350825332798
3,14,4,"Sandwich",0.85456369107322,3,0.896971765964148,0.682197491730434,1.07567309583818,"Sandwich",0.859719438877755,0.907071390001589,0.69261700902899,1.07098176310561
3,14,4,"Jackknife MVN",NA,NA,NA,NA,NA,"Jackknife MVN",NA,NA,NA,NA
3,14,4,"Jackknife Wald",NA,NA,NA,NA,NA,"Jackknife Wald",NA,NA,NA,NA
3,15,0,"Sandwich",0.948559670781893,1,1.00633976741087,0.945443402957489,1.06775676803015,"Sandwich",0.944272445820433,0.978829053081474,0.921984647303075,1.03626927324056
3,15,0,"LEF both",0.937,2,1.02004598124968,0.951917275039037,1.07998800975051,"Bootstrap",0.934,0.966435926694172,0.903972916697906,1.02899325189008
3,15,0,"LEF outcome",0.937,2,1.02004598124968,0.951917275039037,1.07998800975051,"LEF both",0.924,0.993361857835915,0.935892159819337,1.05019247792545
3,15,0,"Bootstrap",0.936,3,0.992883339306936,0.924285303758489,1.05561026695925,"LEF outcome",0.924,0.993361857835915,0.935892159819337,1.05019247792545
3,15,0,"Jackknife MVN",NA,NA,NA,NA,NA,"Jackknife MVN",NA,NA,NA,NA
3,15,0,"Jackknife Wald",NA,NA,NA,NA,NA,"Jackknife Wald",NA,NA,NA,NA
3,15,1,"Sandwich",0.94238683127572,1,0.997120102627932,0.873964113705078,1.10261345176217,"Sandwich",0.954592363261094,1.03488005905806,0.908964415448954,1.13858434090419
3,15,1,"Bootstrap",0.894,2,0.938847096141129,0.814475384906635,1.05869072680464,"Bootstrap",0.894,0.975749477110041,0.841142308554359,1.09372745741249
3,15,1,"LEF outcome",0.874,3,1.05614020468125,0.933055386365096,1.15992078169448,"LEF outcome",0.873,1.10841874574474,0.971467411746999,1.21943427361259
3,15,1,"LEF both",0.872,4,1.05261950838514,0.931360316351346,1.15697475527676,"LEF both",0.872,1.09129180783578,0.960172125266209,1.2007599256701
3,15,1,"Jackknife MVN",NA,NA,NA,NA,NA,"Jackknife MVN",NA,NA,NA,NA
3,15,1,"Jackknife Wald",NA,NA,NA,NA,NA,"Jackknife Wald",NA,NA,NA,NA
3,15,2,"Sandwich",0.847736625514403,1,0.897743321937809,0.602557181983166,1.11375501718799,"Sandwich",0.865841073271414,0.926658753811704,0.60571568479521,1.15709998932242
3,15,2,"Bootstrap",0.771,2,0.847346786052684,0.547774020017405,1.08495024432644,"Bootstrap",0.774,0.872634879407122,0.554452378170604,1.10950134041269
3,15,2,"LEF both",0.767,3,0.971053580725314,0.620631725301066,1.2193065084888,"LEF both",0.76,0.991970463085108,0.640219206099024,1.24898604047595
3,15,2,"LEF outcome",0.766,4,0.975165611038744,0.62351952396002,1.22168215088925,"LEF outcome",0.757,1.01315335211479,0.658026146613123,1.27638639550778
3,15,2,"Jackknife MVN",NA,NA,NA,NA,NA,"Jackknife MVN",NA,NA,NA,NA
3,15,2,"Jackknife Wald",NA,NA,NA,NA,NA,"Jackknife Wald",NA,NA,NA,NA
3,15,3,"Sandwich",0.708847736625514,1,0.623814251782778,0.358023701347381,0.797791801356503,"Sandwich",0.697626418988648,0.637694468643698,0.355149281478285,0.839858981541791
3,15,3,"Bootstrap",0.624,2,0.675397643749431,0.331147222250278,0.832799709249484,"Bootstrap",0.637,0.686274804443245,0.332863294751547,0.904661277988301
3,15,3,"LEF outcome",0.608,3,0.6635173888094,0.374788382416128,0.849453559071328,"LEF outcome",0.618,0.680035899421248,0.383331267128497,0.885907126300166
3,15,3,"LEF both",0.607,4,0.66092050077245,0.373920926269257,0.845609841860995,"LEF both",0.616,0.667698378127307,0.376147770988243,0.867901189608608
3,15,3,"Jackknife MVN",NA,NA,NA,NA,NA,"Jackknife MVN",NA,NA,NA,NA
3,15,3,"Jackknife Wald",NA,NA,NA,NA,NA,"Jackknife Wald",NA,NA,NA,NA
3,15,4,"Sandwich",0.641975308641975,1,0.493440502191593,0.288940145888782,0.625917080357774,"Sandwich",0.646026831785346,0.503353117379255,0.291379473070035,0.647348719019814
3,15,4,"LEF both",0.546,2,0.525107284299878,0.317330335293756,0.658180420512551,"Bootstrap",0.544,0.64199133435146,0.349631117430407,0.790545026539802
3,15,4,"LEF outcome",0.546,2,0.527004549547667,0.318276977245198,0.661786715280454,"LEF outcome",0.539,0.53848417721106,0.317150857414645,0.690387688283876
3,15,4,"Bootstrap",0.545,3,0.636997478788927,0.341892515776196,0.782214518409577,"LEF both",0.537,0.529695129746953,0.312598975649832,0.67342245477348
3,15,4,"Jackknife MVN",NA,NA,NA,NA,NA,"Jackknife MVN",NA,NA,NA,NA
3,15,4,"Jackknife Wald",NA,NA,NA,NA,NA,"Jackknife Wald",NA,NA,NA,NA
3,16,0,"LEF both",0.946,1,0.971580279494261,0.930055589301923,1.01153931873516,"LEF both",0.961,1.07353854685816,1.03075801116895,1.11740268538673
3,16,0,"LEF outcome",0.946,1,0.971580279494261,0.930055589301924,1.01153931873516,"LEF outcome",0.961,1.07353854685816,1.03075801116895,1.11740268538673
3,16,0,"Bootstrap",0.94,2,0.962927279829401,0.923694380249422,1.00386730782043,"Bootstrap",0.96,1.06545650309229,1.0233171117946,1.10974642829823
3,16,0,"Sandwich",0.935,3,0.96594258377401,0.925706605517624,1.00529484273668,"Sandwich",0.955,1.06817796481569,1.02264485233888,1.11311135682275
3,16,0,"Jackknife MVN",NA,NA,NA,NA,NA,"Jackknife MVN",NA,NA,NA,NA
3,16,0,"Jackknife Wald",NA,NA,NA,NA,NA,"Jackknife Wald",NA,NA,NA,NA
3,16,1,"LEF outcome",0.951,1,1.03128184716974,0.932334736319332,1.08893614601737,"LEF outcome",0.952,1.09081487709568,0.980127314919026,1.15660025425884
3,16,1,"LEF both",0.95,2,1.03019832104941,0.932769492024181,1.08712842813675,"LEF both",0.95,1.08153522841537,0.974116866770128,1.14627879904064
3,16,1,"Sandwich",0.947,3,1.00999131056426,0.92143992329535,1.06585090071116,"Sandwich",0.95,1.05955917284348,0.961004169127154,1.11908190809599
3,16,1,"Bootstrap",0.941,4,0.975699958196799,0.890837808270913,1.02937732251591,"Bootstrap",0.946,1.02624938402368,0.933045577752068,1.08750066884365
3,16,1,"Jackknife MVN",NA,NA,NA,NA,NA,"Jackknife MVN",NA,NA,NA,NA
3,16,1,"Jackknife Wald",NA,NA,NA,NA,NA,"Jackknife Wald",NA,NA,NA,NA
3,16,2,"LEF both",0.927,1,1.05403159800452,0.785551126992817,1.21228159664738,"LEF outcome",0.936,1.16002598422006,0.850142912940678,1.34902801317553
3,16,2,"LEF outcome",0.927,1,1.0589008612912,0.783342582709817,1.21612141956901,"LEF both",0.932,1.13326933026569,0.840459781716316,1.30377408166702
3,16,2,"Sandwich",0.926,2,0.940915946904024,0.712042705660916,1.05946162528639,"Bootstrap",0.923,0.92332244700539,0.697859440981954,1.03481034898543
3,16,2,"Bootstrap",0.925,3,0.856906816752741,0.647398340381061,0.95462528858034,"Sandwich",0.918,1.0067007054611,0.760611835291064,1.14377597742008
3,16,2,"Jackknife MVN",NA,NA,NA,NA,NA,"Jackknife MVN",NA,NA,NA,NA
3,16,2,"Jackknife Wald",NA,NA,NA,NA,NA,"Jackknife Wald",NA,NA,NA,NA
3,16,3,"LEF both",0.869,1,0.801123078510724,0.503397275413892,1.00738703378111,"LEF outcome",0.888,0.790512604438862,0.496528633949863,0.985931451320365
3,16,3,"LEF outcome",0.869,1,0.804134109571768,0.502792504251588,1.00956390973407,"LEF both",0.883,0.77396072656253,0.489949188945844,0.952422642325958
3,16,3,"Sandwich",0.852,2,0.727241860113767,0.458909019106989,0.879359957109556,"Sandwich",0.869,0.704532324044043,0.442185199969752,0.841294847970584
3,16,3,"Bootstrap",0.84,3,0.81201649281976,0.424190536236234,0.985910729506621,"Bootstrap",0.857,0.770132961080038,0.415777007186564,0.908871927922295
3,16,3,"Jackknife MVN",NA,NA,NA,NA,NA,"Jackknife MVN",NA,NA,NA,NA
3,16,3,"Jackknife Wald",NA,NA,NA,NA,NA,"Jackknife Wald",NA,NA,NA,NA
3,16,4,"LEF both",0.845,1,0.466344733778442,0.307185049231076,0.57831897339483,"LEF outcome",0.861,0.448385708410736,0.292275651588835,0.551760893423456
3,16,4,"LEF outcome",0.845,1,0.467918102308889,0.307066761416776,0.579450359367859,"LEF both",0.858,0.440125771779842,0.288050139773982,0.535637783408991
3,16,4,"Sandwich",0.789,2,0.425497988534606,0.27694115535814,0.514428963487658,"Sandwich",0.789,0.402360944957064,0.260262246106296,0.479379934133353
3,16,4,"Bootstrap",0.768,3,0.586700310829518,0.287951178583899,0.690089258533875,"Bootstrap",0.778,0.55224764731911,0.27703942010774,0.63069167652699
3,16,4,"Jackknife MVN",NA,NA,NA,NA,NA,"Jackknife MVN",NA,NA,NA,NA
3,16,4,"Jackknife Wald",NA,NA,NA,NA,NA,"Jackknife Wald",NA,NA,NA,NA
3,17,0,"LEF both",0.954,1,1.02936357086675,0.982491232718206,1.07118147537223,"Sandwich",0.952858575727182,1.0079092934725,0.966183541090361,1.05104427840783
3,17,0,"LEF outcome",0.954,1,1.02936357086675,0.982491232718207,1.07118147537223,"LEF both",0.952,1.0144610363098,0.972800095560674,1.05871802349424
3,17,0,"Sandwich",0.951951951951952,2,1.02101777786233,0.972909966071839,1.06473438497206,"LEF outcome",0.952,1.0144610363098,0.972800095560673,1.05871802349424
3,17,0,"Bootstrap",0.951,3,1.01954673937825,0.972664457907255,1.06255914961507,"Bootstrap",0.95,1.00573764532769,0.965475029980306,1.04936047503715
3,17,0,"Jackknife MVN",NA,NA,NA,NA,NA,"Jackknife MVN",NA,NA,NA,NA
3,17,0,"Jackknife Wald",NA,NA,NA,NA,NA,"Jackknife Wald",NA,NA,NA,NA
3,17,1,"LEF outcome",0.949,1,1.04530704093794,0.95942121307083,1.10574326778244,"Sandwich",0.944834503510532,1.02272631354069,0.94460979031369,1.08917730970187
3,17,1,"LEF both",0.947,2,1.04286210403059,0.957843001645905,1.10223041419384,"LEF outcome",0.939,1.04755301442294,0.958213019173522,1.11674680568838
3,17,1,"Sandwich",0.944944944944945,3,1.0294348799181,0.950906436565446,1.08994973224134,"LEF both",0.935,1.03685421527861,0.954063998802258,1.10567672607994
3,17,1,"Bootstrap",0.934,4,1.00683796943305,0.928797645576843,1.06804810495158,"Bootstrap",0.929,1.00409254325404,0.929589348976152,1.07124397613521
3,17,1,"Jackknife MVN",NA,NA,NA,NA,NA,"Jackknife MVN",NA,NA,NA,NA
3,17,1,"Jackknife Wald",NA,NA,NA,NA,NA,"Jackknife Wald",NA,NA,NA,NA
3,17,2,"LEF outcome",0.947,1,1.05903743038477,0.917597915459786,1.16241569913832,"Sandwich",0.942828485456369,1.00139525819518,0.875880261861599,1.10401602525256
3,17,2,"LEF both",0.946,2,1.05514996452233,0.915770471620011,1.15695792340384,"LEF outcome",0.94,1.05486132824288,0.915926946664957,1.16175074140648
3,17,2,"Sandwich",0.936936936936937,3,1.01730025098208,0.886164446387308,1.11364365875573,"LEF both",0.937,1.03865297185633,0.907051122879976,1.13782221545361
3,17,2,"Bootstrap",0.922,4,0.9730877250525,0.849646788168307,1.07475661599559,"Bootstrap",0.921,0.962926392747055,0.84786213116285,1.05341951479856
3,17,2,"Jackknife MVN",NA,NA,NA,NA,NA,"Jackknife MVN",NA,NA,NA,NA
3,17,2,"Jackknife Wald",NA,NA,NA,NA,NA,"Jackknife Wald",NA,NA,NA,NA
3,17,3,"LEF outcome",0.951,1,1.02073690253679,0.852676339079642,1.14832560797097,"LEF outcome",0.956,1.09242159700455,0.919105052295816,1.22714230984348
3,17,3,"LEF both",0.95,2,1.01739553493129,0.85035796230504,1.14239159753696,"LEF both",0.954,1.07743195471271,0.9084319873157,1.20911465437617
3,17,3,"Sandwich",0.902902902902903,3,0.939275131014376,0.780136929943757,1.05052362865589,"Sandwich",0.932798395185557,0.995973748269078,0.828097333922192,1.11918057726522
3,17,3,"Bootstrap",0.889,4,0.88603222205317,0.736080110062078,0.992136607276147,"Bootstrap",0.909,0.938410758788085,0.777063245829399,1.06229505578986
3,17,3,"Jackknife MVN",NA,NA,NA,NA,NA,"Jackknife MVN",NA,NA,NA,NA
3,17,3,"Jackknife Wald",NA,NA,NA,NA,NA,"Jackknife Wald",NA,NA,NA,NA
3,17,4,"LEF both",0.868,1,0.840766902051735,0.656208784597256,0.982030810211408,"LEF outcome",0.883,0.893225526007359,0.686471899770449,1.05688269634987
3,17,4,"LEF outcome",0.868,1,0.842465221812871,0.657038151684036,0.985155257740494,"LEF both",0.878,0.885325317921852,0.679695422790479,1.0488649200557
3,17,4,"Bootstrap",0.837,2,0.856592900079309,0.646250500816855,1.00667674456111,"Bootstrap",0.858,0.887792433370736,0.675729605564922,1.03373744332472
3,17,4,"Sandwich",0.813813813813814,3,0.772200416817713,0.590709944621713,0.911590635776971,"Sandwich",0.848545636910732,0.814136705202059,0.61805440873999,0.972824016336492
3,17,4,"Jackknife MVN",NA,NA,NA,NA,NA,"Jackknife MVN",NA,NA,NA,NA
3,17,4,"Jackknife Wald",NA,NA,NA,NA,NA,"Jackknife Wald",NA,NA,NA,NA
3,18,0,"Sandwich",0.942268041237113,1,1.01134051632682,0.951688745145505,1.07092137286925,"Sandwich",0.952331606217617,0.984060565898855,0.920315840636217,1.04298410876359
3,18,0,"Bootstrap",0.931,2,1.00470892442316,0.937816074055771,1.06906024070628,"Bootstrap",0.925,0.975449421647365,0.909546881904292,1.03527446867509
3,18,0,"LEF both",0.926,3,1.02449757800285,0.959190850362137,1.08393449913742,"LEF both",0.919,0.99377308808957,0.930515273952761,1.05346789092738
3,18,0,"LEF outcome",0.926,3,1.02449757800285,0.959190850362137,1.08393449913742,"LEF outcome",0.919,0.99377308808957,0.93051527395276,1.05346789092738
3,18,0,"Jackknife MVN",NA,NA,NA,NA,NA,"Jackknife MVN",NA,NA,NA,NA
3,18,0,"Jackknife Wald",NA,NA,NA,NA,NA,"Jackknife Wald",NA,NA,NA,NA
3,18,1,"Sandwich",0.928865979381443,1,0.963857100282847,0.796562568130465,1.08252423043731,"Sandwich",0.922279792746114,0.965745922963202,0.78656531579575,1.09833255603845
3,18,1,"Bootstrap",0.869,2,0.905728020779428,0.739683055222957,1.02412969155946,"Bootstrap",0.868,0.907746310343531,0.734912287518458,1.04286481682433
3,18,1,"LEF outcome",0.841,3,1.02019394146672,0.834813661144873,1.14988288933343,"LEF outcome",0.847,1.03902630799569,0.838917242771716,1.17883135396464
3,18,1,"LEF both",0.84,4,1.01407637049224,0.831968600520846,1.14325189152136,"LEF both",0.844,1.01461395633439,0.833551690312369,1.15375113791788
3,18,1,"Jackknife MVN",NA,NA,NA,NA,NA,"Jackknife MVN",NA,NA,NA,NA
3,18,1,"Jackknife Wald",NA,NA,NA,NA,NA,"Jackknife Wald",NA,NA,NA,NA
3,18,2,"Sandwich",0.839175257731959,1,0.804683136225032,0.573926788692266,0.969493893289197,"Sandwich",0.84559585492228,0.802349908929068,0.570805535922626,1.00872063493795
3,18,2,"Bootstrap",0.734,2,0.775268465795422,0.516325997494573,0.94526467493565,"Bootstrap",0.735,0.76872690320888,0.501767254261039,0.978255257311129
3,18,2,"LEF outcome",0.729,3,0.866602767103225,0.62661679897138,1.06304874947602,"LEF outcome",0.722,0.871050689704066,0.603837628746498,1.10283592285221
3,18,2,"LEF both",0.728,4,0.861557260996621,0.625553072621885,1.05752593005082,"LEF both",0.714,0.851158218243742,0.595947279739738,1.06775917060433
3,18,2,"Jackknife MVN",NA,NA,NA,NA,NA,"Jackknife MVN",NA,NA,NA,NA
3,18,2,"Jackknife Wald",NA,NA,NA,NA,NA,"Jackknife Wald",NA,NA,NA,NA
3,18,3,"Sandwich",0.728865979381443,1,0.634344442714217,0.417807073512364,0.819260045924538,"Sandwich",0.723316062176166,0.601334578141967,0.391885331848296,0.769143108007919
3,18,3,"Bootstrap",0.624,2,0.678002129275966,0.376992125531184,0.880084505601338,"Bootstrap",0.593,0.648015912231079,0.343442955267787,0.8332248539015
3,18,3,"LEF outcome",0.606,3,0.672998326278186,0.456938015797368,0.862280655336436,"LEF outcome",0.582,0.640517872852308,0.42257519900753,0.820633212251108
3,18,3,"LEF both",0.605,4,0.669625055809702,0.454958512573473,0.853983790551031,"LEF both",0.577,0.628267484287389,0.412403478867617,0.806767089300014
3,18,3,"Jackknife MVN",NA,NA,NA,NA,NA,"Jackknife MVN",NA,NA,NA,NA
3,18,3,"Jackknife Wald",NA,NA,NA,NA,NA,"Jackknife Wald",NA,NA,NA,NA
3,18,4,"Sandwich",0.649484536082474,1,0.519183971720089,0.346045482190238,0.660735274393095,"Sandwich",0.613471502590674,0.50159221791635,0.327271391374252,0.62927599086076
3,18,4,"LEF outcome",0.531,2,0.554866389115802,0.382984688543384,0.700028983671932,"LEF outcome",0.49,0.538597137620125,0.359369099665534,0.679613512061163
3,18,4,"LEF both",0.53,3,0.552402799134583,0.381321132329861,0.696739504942793,"LEF both",0.487,0.529428267023923,0.352012929367314,0.670353271217961
3,18,4,"Bootstrap",0.52,4,0.667336087786872,0.390667672381309,0.861420252810019,"Bootstrap",0.483,0.640181643596669,0.362615125529462,0.795468119806092
3,18,4,"Jackknife MVN",NA,NA,NA,NA,NA,"Jackknife MVN",NA,NA,NA,NA
3,18,4,"Jackknife Wald",NA,NA,NA,NA,NA,"Jackknife Wald",NA,NA,NA,NA
