"Event_rate","Scenario","Visit","CI_type","Coverage_fixed","Coverage_error","mean_se_fixed","q1_se_fixed","q3_se_fixed","mean_se_old","q1_se_old","q3_se_old","NA","NA","NA"
1,1,0,"LEF both",0.993,0.991,2.11288947507869,1.61870501698376,2.45966279644596,2.14585905743403,1.66337941848259,2.4704241414471,2.11288947507869,1.61870501698376,2.45966279644596
1,1,0,"LEF outcome",0.993,0.991,2.11288947503708,1.61870501698376,2.45966279644596,2.14585905739933,1.66337941848259,2.4704241414471,2.11288947503708,1.61870501698376,2.45966279644596
1,1,0,"Bootstrap",0.967,0.964,0.996580411618961,0.83381970440891,1.17122322097964,0.993340940138437,0.828549827037205,1.16975788969858,0.996580411618961,0.83381970440891,1.17122322097964
1,1,0,"Jackknife Wald",0.951,0.943,0.983630404804727,0.810613688831007,1.16702511441691,0.976582732765569,0.807347468813515,1.157043235153,0.983630404804727,0.810613688831007,1.16702511441691
1,1,0,"Jackknife MVN",0.887814313346228,0.887814313346228,18.1766269348699,2.16436613280408,44.5785273458763,18.1766269348699,2.16436613280408,44.5785273458763,18.1766269348699,2.16436613280408,44.5785273458763
1,1,0,"Sandwich",0.85854189336235,0.85854189336235,1.50545644201567,1.29355165934812,1.72664678093097,1.50545644201567,1.29355165934812,1.72664678093097,1.50545644201567,1.29355165934812,1.72664678093097
1,1,1,"LEF both",0.99,0.989,1.83004385019121,1.16847963498205,2.36166097497977,1.85578790215657,1.1854718244127,2.37699451216189,1.83004385019121,1.16847963498205,2.36166097497977
1,1,1,"LEF outcome",0.99,0.989,1.88615949126143,1.170633044993,2.43697383098157,1.86967689778588,1.18478002089532,2.4002541494539,1.88615949126143,1.170633044993,2.43697383098157
1,1,1,"Jackknife Wald",0.96,0.948,0.947901556193184,0.632471833120878,1.13410500030915,0.941866799494803,0.624921704985756,1.12185755751734,0.947901556193184,0.632471833120878,1.13410500030915
1,1,1,"Bootstrap",0.954,0.938,0.945691672783655,0.658700441165708,1.13269287874478,0.94183126985666,0.657600264590034,1.13443787179436,0.945691672783655,0.658700441165708,1.13269287874478
1,1,1,"Jackknife MVN",0.93036750483559,0.93036750483559,12.53041736103,2.48311641981857,19.4606689888632,12.53041736103,2.48311641981857,19.4606689888632,12.53041736103,2.48311641981857,19.4606689888632
1,1,1,"Sandwich",0.871599564744287,0.871599564744287,1.32531664698901,0.891478336381988,1.67370432412755,1.32531664698901,0.891478336381988,1.67370432412755,1.32531664698901,0.891478336381988,1.67370432412755
1,1,2,"LEF both",0.974,0.971,1.30495923681191,0.881347835670711,1.5996480329199,1.32358031511656,0.896681651453676,1.61629650543192,1.30495923681191,0.881347835670711,1.5996480329199
1,1,2,"LEF outcome",0.974,0.971,1.34436372111236,0.890885282704759,1.64294346407758,1.33330487347979,0.898654596502693,1.62737143664818,1.34436372111236,0.890885282704759,1.64294346407758
1,1,2,"Jackknife MVN",0.943907156673114,0.943907156673114,7.847558007018,3.73396901921945,10.3915175967224,7.847558007018,3.73396901921945,10.3915175967224,7.847558007018,3.73396901921945,10.3915175967224
1,1,2,"Jackknife Wald",0.943,0.941,0.908861400098063,0.491367274910219,0.92824777040364,0.903151595864644,0.486700038161846,0.92065885541802,0.908861400098063,0.491367274910219,0.92824777040364
1,1,2,"Bootstrap",0.927,0.921,0.953941790243267,0.537635776320975,1.11920663637859,0.954884568129966,0.535707691262137,1.11693021805802,0.953941790243267,0.537635776320975,1.11920663637859
1,1,2,"Sandwich",0.81936887921654,0.81936887921654,0.964003646650202,0.651060978501474,1.12514835941294,0.964003646650202,0.651060978501474,1.12514835941294,0.964003646650202,0.651060978501474,1.12514835941294
1,1,3,"Jackknife MVN",0.955512572533849,0.955512572533849,3.62584272061813,2.32576279759739,4.5822836763599,3.62584272061813,2.32576279759739,4.5822836763599,3.62584272061813,2.32576279759739,4.5822836763599
1,1,3,"Jackknife Wald",0.945,0.941,0.896725771200895,0.274659771221622,0.682261304044291,0.89251298317456,0.27093905455163,0.672599690240777,0.896725771200895,0.274659771221622,0.682261304044291
1,1,3,"LEF outcome",0.924,0.915,0.677063298195354,0.451220659936672,0.823790505313837,0.675189296715562,0.457919130285435,0.808589205951024,0.677063298195354,0.451220659936672,0.823790505313837
1,1,3,"LEF both",0.923,0.914,0.65970345793166,0.443368804001565,0.798543119924453,0.67163616874126,0.457856180800019,0.803610284204128,0.65970345793166,0.443368804001565,0.798543119924453
1,1,3,"Bootstrap",0.902,0.893,0.723110742955114,0.325952417494513,0.904592885018853,0.72443985745253,0.319308347993479,0.917467533244513,0.723110742955114,0.325952417494513,0.904592885018853
1,1,3,"Sandwich",0.76822633297062,0.76822633297062,0.500833316304286,0.331268590495454,0.591556115719624,0.500833316304286,0.331268590495454,0.591556115719624,0.500833316304286,0.331268590495454,0.591556115719624
1,1,4,"Jackknife MVN",0.963249516441006,0.963249516441006,2.77669198466408,1.77382558090339,3.57305393020539,2.77669198466408,1.77382558090339,3.57305393020539,2.77669198466408,1.77382558090339,3.57305393020539
1,1,4,"Jackknife Wald",0.944,0.942,0.857970791705397,0.229306460849405,0.665670190270981,0.854866017728068,0.228695128635021,0.660935763693017,0.857970791705397,0.229306460849405,0.665670190270981
1,1,4,"LEF both",0.899,0.892,0.55270363957171,0.353539104942551,0.712740794203878,0.562941259513466,0.369163342867378,0.720892407489641,0.55270363957171,0.353539104942551,0.712740794203878
1,1,4,"LEF outcome",0.899,0.892,0.565487677775571,0.366304848302361,0.722624724280254,0.565565656013706,0.367385245376943,0.722302085968593,0.565487677775571,0.366304848302361,0.722624724280254
1,1,4,"Bootstrap",0.897,0.887,0.669162931915432,0.300440642929183,0.835523946850489,0.670476876425899,0.298795699805432,0.833336665302433,0.669162931915432,0.300440642929183,0.835523946850489
1,1,4,"Sandwich",0.779107725788901,0.779107725788901,0.425892366348302,0.262892061229689,0.550361166169143,0.425892366348302,0.262892061229689,0.550361166169143,0.425892366348302,0.262892061229689,0.550361166169143
1,2,0,"LEF both",0.977,0.966,2.36316855212976,1.76477777838787,2.76091434632011,2.40297764142167,1.79274003773398,2.79401709363211,2.36316855212976,1.76477777838787,2.76091434632011
1,2,0,"LEF outcome",0.977,0.966,2.36316855242802,1.76477777838787,2.76091434632012,2.40297764127702,1.79274003773398,2.79401709363211,2.36316855242802,1.76477777838787,2.76091434632012
1,2,0,"Bootstrap",0.949,0.947,1.04082482557131,0.865508121847024,1.23021103948582,1.03639629972069,0.855704332117123,1.22913056798987,1.04082482557131,0.865508121847024,1.23021103948582
1,2,0,"Sandwich",0.922190201729107,0.922190201729107,1.70835148974769,1.39623177649687,1.83525883709373,1.70835148974769,1.39623177649687,1.83525883709373,1.70835148974769,1.39623177649687,1.83525883709373
1,2,0,"Jackknife Wald",0.919,0.923,1.03460774427969,0.839422548716122,1.22626589075206,1.02279939776793,0.823420431954512,1.21118289844172,1.03460774427969,0.839422548716122,1.22626589075206
1,2,0,"Jackknife MVN",0.890577507598784,0.890577507598784,19.9530925240316,2.71009464451662,37.530095841626,19.9530925240316,2.71009464451662,37.530095841626,19.9530925240316,2.71009464451662,37.530095841626
1,2,1,"LEF both",0.98,0.966,1.96154022436834,1.39704557247369,2.42747015292338,1.99132674470571,1.42926388597054,2.45189530149907,1.96154022436834,1.39704557247369,2.42747015292338
1,2,1,"LEF outcome",0.98,0.967,1.9878757573242,1.39302864396526,2.46433828896135,1.99537569715508,1.42756780696449,2.45597425207328,1.9878757573242,1.39302864396526,2.46433828896135
1,2,1,"Jackknife MVN",0.917933130699088,0.917933130699088,13.9562915405507,6.94354825922096,17.7110587721355,13.9562915405507,6.94354825922096,17.7110587721355,13.9562915405507,6.94354825922096,17.7110587721355
1,2,1,"Jackknife Wald",0.904,0.904,1.03346824347463,0.677083992296131,1.30049310840767,1.02323766342761,0.668290552312379,1.28830714150876,1.03346824347463,0.677083992296131,1.30049310840767
1,2,1,"Sandwich",0.899135446685879,0.899135446685879,1.51779903320324,1.07758916665036,1.83845731051151,1.51779903320324,1.07758916665036,1.83845731051151,1.51779903320324,1.07758916665036,1.83845731051151
1,2,1,"Bootstrap",0.894,0.891,0.965623954851991,0.685098016202078,1.21795105020204,0.964758304666813,0.680317308176452,1.21621586086762,0.965623954851991,0.685098016202078,1.21795105020204
1,2,2,"LEF outcome",0.962,0.944,1.43234539277961,0.920909643233172,1.89344469429563,1.4323937643443,0.935350961143043,1.86830236420056,1.43234539277961,0.920909643233172,1.89344469429563
1,2,2,"LEF both",0.961,0.944,1.4066467085544,0.911572674019394,1.85038301909965,1.4288533358627,0.933565740490947,1.86404749056369,1.4066467085544,0.911572674019394,1.85038301909965
1,2,2,"Jackknife MVN",0.931104356636272,0.931104356636272,8.30168128966185,6.07117524987531,10.4509126644368,8.30168128966185,6.07117524987531,10.4509126644368,8.30168128966185,6.07117524987531,10.4509126644368
1,2,2,"Jackknife Wald",0.883,0.887,1.145859435147,0.496477588455575,1.29940366410205,1.13527255530317,0.485483825513001,1.26880055327394,1.145859435147,0.496477588455575,1.29940366410205
1,2,2,"Sandwich",0.848703170028818,0.848703170028818,1.13847088684354,0.692742873012699,1.5176021759892,1.13847088684354,0.692742873012699,1.5176021759892,1.13847088684354,0.692742873012699,1.5176021759892
1,2,2,"Bootstrap",0.839,0.836,0.861872349788446,0.490567684623933,1.13362158388289,0.863140192702133,0.488182935830915,1.12809114587305,0.861872349788446,0.490567684623933,1.13362158388289
1,2,3,"Jackknife MVN",0.931104356636272,0.931104356636272,5.08228875324069,3.92151884517599,6.21308462625034,5.08228875324069,3.92151884517599,6.21308462625034,5.08228875324069,3.92151884517599,6.21308462625034
1,2,3,"LEF outcome",0.924,0.91,0.956126808987483,0.58262592905925,1.23315830109942,0.960411191650951,0.594063382895501,1.21841260980398,0.956126808987483,0.58262592905925,1.23315830109942
1,2,3,"LEF both",0.923,0.909,0.938446717357641,0.575793754228586,1.20220672959057,0.957885825481529,0.5953696747049,1.21648658187132,0.938446717357641,0.575793754228586,1.20220672959057
1,2,3,"Jackknife Wald",0.873,0.873,1.06048601418514,0.3463836937476,1.23934860135006,1.05361922197065,0.342457769138243,1.24328142739353,1.06048601418514,0.3463836937476,1.23934860135006
1,2,3,"Bootstrap",0.804,0.811,0.754093960327852,0.338491005905123,1.04084590910162,0.757332797678662,0.339655856378012,1.05106811154573,0.754093960327852,0.338491005905123,1.04084590910162
1,2,3,"Sandwich",0.79971181556196,0.79971181556196,0.763531832976336,0.422903280610672,0.992272236690942,0.763531832976336,0.422903280610672,0.992272236690942,0.763531832976336,0.422903280610672,0.992272236690942
1,2,4,"Jackknife MVN",0.941236068895643,0.941236068895643,3.46759251177067,2.61064040379355,4.19842459121831,3.46759251177067,2.61064040379355,4.19842459121831,3.46759251177067,2.61064040379355,4.19842459121831
1,2,4,"LEF outcome",0.88,0.866,0.667920252788768,0.402070148854058,0.849739254559624,0.674251513271299,0.417519644434493,0.842964243705044,0.667920252788768,0.402070148854058,0.849739254559624
1,2,4,"LEF both",0.878,0.864,0.65584030770831,0.399067121539265,0.835269235586845,0.672548501561762,0.416528714572015,0.842904775907263,0.65584030770831,0.399067121539265,0.835269235586845
1,2,4,"Jackknife Wald",0.852,0.859,0.988665450837136,0.249007812440962,1.08808009792572,0.983711634408057,0.246717446271066,1.08586477397709,0.988665450837136,0.249007812440962,1.08808009792572
1,2,4,"Bootstrap",0.788,0.789,0.692629840909701,0.285690629503959,0.917809538841714,0.695681964620572,0.288117020724464,0.924284174066159,0.692629840909701,0.285690629503959,0.917809538841714
1,2,4,"Sandwich",0.757925072046109,0.757925072046109,0.530776876644466,0.285170889615212,0.675610254119292,0.530776876644466,0.285170889615212,0.675610254119292,0.530776876644466,0.285170889615212,0.675610254119292
1,3,0,"LEF both",0.894,0.878,1.76339042393135,0.818242333878319,2.43771348057281,1.80462808477154,0.842657816813001,2.46977111085689,1.76339042393135,0.818242333878319,2.43771348057281
1,3,0,"LEF outcome",0.894,0.878,1.76339042279809,0.818242334171088,2.43771348057281,1.80462808333199,0.842657816779413,2.46977111085689,1.76339042279809,0.818242334171088,2.43771348057281
1,3,0,"Sandwich",0.883333333333333,0.883333333333333,1.76393296682489,1.46441527995954,2.03154736849574,1.76393296682489,1.46441527995954,2.03154736849574,1.76393296682489,1.46441527995954,2.03154736849574
1,3,0,"Bootstrap",0.689,0.767,0.887460545541896,0.443933004601057,1.24372828805335,0.877834464744221,0.426106245071301,1.23679441558203,0.887460545541896,0.443933004601057,1.24372828805335
1,3,0,"Jackknife Wald",0.633,0.649,0.913818039218526,0.397543535711224,1.24642951496588,0.900186240947194,0.379918606432268,1.22607187792379,0.913818039218526,0.397543535711224,1.24642951496588
1,3,0,"Jackknife MVN",0.617710583153348,0.617710583153348,13.7605692212129,3.21667936881713,23.5013888473723,13.7605692212129,3.21667936881713,23.5013888473723,13.7605692212129,3.21667936881713,23.5013888473723
1,3,1,"LEF outcome",0.934,0.918,1.04049852534057,0.52346502051479,1.35699027531737,1.05554371486582,0.549716332248106,1.36958626724669,1.04049852534057,0.52346502051479,1.35699027531737
1,3,1,"LEF both",0.933,0.918,1.0301411371274,0.523939807783144,1.35924335685837,1.05339578603397,0.549808443063629,1.36969706580145,1.0301411371274,0.523939807783144,1.35924335685837
1,3,1,"Sandwich",0.811111111111111,0.811111111111111,1.26079000533684,0.684610616354127,1.72155619767692,1.26079000533684,0.684610616354127,1.72155619767692,1.26079000533684,0.684610616354127,1.72155619767692
1,3,1,"Jackknife MVN",0.673866090712743,0.673866090712743,7.04946397842941,3.42721993999854,9.27278509992523,7.04946397842941,3.42721993999854,9.27278509992523,7.04946397842941,3.42721993999854,9.27278509992523
1,3,1,"Jackknife Wald",0.661,0.665,0.910505766265875,0.236973783877203,1.07685688797807,0.90109218525013,0.231463607550723,1.05808467229185,0.910505766265875,0.236973783877203,1.07685688797807
1,3,1,"Bootstrap",0.6,0.625,0.808368675625852,0.317564120301068,1.10037525873241,0.807152536704421,0.308144132619718,1.10753465756618,0.808368675625852,0.317564120301068,1.10037525873241
1,3,2,"LEF outcome",0.896,0.88,0.553212912150112,0.304038937747433,0.676184286129273,0.564870920826039,0.320182584532811,0.69220735377397,0.553212912150112,0.304038937747433,0.676184286129273
1,3,2,"LEF both",0.894,0.878,0.548084594961085,0.303503597130891,0.676086881103392,0.564148410883473,0.32163768241858,0.692857096695785,0.548084594961085,0.303503597130891,0.676086881103392
1,3,2,"Jackknife MVN",0.73866090712743,0.73866090712743,3.609507064649,2.92478917454002,4.38765260875722,3.609507064649,2.92478917454002,4.38765260875722,3.609507064649,2.92478917454002,4.38765260875722
1,3,2,"Sandwich",0.705555555555556,0.705555555555556,0.649327573952493,0.31945672234681,0.873343171075598,0.649327573952493,0.31945672234681,0.873343171075598,0.649327573952493,0.31945672234681,0.873343171075598
1,3,2,"Jackknife Wald",0.689,0.691,0.92717541574439,0.150541436125709,0.992218797680886,0.921861662043809,0.148694259700828,0.992315846318773,0.92717541574439,0.150541436125709,0.992218797680886
1,3,2,"Bootstrap",0.575,0.582,0.872521295279358,0.25193653576314,1.27363110705913,0.873187166556695,0.246274417074284,1.27742997023873,0.872521295279358,0.25193653576314,1.27363110705913
1,3,3,"LEF both",0.842,0.829,0.338349757173025,0.196913586524918,0.424034647641043,0.348725015129035,0.211407323788359,0.431680252623965,0.338349757173025,0.196913586524918,0.424034647641043
1,3,3,"LEF outcome",0.842,0.829,0.341296222804139,0.19849572446691,0.42427224853596,0.348763080709319,0.211003333508359,0.429955613063967,0.341296222804139,0.19849572446691,0.42427224853596
1,3,3,"Jackknife MVN",0.764578833693304,0.764578833693304,2.08123782876703,1.70061702831885,2.57997617524993,2.08123782876703,1.70061702831885,2.57997617524993,2.08123782876703,1.70061702831885,2.57997617524993
1,3,3,"Jackknife Wald",0.722,0.727,1.08063931599943,0.110703004549006,1.42935349111369,1.07740248111598,0.110668809324597,1.41886439114405,1.08063931599943,0.110703004549006,1.42935349111369
1,3,3,"Sandwich",0.683333333333333,0.683333333333333,0.388630190668524,0.17457071611343,0.546496836340341,0.388630190668524,0.17457071611343,0.546496836340341,0.388630190668524,0.17457071611343,0.546496836340341
1,3,3,"Bootstrap",0.518,0.518,0.834515126886224,0.345555706791057,1.25891847012144,0.835877356724268,0.34670096115327,1.26032604025269,0.834515126886224,0.345555706791057,1.25891847012144
1,3,4,"LEF both",0.793,0.782,0.283146420414256,0.160708140350314,0.357655696457473,0.291409947186292,0.172830977810454,0.362360914431522,0.283146420414256,0.160708140350314,0.357655696457473
1,3,4,"LEF outcome",0.793,0.785,0.28532261292315,0.161564951246432,0.361021177990297,0.291200657929444,0.170854879270762,0.359845614908905,0.28532261292315,0.161564951246432,0.361021177990297
1,3,4,"Jackknife MVN",0.777537796976242,0.777537796976242,1.57345787101791,1.29764403626419,1.957023360566,1.57345787101791,1.29764403626419,1.957023360566,1.57345787101791,1.29764403626419,1.957023360566
1,3,4,"Jackknife Wald",0.739,0.746,1.12906306433689,0.108574514734407,1.81127329607424,1.12713879037471,0.107758305108008,1.80087216917555,1.12906306433689,0.108574514734407,1.81127329607424
1,3,4,"Sandwich",0.666666666666667,0.666666666666667,0.328699052019399,0.140043564686821,0.507272165679888,0.328699052019399,0.140043564686821,0.507272165679888,0.328699052019399,0.140043564686821,0.507272165679888
1,3,4,"Bootstrap",0.478,0.487,0.778973197296253,0.374882671425148,1.14011237132711,0.780281625055066,0.378918134483579,1.14101370836432,0.778973197296253,0.374882671425148,1.14011237132711
1,4,0,"LEF both",0.997,0.994,1.90457515533042,1.42391414869569,2.16178051055349,1.93852571466768,1.45493233901556,2.18912146813209,1.90457515533042,1.42391414869569,2.16178051055349
1,4,0,"LEF outcome",0.997,0.994,1.90457515533763,1.42391414869569,2.16178051055349,1.93852571467049,1.45493233901556,2.18912146813209,1.90457515533763,1.42391414869569,2.16178051055349
1,4,0,"Bootstrap",0.976,0.967,0.971693301004166,0.819996627265024,1.13641804477482,0.975120576091477,0.822031202427087,1.14204337273151,0.971693301004166,0.819996627265024,1.13641804477482
1,4,0,"Jackknife Wald",0.955,0.946,0.962058096939503,0.809827692657602,1.13082865127789,0.959576446803932,0.806595934781447,1.12618634621593,0.962058096939503,0.809827692657602,1.13082865127789
1,4,0,"Jackknife MVN",0.916167664670659,0.916167664670659,14.0473321644671,1.82882979850013,39.8778714337908,14.0473321644671,1.82882979850013,39.8778714337908,14.0473321644671,1.82882979850013,39.8778714337908
1,4,0,"Sandwich",0.885228480340064,0.885228480340064,1.39550801061365,1.1517040914864,1.57639228820153,1.39550801061365,1.1517040914864,1.57639228820153,1.39550801061365,1.1517040914864,1.57639228820153
1,4,1,"LEF both",0.995,0.993,1.92895548375381,1.2527180463545,2.38634191348052,1.95549470802255,1.281756078967,2.39309180234668,1.92895548375381,1.2527180463545,2.38634191348052
1,4,1,"LEF outcome",0.995,0.993,1.96957518807916,1.26011972646047,2.41849584527556,1.95936974727965,1.28135631892637,2.39097784704212,1.96957518807916,1.26011972646047,2.41849584527556
1,4,1,"Bootstrap",0.961,0.954,1.02301071653236,0.73847727786094,1.19803079341129,1.02455276034115,0.737827767295655,1.19717904031774,1.02301071653236,0.73847727786094,1.19803079341129
1,4,1,"Jackknife MVN",0.958083832335329,0.958083832335329,12.3128985854267,2.36396162280979,20.0709837961246,12.3128985854267,2.36396162280979,20.0709837961246,12.3128985854267,2.36396162280979,20.0709837961246
1,4,1,"Jackknife Wald",0.956,0.953,1.03147407213854,0.717808729373629,1.19094833527092,1.02630469449721,0.713781875401415,1.18048963976235,1.03147407213854,0.717808729373629,1.19094833527092
1,4,1,"Sandwich",0.901168969181722,0.901168969181722,1.40729105723311,0.9795603448936,1.64525421811668,1.40729105723311,0.9795603448936,1.64525421811668,1.40729105723311,0.9795603448936,1.64525421811668
1,4,2,"LEF both",0.965,0.963,1.1417473125463,0.755285443734651,1.35509139963175,1.15811474400989,0.772912175074894,1.37286907792511,1.1417473125463,0.755285443734651,1.35509139963175
1,4,2,"LEF outcome",0.965,0.964,1.17271215599798,0.766514876639941,1.40039849013111,1.1622924762895,0.770489534884675,1.37815269456674,1.17271215599798,0.766514876639941,1.40039849013111
1,4,2,"Jackknife MVN",0.956087824351297,0.956087824351297,6.07755027754965,2.35760109399891,8.44483271204226,6.07755027754965,2.35760109399891,8.44483271204226,6.07755027754965,2.35760109399891,8.44483271204226
1,4,2,"Jackknife Wald",0.951,0.949,0.917756368758188,0.451630333110876,0.854585185782772,0.912959319729959,0.451044038125315,0.854762410475036,0.917756368758188,0.451630333110876,0.854585185782772
1,4,2,"Bootstrap",0.938,0.933,0.928851138336952,0.496309802051457,1.07301670211011,0.930748927936472,0.496426521788307,1.07942725127088,0.928851138336952,0.496309802051457,1.07301670211011
1,4,2,"Sandwich",0.842720510095643,0.842720510095643,0.866196467316391,0.578015553062947,0.988217675554386,0.866196467316391,0.578015553062947,0.988217675554386,0.866196467316391,0.578015553062947,0.988217675554386
1,4,3,"Jackknife MVN",0.962075848303393,0.962075848303393,3.19652904547125,1.89666057907845,4.14316845821325,3.19652904547125,1.89666057907845,4.14316845821325,3.19652904547125,1.89666057907845,4.14316845821325
1,4,3,"Jackknife Wald",0.95,0.95,0.921905740607758,0.289116908899873,0.801800747399215,0.918787540733508,0.287106115467027,0.799047701467471,0.921905740607758,0.289116908899873,0.801800747399215
1,4,3,"LEF both",0.918,0.911,0.639755856067449,0.434060746925184,0.766386105658027,0.651174711137546,0.454592629932117,0.775790094524989,0.639755856067449,0.434060746925184,0.766386105658027
1,4,3,"LEF outcome",0.917,0.912,0.656519706983769,0.446587367666291,0.790125926484914,0.653381971998449,0.451368465351517,0.780366102062089,0.656519706983769,0.446587367666291,0.790125926484914
1,4,3,"Bootstrap",0.895,0.883,0.740931814204916,0.332227930375617,0.934779780710112,0.743028409202713,0.332522670694787,0.94505496755808,0.740931814204916,0.332227930375617,0.934779780710112
1,4,3,"Sandwich",0.780021253985122,0.780021253985122,0.493935712476565,0.32359704551657,0.587138420637008,0.493935712476565,0.32359704551657,0.587138420637008,0.493935712476565,0.32359704551657,0.587138420637008
1,4,4,"Jackknife MVN",0.980039920159681,0.980039920159681,2.62478357979248,1.44436614649688,3.54269588253876,2.62478357979248,1.44436614649688,3.54269588253876,2.62478357979248,1.44436614649688,3.54269588253876
1,4,4,"Jackknife Wald",0.945,0.945,0.941974981343183,0.265766676206843,0.811161652447234,0.939281333917809,0.264071301278769,0.812359810191867,0.941974981343183,0.265766676206843,0.811161652447234
1,4,4,"LEF both",0.898,0.892,0.591184648303137,0.381725054435117,0.750959451927058,0.60136336387892,0.397927639024671,0.753785504201799,0.591184648303137,0.381725054435117,0.750959451927058
1,4,4,"LEF outcome",0.897,0.893,0.60525672714198,0.390482423634235,0.762372341748746,0.603246994294833,0.396349525314997,0.755167986037326,0.60525672714198,0.390482423634235,0.762372341748746
1,4,4,"Bootstrap",0.885,0.879,0.72914541485777,0.34977070819141,0.911761414200776,0.731359299608788,0.346127422808092,0.909249426305789,0.72914541485777,0.34977070819141,0.911761414200776
1,4,4,"Sandwich",0.793836344314559,0.793836344314559,0.46609993913841,0.281342479693023,0.597937657349394,0.46609993913841,0.281342479693023,0.597937657349394,0.46609993913841,0.281342479693023,0.597937657349394
1,5,0,"LEF both",0.976,0.971,2.07560501471734,1.5479126011694,2.3746802405775,2.11236136267568,1.5735206163314,2.42384362882818,2.07560501471734,1.5479126011694,2.3746802405775
1,5,0,"LEF outcome",0.976,0.971,2.07560501465124,1.5479126011694,2.3746802405775,2.1123613625823,1.5735206163314,2.42384362882818,2.07560501465124,1.5479126011694,2.3746802405775
1,5,0,"Sandwich",0.925311203319502,0.925311203319502,1.5383230478184,1.25578231513343,1.68352233642714,1.5383230478184,1.25578231513343,1.68352233642714,1.5383230478184,1.25578231513343,1.68352233642714
1,5,0,"Bootstrap",0.913,0.914,0.973091909508558,0.770418067260496,1.15950368482494,0.972412519823005,0.760424167436133,1.16038565669871,0.973091909508558,0.770418067260496,1.15950368482494
1,5,0,"Jackknife Wald",0.882,0.884,0.96406368655587,0.732687197090439,1.15134272639828,0.954351952176645,0.72601886946549,1.14040179898006,0.96406368655587,0.732687197090439,1.15134272639828
1,5,0,"Jackknife MVN",0.868257261410788,0.868257261410788,15.8574631295731,2.28474502933736,32.4287556021791,15.8574631295731,2.28474502933736,32.4287556021791,15.8574631295731,2.28474502933736,32.4287556021791
1,5,1,"LEF both",0.977,0.964,1.71305520964342,1.17655346400173,2.12621711584179,1.73989213176202,1.21863230858529,2.16254526888785,1.71305520964342,1.17655346400173,2.12621711584179
1,5,1,"LEF outcome",0.977,0.964,1.73794490101001,1.18041351749832,2.16228501360364,1.74328106300224,1.21931747604566,2.16110163606459,1.73794490101001,1.18041351749832,2.16228501360364
1,5,1,"Jackknife MVN",0.902489626556017,0.902489626556017,11.9089296779895,5.18385070411808,15.4385488133323,11.9089296779895,5.18385070411808,15.4385488133323,11.9089296779895,5.18385070411808,15.4385488133323
1,5,1,"Sandwich",0.887966804979253,0.887966804979253,1.39268909776373,0.937679900338525,1.70741686348826,1.39268909776373,0.937679900338525,1.70741686348826,1.39268909776373,0.937679900338525,1.70741686348826
1,5,1,"Bootstrap",0.85,0.842,0.900648372407888,0.599491969239795,1.18516643490878,0.90281289292761,0.604118338367269,1.17839715843635,0.900648372407888,0.599491969239795,1.18516643490878
1,5,1,"Jackknife Wald",0.847,0.848,0.983161523480667,0.585650223064111,1.23126252373844,0.975702438961221,0.576070109841638,1.22154493007575,0.983161523480667,0.585650223064111,1.23126252373844
1,5,2,"LEF outcome",0.938,0.925,1.24547534327256,0.78656573383348,1.6544218393018,1.24887427025674,0.805489852330187,1.63535817507033,1.24547534327256,0.78656573383348,1.6544218393018
1,5,2,"LEF both",0.937,0.924,1.22399634493492,0.782355629341476,1.60021075228166,1.24618837354755,0.805272180501331,1.63340850997267,1.22399634493492,0.782355629341476,1.60021075228166
1,5,2,"Jackknife MVN",0.9149377593361,0.9149377593361,7.12134540728545,4.9497221378846,8.91379662575779,7.12134540728545,4.9497221378846,8.91379662575779,7.12134540728545,4.9497221378846,8.91379662575779
1,5,2,"Jackknife Wald",0.841,0.841,0.970408600319183,0.433108145056658,1.25179852904559,0.964181539836385,0.423167090461833,1.24815978878706,0.970408600319183,0.433108145056658,1.25179852904559
1,5,2,"Sandwich",0.814661134163209,0.814661134163209,1.03114409012444,0.623485448036493,1.34674104676939,1.03114409012444,0.623485448036493,1.34674104676939,1.03114409012444,0.623485448036493,1.34674104676939
1,5,2,"Bootstrap",0.785,0.777,0.805047139165112,0.441781919972634,1.09158346276246,0.809178688333156,0.443655600607659,1.09475892707505,0.805047139165112,0.441781919972634,1.09158346276246
1,5,3,"Jackknife MVN",0.91701244813278,0.91701244813278,4.29963013330425,3.22789152242275,5.34386166977171,4.29963013330425,3.22789152242275,5.34386166977171,4.29963013330425,3.22789152242275,5.34386166977171
1,5,3,"LEF both",0.893,0.877,0.804642824532775,0.482213468633195,1.06683590340834,0.822565680266917,0.509359210102113,1.07485637626985,0.804642824532775,0.482213468633195,1.06683590340834
1,5,3,"LEF outcome",0.893,0.878,0.818227351594601,0.488402053367118,1.07934657420407,0.824011776908408,0.512075199440227,1.07680769199536,0.818227351594601,0.488402053367118,1.07934657420407
1,5,3,"Jackknife Wald",0.824,0.825,0.946457759661899,0.291112945125226,1.22210970902829,0.942247118227116,0.286754599426671,1.22305106924417,0.946457759661899,0.291112945125226,1.22210970902829
1,5,3,"Sandwich",0.756569847856155,0.756569847856155,0.686558699523411,0.38461569284095,0.900334022678572,0.686558699523411,0.38461569284095,0.900334022678572,0.686558699523411,0.38461569284095,0.900334022678572
1,5,3,"Bootstrap",0.741,0.738,0.688538782499179,0.300987653871365,0.970698923045156,0.692792890766778,0.304451337850476,0.974132261302393,0.688538782499179,0.300987653871365,0.970698923045156
1,5,4,"Jackknife MVN",0.923236514522822,0.923236514522822,3.11079128030377,2.37642358220236,3.84097176340989,3.11079128030377,2.37642358220236,3.84097176340989,3.11079128030377,2.37642358220236,3.84097176340989
1,5,4,"LEF both",0.829,0.809,0.584412945380799,0.348971708491363,0.778460688438546,0.601788996826336,0.371308999263185,0.784728957200619,0.584412945380799,0.348971708491363,0.778460688438546
1,5,4,"LEF outcome",0.829,0.813,0.594043017721332,0.354037667776899,0.791287726978078,0.602786492597623,0.373132559218924,0.786555545087589,0.594043017721332,0.354037667776899,0.791287726978078
1,5,4,"Jackknife Wald",0.814,0.819,0.948236253664919,0.243474758295173,1.13851859516409,0.944911428368367,0.239194175102493,1.13153249832586,0.948236253664919,0.243474758295173,1.13851859516409
1,5,4,"Bootstrap",0.721,0.708,0.695874768567807,0.304500914769799,0.914389422266289,0.699161451276715,0.307759149209563,0.916656905324153,0.695874768567807,0.304500914769799,0.914389422266289
1,5,4,"Sandwich",0.69432918395574,0.69432918395574,0.496390882040961,0.275558909767367,0.653695377138295,0.496390882040961,0.275558909767367,0.653695377138295,0.496390882040961,0.275558909767367,0.653695377138295
1,6,0,"LEF both",0.923,0.913,1.7326566749064,0.842099148730496,2.38545428321169,1.77070438352096,0.874559051573699,2.42664610829906,1.7326566749064,0.842099148730496,2.38545428321169
1,6,0,"LEF outcome",0.923,0.913,1.73265667467295,0.842099148892722,2.38545428321169,1.77070438325387,0.874559052302518,2.42664610829906,1.73265667467295,0.842099148892722,2.38545428321169
1,6,0,"Sandwich",0.880434782608696,0.880434782608696,1.67098306874333,1.36666376053456,1.97091004635553,1.67098306874333,1.36666376053456,1.97091004635553,1.67098306874333,1.36666376053456,1.97091004635553
1,6,0,"Bootstrap",0.671,0.731,0.916478504252678,0.444526228212516,1.28390936364253,0.913109870584305,0.43694003719225,1.28045236743456,0.916478504252678,0.444526228212516,1.28390936364253
1,6,0,"Jackknife MVN",0.644444444444444,0.644444444444444,12.3744092805148,2.98100802389826,21.5330325365258,12.3744092805148,2.98100802389826,21.5330325365258,12.3744092805148,2.98100802389826,21.5330325365258
1,6,0,"Jackknife Wald",0.642,0.651,0.946336413706589,0.37727100209875,1.29151614318538,0.937009367578764,0.369299098793545,1.28754420942905,0.946336413706589,0.37727100209875,1.29151614318538
1,6,1,"LEF outcome",0.949,0.933,0.91409977299981,0.47983946388777,1.14845865576149,0.929529213369096,0.498829047697773,1.15327225378312,0.91409977299981,0.47983946388777,1.14845865576149
1,6,1,"LEF both",0.948,0.932,0.906568579687293,0.479531678772172,1.14413088536592,0.927703121261975,0.499250426901641,1.15349321918926,0.906568579687293,0.479531678772172,1.14413088536592
1,6,1,"Sandwich",0.83695652173913,0.83695652173913,1.22542719243274,0.600540863442605,1.46600717392961,1.22542719243274,0.600540863442605,1.46600717392961,1.22542719243274,0.600540863442605,1.46600717392961
1,6,1,"Jackknife MVN",0.696969696969697,0.696969696969697,5.98595787438387,3.28015818025285,8.04347812491173,5.98595787438387,3.28015818025285,8.04347812491173,5.98595787438387,3.28015818025285,8.04347812491173
1,6,1,"Jackknife Wald",0.667,0.668,0.773403660311483,0.218374069088569,0.887188893321596,0.767824747383906,0.215166137826829,0.884679107252567,0.773403660311483,0.218374069088569,0.887188893321596
1,6,1,"Bootstrap",0.603,0.612,0.689017298812581,0.281487416404431,0.842183230298691,0.689753095945975,0.277488007641847,0.858997180774296,0.689017298812581,0.281487416404431,0.842183230298691
1,6,2,"LEF outcome",0.911,0.891,0.552606176184348,0.314476543082069,0.66681396896882,0.56440801595382,0.328997298201724,0.678710367528976,0.552606176184348,0.314476543082069,0.66681396896882
1,6,2,"LEF both",0.91,0.889,0.548332070306083,0.310923018891067,0.666173782467112,0.563711843991468,0.329412776669055,0.67941008971624,0.548332070306083,0.310923018891067,0.666173782467112
1,6,2,"Sandwich",0.760869565217391,0.760869565217391,0.68547540816165,0.317489442988048,0.853959280916214,0.68547540816165,0.317489442988048,0.853959280916214,0.68547540816165,0.317489442988048,0.853959280916214
1,6,2,"Jackknife MVN",0.745454545454545,0.745454545454545,3.57724717681228,2.96752322737449,4.32919724668985,3.57724717681228,2.96752322737449,4.32919724668985,3.57724717681228,2.96752322737449,4.32919724668985
1,6,2,"Jackknife Wald",0.699,0.702,0.869754609327881,0.167560923543465,0.931047604481317,0.865216314163296,0.163111497252614,0.92182903513837,0.869754609327881,0.167560923543465,0.931047604481317
1,6,2,"Bootstrap",0.575,0.579,0.805543816022471,0.255082926800163,1.12881195834251,0.807530482666121,0.25274633180412,1.12512788274419,0.805543816022471,0.255082926800163,1.12881195834251
1,6,3,"LEF outcome",0.858,0.841,0.37613783162731,0.21964242712073,0.475053602805667,0.385006032541492,0.231544285058195,0.476771612911931,0.37613783162731,0.21964242712073,0.475053602805667
1,6,3,"LEF both",0.857,0.84,0.373333616792122,0.219907053818776,0.473673977274294,0.384878197402845,0.231632559720539,0.479140053321205,0.373333616792122,0.219907053818776,0.473673977274294
1,6,3,"Jackknife MVN",0.771717171717172,0.771717171717172,2.26645461116713,1.91210298689708,2.70862789525153,2.26645461116713,1.91210298689708,2.70862789525153,2.26645461116713,1.91210298689708,2.70862789525153
1,6,3,"Sandwich",0.755434782608696,0.755434782608696,0.467114219960431,0.203350961396506,0.615490633116219,0.467114219960431,0.203350961396506,0.615490633116219,0.467114219960431,0.203350961396506,0.615490633116219
1,6,3,"Jackknife Wald",0.732,0.734,1.05876546832699,0.138135899833949,1.19303771361314,1.05505182151563,0.136498560604199,1.20255119454656,1.05876546832699,0.138135899833949,1.19303771361314
1,6,3,"Bootstrap",0.531,0.536,0.876335735438919,0.365947251389776,1.29036347880426,0.878056991338634,0.367904507163806,1.29257796651056,0.876335735438919,0.365947251389776,1.29036347880426
1,6,4,"LEF both",0.825,0.807,0.327525509401321,0.187976453058728,0.420325224573947,0.336805965565399,0.199046264709971,0.425468586525067,0.327525509401321,0.187976453058728,0.420325224573947
1,6,4,"LEF outcome",0.825,0.81,0.3296803970286,0.187974826799378,0.42522715267715,0.336695673549936,0.198183019172414,0.425553532868339,0.3296803970286,0.187974826799378,0.42522715267715
1,6,4,"Jackknife MVN",0.773737373737374,0.773737373737374,1.77957041211938,1.49691176163202,2.12687477272071,1.77957041211938,1.49691176163202,2.12687477272071,1.77957041211938,1.49691176163202,2.12687477272071
1,6,4,"Sandwich",0.755434782608696,0.755434782608696,0.408105561433125,0.184124591832236,0.576738189471091,0.408105561433125,0.184124591832236,0.576738189471091,0.408105561433125,0.184124591832236,0.576738189471091
1,6,4,"Jackknife Wald",0.751,0.752,1.18996166538105,0.132298439564846,1.6485367535175,1.18651412581169,0.131328107933478,1.63949179171534,1.18996166538105,0.132298439564846,1.6485367535175
1,6,4,"Bootstrap",0.509,0.51,0.868947992116724,0.44109646083644,1.25255132263264,0.870806118987026,0.442343002915239,1.25450341843336,0.868947992116724,0.44109646083644,1.25255132263264
1,7,0,"LEF both",0.993,0.99,1.57843052374327,1.2207099567614,1.73704548461351,1.6081216480092,1.25244094713546,1.7576373946784,1.57843052374327,1.2207099567614,1.73704548461351
1,7,0,"LEF outcome",0.993,0.99,1.57843052374996,1.22070995676139,1.7370454676011,1.60812164793843,1.25244094713545,1.7576373946784,1.57843052374996,1.22070995676139,1.7370454676011
1,7,0,"Jackknife MVN",0.966252220248668,0.966252220248668,7.2432462611284,1.45765014015296,2.77577190164928,7.2432462611284,1.45765014015296,2.77577190164928,7.2432462611284,1.45765014015296,2.77577190164928
1,7,0,"Bootstrap",0.964,0.954,0.972124235371559,0.829815866002996,1.10673128272924,0.983081638511828,0.837562994003871,1.11222694546343,0.972124235371559,0.829815866002996,1.10673128272924
1,7,0,"Jackknife Wald",0.954,0.95,0.965839153790417,0.81784339853629,1.10005574899566,0.967479825661964,0.81628040600256,1.10128203923148,0.965839153790417,0.81784339853629,1.10005574899566
1,7,0,"Sandwich",0.934479054779807,0.934479054779807,1.26060065947459,1.04601781258849,1.40125857695571,1.26060065947459,1.04601781258849,1.40125857695571,1.26060065947459,1.04601781258849,1.40125857695571
1,7,1,"LEF both",0.988,0.985,1.6079457729991,1.10818432150942,1.93786819102441,1.62949320724572,1.13647821448646,1.95454916458702,1.6079457729991,1.10818432150942,1.93786819102441
1,7,1,"LEF outcome",0.988,0.985,1.63487999796818,1.12345585958781,1.98639192353434,1.62312612300588,1.13360385468797,1.93864765179134,1.63487999796818,1.12345585958781,1.98639192353434
1,7,1,"Jackknife MVN",0.978685612788632,0.978685612788632,9.08643122625181,2.27302548716755,15.4206701102783,9.08643122625181,2.27302548716755,15.4206701102783,9.08643122625181,2.27302548716755,15.4206701102783
1,7,1,"Bootstrap",0.958,0.949,0.991518972520758,0.708979023738842,1.15318555480565,0.993873397020517,0.713030186111671,1.14352239440912,0.991518972520758,0.708979023738842,1.15318555480565
1,7,1,"Jackknife Wald",0.956,0.953,1.00469507997527,0.677277203526438,1.12706522250109,1.00112293119471,0.676400627353445,1.13197714261087,1.00469507997527,0.677277203526438,1.12706522250109
1,7,1,"Sandwich",0.889366272824919,0.889366272824919,1.24166976407019,0.891292843699283,1.46031826370396,1.24166976407019,0.891292843699283,1.46031826370396,1.24166976407019,0.891292843699283,1.46031826370396
1,7,2,"Jackknife MVN",0.968028419182948,0.968028419182948,4.96625277295332,2.31326072637293,6.75326551095151,4.96625277295332,2.31326072637293,6.75326551095151,4.96625277295332,2.31326072637293,6.75326551095151
1,7,2,"Jackknife Wald",0.952,0.948,0.924835745769805,0.429849605678304,0.945847934380351,0.921896285240104,0.428505527232645,0.940082529151944,0.924835745769805,0.429849605678304,0.945847934380351
1,7,2,"LEF outcome",0.949,0.943,1.03955403866064,0.704118509622679,1.22801146887034,1.03257971373171,0.701589705582829,1.2083195471093,1.03955403866064,0.704118509622679,1.22801146887034
1,7,2,"LEF both",0.948,0.943,1.01977084676524,0.693105775065489,1.19686167278674,1.03395927698601,0.705134214837499,1.20895649497039,1.01977084676524,0.693105775065489,1.19686167278674
1,7,2,"Bootstrap",0.932,0.925,0.881319001635829,0.479672752996089,1.03773788883953,0.883978145104065,0.481985101151664,1.04590533370488,0.881319001635829,0.479672752996089,1.03773788883953
1,7,2,"Sandwich",0.830290010741139,0.830290010741139,0.815749540662875,0.540143112881342,0.935791108116004,0.815749540662875,0.540143112881342,0.935791108116004,0.815749540662875,0.540143112881342,0.935791108116004
1,7,3,"Jackknife MVN",0.980461811722913,0.980461811722913,2.19965447477697,1.24133285887262,2.88902649561433,2.19965447477697,1.24133285887262,2.88902649561433,2.19965447477697,1.24133285887262,2.88902649561433
1,7,3,"Jackknife Wald",0.945,0.943,0.88084288284864,0.227463343069632,0.780582165321717,0.878671268284541,0.226188340327631,0.776740139831767,0.88084288284864,0.227463343069632,0.780582165321717
1,7,3,"LEF outcome",0.874,0.87,0.500669160591388,0.333246927959194,0.615602346319507,0.499942442593707,0.336462033758601,0.613179319018178,0.500669160591388,0.333246927959194,0.615602346319507
1,7,3,"LEF both",0.873,0.87,0.491203483350716,0.328512361032439,0.603018668627487,0.499994363688201,0.33728000093915,0.608827457060092,0.491203483350716,0.328512361032439,0.603018668627487
1,7,3,"Bootstrap",0.862,0.85,0.614790951810802,0.265887103648909,0.760474781710597,0.616876258649493,0.264700036012093,0.761050707468001,0.614790951810802,0.265887103648909,0.760474781710597
1,7,3,"Sandwich",0.766917293233083,0.766917293233083,0.400490208108808,0.258232240695619,0.476311169912797,0.400490208108808,0.258232240695619,0.476311169912797,0.400490208108808,0.258232240695619,0.476311169912797
1,7,4,"Jackknife MVN",0.985790408525755,0.985790408525755,1.85553307816711,0.960734588902414,2.52283104557789,1.85553307816711,0.960734588902414,2.52283104557789,1.85553307816711,0.960734588902414,2.52283104557789
1,7,4,"Jackknife Wald",0.925,0.925,0.894458897345676,0.208111569139923,0.867389322506007,0.892545744125792,0.209424013407782,0.870192292106476,0.894458897345676,0.208111569139923,0.867389322506007
1,7,4,"LEF both",0.841,0.834,0.45184026237061,0.296416711751759,0.558376642676314,0.460142533668086,0.304294873759886,0.562433485161368,0.45184026237061,0.296416711751759,0.558376642676314
1,7,4,"LEF outcome",0.841,0.834,0.459651735004091,0.300864376226439,0.566700532910894,0.460028616272065,0.303306926210533,0.563479582513627,0.459651735004091,0.300864376226439,0.566700532910894
1,7,4,"Bootstrap",0.838,0.83,0.602812671794867,0.269386873695728,0.757930624034692,0.604642394015466,0.269089354169097,0.76352600975962,0.602812671794867,0.269386873695728,0.757930624034692
1,7,4,"Sandwich",0.764769065520945,0.764769065520945,0.374067484756801,0.232107971191733,0.457772500390717,0.374067484756801,0.232107971191733,0.457772500390717,0.374067484756801,0.232107971191733,0.457772500390717
1,8,0,"LEF both",0.989,0.986,1.86824805814351,1.4287222461344,2.11035022125733,1.89778536398274,1.45889212672448,2.14463099160391,1.86824805814351,1.4287222461344,2.11035022125733
1,8,0,"LEF outcome",0.989,0.986,1.86824805787616,1.4287222461344,2.11035022125733,1.89778536388789,1.45889212672448,2.14463099108024,1.86824805787616,1.4287222461344,2.11035022125733
1,8,0,"Sandwich",0.956,0.956,1.47610203111564,1.20104979778457,1.61225190478948,1.47610203111564,1.20104979778457,1.61225190478948,1.47610203111564,1.20104979778457,1.61225190478948
1,8,0,"Jackknife MVN",0.908613445378151,0.908613445378151,11.0667798531614,1.90545197822007,26.779869174607,11.0667798531614,1.90545197822007,26.779869174607,11.0667798531614,1.90545197822007,26.779869174607
1,8,0,"Jackknife Wald",0.906,0.904,1.04818289265669,0.776640355066599,1.27052654910565,1.04442065724535,0.770462360533507,1.26585163363566,1.04818289265669,0.776640355066599,1.27052654910565
1,8,0,"Bootstrap",0.903,0.906,1.04259795687315,0.805188093647277,1.25040137701522,1.0486112579008,0.804552045116783,1.25214854843784,1.04259795687315,0.805188093647277,1.25040137701522
1,8,1,"LEF outcome",0.972,0.958,1.50749358270017,1.00433750669113,1.90733798224355,1.5098769490008,1.01038418539133,1.88192661835066,1.50749358270017,1.00433750669113,1.90733798224355
1,8,1,"LEF both",0.971,0.958,1.48337499783514,0.997022269117917,1.85415966180445,1.50493886255241,1.01371186246819,1.87137547636718,1.48337499783514,0.997022269117917,1.85415966180445
1,8,1,"Jackknife MVN",0.929621848739496,0.929621848739496,8.84453125382831,3.72910061386034,11.8313114772247,8.84453125382831,3.72910061386034,11.8313114772247,8.84453125382831,3.72910061386034,11.8313114772247
1,8,1,"Sandwich",0.905333333333333,0.905333333333333,1.26962469938687,0.838855256599931,1.54302267483202,1.26962469938687,0.838855256599931,1.54302267483202,1.26962469938687,0.838855256599931,1.54302267483202
1,8,1,"Jackknife Wald",0.868,0.87,0.984877486275431,0.553223006418944,1.27320708985363,0.97933443667157,0.548103040231916,1.25752036412179,0.984877486275431,0.553223006418944,1.27320708985363
1,8,1,"Bootstrap",0.852,0.851,0.892203440426491,0.561747768678348,1.14108625962659,0.8959542962569,0.568491187573482,1.13631196245922,0.892203440426491,0.561747768678348,1.14108625962659
1,8,2,"Jackknife MVN",0.927521008403361,0.927521008403361,5.55304409928382,3.31263956147978,7.0779247095303,5.55304409928382,3.31263956147978,7.0779247095303,5.55304409928382,3.31263956147978,7.0779247095303
1,8,2,"LEF outcome",0.922,0.906,1.11535632107432,0.645843407272403,1.47622893002209,1.12055315122467,0.666283278809881,1.4675126706553,1.11535632107432,0.645843407272403,1.47622893002209
1,8,2,"LEF both",0.92,0.9,1.09841578007963,0.648130342367802,1.44433077990319,1.11659632253821,0.668221044202311,1.46003539845102,1.09841578007963,0.648130342367802,1.44433077990319
1,8,2,"Jackknife Wald",0.846,0.845,0.970201614654754,0.431799990483122,1.3039401797418,0.965079928078073,0.425882436768556,1.29154543303662,0.970201614654754,0.431799990483122,1.3039401797418
1,8,2,"Sandwich",0.838666666666667,0.838666666666667,0.95848009224197,0.549376373245669,1.24039431458422,0.95848009224197,0.549376373245669,1.24039431458422,0.95848009224197,0.549376373245669,1.24039431458422
1,8,2,"Bootstrap",0.801,0.784,0.803236824182101,0.450884745923125,1.05071058982864,0.806739222757204,0.454300484519738,1.05928239767406,0.803236824182101,0.450884745923125,1.05071058982864
1,8,3,"Jackknife MVN",0.930672268907563,0.930672268907563,3.66675148602737,2.50816709683073,4.57851890745157,3.66675148602737,2.50816709683073,4.57851890745157,3.66675148602737,2.50816709683073,4.57851890745157
1,8,3,"LEF outcome",0.865,0.846,0.796594954290963,0.465719473450821,1.04393103591369,0.805026251295791,0.477809047188921,1.03896655156599,0.796594954290963,0.465719473450821,1.04393103591369
1,8,3,"LEF both",0.864,0.841,0.785522437458974,0.46139092899801,1.02367726777178,0.802573021988046,0.479224863113229,1.0309845821438,0.785522437458974,0.46139092899801,1.02367726777178
1,8,3,"Jackknife Wald",0.842,0.845,0.988622422596576,0.331512406670047,1.36465497210376,0.984529317226238,0.32678626862732,1.34133822980837,0.988622422596576,0.331512406670047,1.36465497210376
1,8,3,"Sandwich",0.748,0.748,0.695434663769038,0.365975880791259,0.911840490285506,0.695434663769038,0.365975880791259,0.911840490285506,0.695434663769038,0.365975880791259,0.911840490285506
1,8,3,"Bootstrap",0.742,0.737,0.731344217631128,0.357725127705266,1.0061018703356,0.7356620041576,0.361490919580542,1.01710476884369,0.731344217631128,0.357725127705266,1.0061018703356
1,8,4,"Jackknife MVN",0.93172268907563,0.93172268907563,2.66018909154007,1.88149366434648,3.31013583944038,2.66018909154007,1.88149366434648,3.31013583944038,2.66018909154007,1.88149366434648,3.31013583944038
1,8,4,"Jackknife Wald",0.818,0.822,0.994356273455351,0.27346564105425,1.22720252285125,0.99090429566368,0.273423704118046,1.22189716683952,0.994356273455351,0.27346564105425,1.22720252285125
1,8,4,"LEF both",0.785,0.764,0.565476865344348,0.331683715780454,0.736967371819544,0.581447229655627,0.348099747931786,0.745625214716982,0.565476865344348,0.331683715780454,0.736967371819544
1,8,4,"LEF outcome",0.782,0.766,0.572972451166889,0.336084184262683,0.748750529763077,0.583158489780509,0.347429696786836,0.748360885003548,0.572972451166889,0.336084184262683,0.748750529763077
1,8,4,"Bootstrap",0.733,0.725,0.709457572088136,0.336798820134369,0.910528066439022,0.712781740095114,0.343044582774616,0.917658690070722,0.709457572088136,0.336798820134369,0.910528066439022
1,8,4,"Sandwich",0.668,0.668,0.504015570046232,0.263814449457542,0.65967758410607,0.504015570046232,0.263814449457542,0.65967758410607,0.504015570046232,0.263814449457542,0.65967758410607
1,9,0,"LEF both",0.965,0.947,1.50867762975404,0.701714324171422,2.07035132692487,1.53629183460825,0.721137896008432,2.10241144096493,1.50867762975404,0.701714324171422,2.07035132692487
1,9,0,"LEF outcome",0.965,0.947,1.50867762917319,0.701714324633629,2.07035132692487,1.53629183445993,0.721137895142969,2.10241144096493,1.50867762917319,0.701714324633629,2.07035132692487
1,9,0,"Sandwich",0.917748917748918,0.917748917748918,1.48089042357497,1.17032918659834,1.69973763216551,1.48089042357497,1.17032918659834,1.69973763216551,1.48089042357497,1.17032918659834,1.69973763216551
1,9,0,"Jackknife Wald",0.634,0.633,0.928696845607188,0.316088527292933,1.31684990339208,0.922530971698448,0.317204623600119,1.30729090337506,0.928696845607188,0.316088527292933,1.31684990339208
1,9,0,"Bootstrap",0.614,0.634,0.888636993362574,0.419442733011637,1.24570523924631,0.893286193815979,0.434858568881187,1.2602569467633,0.888636993362574,0.419442733011637,1.24570523924631
1,9,0,"Jackknife MVN",0.611344537815126,0.611344537815126,8.90753137237049,1.97292699307488,16.5753377015454,8.90753137237049,1.97292699307488,16.5753377015454,8.90753137237049,1.97292699307488,16.5753377015454
1,9,1,"LEF outcome",0.947,0.928,0.883508462120367,0.449812554996747,1.15157857247954,0.894157703787208,0.474153931819282,1.16917911815996,0.883508462120367,0.449812554996747,1.15157857247954
1,9,1,"LEF both",0.945,0.926,0.87627918815883,0.452301157766244,1.15062842505583,0.891868462568677,0.4742897796884,1.16704188539548,0.87627918815883,0.452301157766244,1.15062842505583
1,9,1,"Sandwich",0.865800865800866,0.865800865800866,1.09667912741122,0.620253157557526,1.35581360279827,1.09667912741122,0.620253157557526,1.35581360279827,1.09667912741122,0.620253157557526,1.35581360279827
1,9,1,"Jackknife Wald",0.654,0.654,0.775901728296766,0.205153470354056,0.904202980025452,0.771245128064295,0.201455616059741,0.90356785849754,0.775901728296766,0.205153470354056,0.904202980025452
1,9,1,"Jackknife MVN",0.647058823529412,0.647058823529412,4.85374093953546,2.20045733745391,6.67331991805983,4.85374093953546,2.20045733745391,6.67331991805983,4.85374093953546,2.20045733745391,6.67331991805983
1,9,1,"Bootstrap",0.558,0.557,0.673001742717673,0.28787757107763,0.841149553741852,0.675260777145571,0.293353259964584,0.837638307911896,0.673001742717673,0.28787757107763,0.841149553741852
1,9,2,"LEF both",0.899,0.884,0.610934964080333,0.355104430771934,0.764725195486574,0.623811870534569,0.376140707654289,0.772007959714,0.610934964080333,0.355104430771934,0.764725195486574
1,9,2,"LEF outcome",0.899,0.888,0.614833168558583,0.352234095702221,0.765619323715007,0.624488257675727,0.374255890723503,0.775847322573455,0.614833168558583,0.352234095702221,0.765619323715007
1,9,2,"Sandwich",0.774891774891775,0.774891774891775,0.72788885975614,0.403215295932195,0.95326960887742,0.72788885975614,0.403215295932195,0.95326960887742,0.72788885975614,0.403215295932195,0.95326960887742
1,9,2,"Jackknife MVN",0.684873949579832,0.684873949579832,3.30957734847239,2.30715002385445,4.15460853551697,3.30957734847239,2.30715002385445,4.15460853551697,3.30957734847239,2.30715002385445,4.15460853551697
1,9,2,"Jackknife Wald",0.669,0.674,0.818187478323393,0.182111423613997,0.988311319787041,0.814627478733661,0.17939859497572,0.988144183292574,0.818187478323393,0.182111423613997,0.988311319787041
1,9,2,"Bootstrap",0.517,0.52,0.745436471854142,0.291042456255255,1.03265880601028,0.747641105680791,0.293317718117747,1.03926376285438,0.745436471854142,0.291042456255255,1.03265880601028
1,9,3,"LEF both",0.838,0.827,0.420165319128153,0.255586131432033,0.525985214254988,0.430963625865586,0.271125749453773,0.531836516541945,0.420165319128153,0.255586131432033,0.525985214254988
1,9,3,"LEF outcome",0.836,0.827,0.422060413469662,0.257410523495111,0.523897278416944,0.431002501738815,0.268641367635053,0.532667199178457,0.422060413469662,0.257410523495111,0.523897278416944
1,9,3,"Sandwich",0.757575757575758,0.757575757575758,0.473724021542953,0.263201494973287,0.64014220775262,0.473724021542953,0.263201494973287,0.64014220775262,0.473724021542953,0.263201494973287,0.64014220775262
1,9,3,"Jackknife MVN",0.73109243697479,0.73109243697479,2.1637338775162,1.71911967562894,2.6879080680622,2.1637338775162,1.71911967562894,2.6879080680622,2.1637338775162,1.71911967562894,2.6879080680622
1,9,3,"Jackknife Wald",0.713,0.715,0.988808249371093,0.163838528768222,1.20464113308361,0.985886495024268,0.162034957269864,1.20378928762006,0.988808249371093,0.163838528768222,1.20464113308361
1,9,3,"Bootstrap",0.493,0.501,0.846832268093454,0.388489183930399,1.18789986530566,0.848740792965609,0.392226810481443,1.19601246599655,0.846832268093454,0.388489183930399,1.18789986530566
1,9,4,"LEF both",0.799,0.787,0.367099165370202,0.224318575214877,0.460727151373943,0.375847617557585,0.234934178968052,0.466604296284737,0.367099165370202,0.224318575214877,0.460727151373943
1,9,4,"LEF outcome",0.798,0.79,0.368256964383017,0.225452027879646,0.466104272580125,0.375628568551742,0.234654965112003,0.467311624872582,0.368256964383017,0.225452027879646,0.466104272580125
1,9,4,"Jackknife Wald",0.742,0.743,1.0988996921523,0.16674429903257,1.4816168023035,1.09637559376504,0.165669201635312,1.47536054526199,1.0988996921523,0.16674429903257,1.4816168023035
1,9,4,"Sandwich",0.74025974025974,0.74025974025974,0.410264973842735,0.212480581277643,0.570362270019775,0.410264973842735,0.212480581277643,0.570362270019775,0.410264973842735,0.212480581277643,0.570362270019775
1,9,4,"Jackknife MVN",0.73109243697479,0.73109243697479,1.70944494993411,1.37197270940133,2.09798624627398,1.70944494993411,1.37197270940133,2.09798624627398,1.70944494993411,1.37197270940133,2.09798624627398
1,9,4,"Bootstrap",0.48,0.487,0.85438087867159,0.459702698700552,1.20008457206531,0.856207742642072,0.461679183898127,1.20008430019337,0.85438087867159,0.459702698700552,1.20008457206531
1,10,0,"LEF both",0.973,0.968,1.17234416408116,1.10057282047439,1.23845364566259,1.17765651923193,1.1057602580284,1.24128591567382,1.17234416408116,1.10057282047439,1.23845364566259
1,10,0,"LEF outcome",0.973,0.968,1.17234416408116,1.10057282047439,1.23845364566259,1.17765651923193,1.1057602580284,1.24128591567382,1.17234416408116,1.10057282047439,1.23845364566259
1,10,0,"Sandwich",0.964,0.964,1.10493549563768,1.02618937352947,1.18011540426616,1.10493549563768,1.02618937352947,1.18011540426616,1.10493549563768,1.02618937352947,1.18011540426616
1,10,0,"Bootstrap",0.95,0.948,1.00851292017938,0.929386304597417,1.0882739864837,1.0100539829514,0.931598046950952,1.09086375888736,1.00851292017938,0.929386304597417,1.0882739864837
1,10,0,"Jackknife MVN",NA,NA,NA,NA,NA,NA,NA,NA,NA,NA,NA
1,10,0,"Jackknife Wald",NA,NA,NA,NA,NA,NA,NA,NA,NA,NA,NA
1,10,1,"LEF outcome",0.981,0.978,1.68980104030395,1.39769787998224,1.88107310831977,1.67531598515208,1.38784736662343,1.87138360043784,1.68980104030395,1.39769787998224,1.88107310831977
1,10,1,"LEF both",0.98,0.978,1.66514512284046,1.38202599558128,1.86132589817675,1.67032238326361,1.38606856742244,1.86519526930492,1.66514512284046,1.38202599558128,1.86132589817675
1,10,1,"Bootstrap",0.954,0.954,1.02685606279351,0.90251496622321,1.15346109677379,1.02698499066963,0.90454820681378,1.15435735147015,1.02685606279351,0.90251496622321,1.15346109677379
1,10,1,"Sandwich",0.947,0.947,1.28722006908562,1.14858082960982,1.43788236375576,1.28722006908562,1.14858082960982,1.43788236375576,1.28722006908562,1.14858082960982,1.43788236375576
1,10,1,"Jackknife MVN",NA,NA,NA,NA,NA,NA,NA,NA,NA,NA,NA
1,10,1,"Jackknife Wald",NA,NA,NA,NA,NA,NA,NA,NA,NA,NA,NA
1,10,2,"LEF both",0.984,0.98,1.77573631823257,1.03139786698539,2.34627083989961,1.78111508769094,1.03603224986478,2.34868490978226,1.77573631823257,1.03139786698539,2.34627083989961
1,10,2,"LEF outcome",0.984,0.981,1.83103412805362,1.04061688806824,2.47707600475804,1.78910823676888,1.03668907067774,2.36984566939756,1.83103412805362,1.04061688806824,2.47707600475804
1,10,2,"Bootstrap",0.937,0.936,0.974324825312264,0.706624377330282,1.17531398963008,0.972904795844668,0.710965124043953,1.17320315216667,0.974324825312264,0.706624377330282,1.17531398963008
1,10,2,"Sandwich",0.925,0.925,1.32747002092115,0.863137040679309,1.68857199224814,1.32747002092115,0.863137040679309,1.68857199224814,1.32747002092115,0.863137040679309,1.68857199224814
1,10,2,"Jackknife MVN",NA,NA,NA,NA,NA,NA,NA,NA,NA,NA,NA
1,10,2,"Jackknife Wald",NA,NA,NA,NA,NA,NA,NA,NA,NA,NA,NA
1,10,3,"LEF both",0.992,0.988,1.18114651381814,0.639205472374812,1.43991374758859,1.18456350399156,0.643278055566272,1.44883601709095,1.18114651381814,0.639205472374812,1.43991374758859
1,10,3,"LEF outcome",0.992,0.989,1.21764574123456,0.643307304057935,1.48027557339526,1.1895057124629,0.645901100309555,1.4501751262805,1.21764574123456,0.643307304057935,1.48027557339526
1,10,3,"Bootstrap",0.912,0.917,0.816263485014105,0.451036597829507,0.779593337154907,0.814589459779336,0.452059019524627,0.778487240478102,0.816263485014105,0.451036597829507,0.779593337154907
1,10,3,"Sandwich",0.862,0.862,0.921437620689226,0.528636780596688,1.00618044340113,0.921437620689226,0.528636780596688,1.00618044340113,0.921437620689226,0.528636780596688,1.00618044340113
1,10,3,"Jackknife MVN",NA,NA,NA,NA,NA,NA,NA,NA,NA,NA,NA
1,10,3,"Jackknife Wald",NA,NA,NA,NA,NA,NA,NA,NA,NA,NA,NA
1,10,4,"LEF both",0.972,0.972,0.58640401911255,0.352897570992384,0.68932890956399,0.588448234310367,0.355744516195757,0.692304915513243,0.58640401911255,0.352897570992384,0.68932890956399
1,10,4,"LEF outcome",0.972,0.973,0.601311483385172,0.35578996595492,0.709313513213188,0.590362291217998,0.35597584023534,0.696062710017804,0.601311483385172,0.35578996595492,0.709313513213188
1,10,4,"Bootstrap",0.888,0.885,0.62381194108312,0.236168255065274,0.679837366752953,0.623383035066279,0.235697614846823,0.673176214153374,0.62381194108312,0.236168255065274,0.679837366752953
1,10,4,"Sandwich",0.804,0.804,0.453627709515778,0.278056281658367,0.488108125137984,0.453627709515778,0.278056281658367,0.488108125137984,0.453627709515778,0.278056281658367,0.488108125137984
1,10,4,"Jackknife MVN",NA,NA,NA,NA,NA,NA,NA,NA,NA,NA,NA
1,10,4,"Jackknife Wald",NA,NA,NA,NA,NA,NA,NA,NA,NA,NA,NA
1,11,0,"LEF both",0.983,0.979,1.16590751053152,1.09315759553195,1.24082503506929,1.17106522334046,1.09729696295571,1.24974598446106,1.16590751053152,1.09315759553195,1.24082503506929
1,11,0,"LEF outcome",0.983,0.979,1.16590751053152,1.09315759553195,1.24082503506929,1.17106522334046,1.09729696295571,1.24974598446106,1.16590751053152,1.09315759553195,1.24082503506929
1,11,0,"Sandwich",0.955602536997886,0.955602536997886,1.10171910491361,1.02408152012783,1.17274844420984,1.10171910491361,1.02408152012783,1.17274844420984,1.10171910491361,1.02408152012783,1.17274844420984
1,11,0,"Bootstrap",0.939,0.936,0.993754384273503,0.905298199325049,1.07964590662564,0.994231462145703,0.90542550432863,1.08048297045855,0.993754384273503,0.905298199325049,1.07964590662564
1,11,0,"Jackknife MVN",NA,NA,NA,NA,NA,NA,NA,NA,NA,NA,NA
1,11,0,"Jackknife Wald",NA,NA,NA,NA,NA,NA,NA,NA,NA,NA,NA
1,11,1,"LEF both",0.981,0.976,1.32223928457452,1.19556924537378,1.38815801365682,1.32766390252658,1.19933592364873,1.39310877606975,1.32223928457452,1.19556924537378,1.38815801365682
1,11,1,"LEF outcome",0.981,0.976,1.32903016157803,1.20080483043186,1.39398449079956,1.32858601476379,1.20024640603022,1.39385444218032,1.32903016157803,1.20080483043186,1.39398449079956
1,11,1,"Sandwich",0.950317124735729,0.950317124735729,1.15050363785235,1.05308069423192,1.23151002706921,1.15050363785235,1.05308069423192,1.23151002706921,1.15050363785235,1.05308069423192,1.23151002706921
1,11,1,"Bootstrap",0.915,0.919,0.962579576804504,0.861027100416108,1.05625014493342,0.962622372751887,0.860226820525724,1.05338581192901,0.962579576804504,0.861027100416108,1.05625014493342
1,11,1,"Jackknife MVN",NA,NA,NA,NA,NA,NA,NA,NA,NA,NA,NA
1,11,1,"Jackknife Wald",NA,NA,NA,NA,NA,NA,NA,NA,NA,NA,NA
1,11,2,"LEF both",0.99,0.99,1.75987669794134,1.42336298898921,1.94106274759995,1.7652671881991,1.42699635669258,1.94506511573229,1.75987669794134,1.42336298898921,1.94106274759995
1,11,2,"LEF outcome",0.99,0.99,1.78054927210891,1.4408543110255,1.95779621348648,1.76747380887584,1.42987986180679,1.94986242638016,1.78054927210891,1.4408543110255,1.95779621348648
1,11,2,"Sandwich",0.932346723044397,0.932346723044397,1.36485816106579,1.15603108807838,1.47904226570625,1.36485816106579,1.15603108807838,1.47904226570625,1.36485816106579,1.15603108807838,1.47904226570625
1,11,2,"Bootstrap",0.9,0.903,0.971357167457489,0.794464731805125,1.11831358355657,0.970975487160694,0.793714549364599,1.1170058903612,0.971357167457489,0.794464731805125,1.11831358355657
1,11,2,"Jackknife MVN",NA,NA,NA,NA,NA,NA,NA,NA,NA,NA,NA
1,11,2,"Jackknife Wald",NA,NA,NA,NA,NA,NA,NA,NA,NA,NA,NA
1,11,3,"LEF both",0.985,0.981,1.72648530925493,1.21471244603707,2.0983810775214,1.73183992397129,1.21865662347703,2.10330843897074,1.72648530925493,1.21471244603707,2.0983810775214
1,11,3,"LEF outcome",0.985,0.985,1.7519990071031,1.24436474843791,2.11419207886169,1.73426981428004,1.22053422109695,2.10108731524716,1.7519990071031,1.24436474843791,2.11419207886169
1,11,3,"Sandwich",0.867864693446089,0.867864693446089,1.31937797431301,0.921885311088427,1.60968624828467,1.31937797431301,0.921885311088427,1.60968624828467,1.31937797431301,0.921885311088427,1.60968624828467
1,11,3,"Bootstrap",0.85,0.848,0.936274671399435,0.661686293620171,1.15785819466465,0.936170633537996,0.659372309462056,1.15618979613664,0.936274671399435,0.661686293620171,1.15785819466465
1,11,3,"Jackknife MVN",NA,NA,NA,NA,NA,NA,NA,NA,NA,NA,NA
1,11,3,"Jackknife Wald",NA,NA,NA,NA,NA,NA,NA,NA,NA,NA,NA
1,11,4,"LEF both",0.953,0.952,1.28286247912249,0.83002959904765,1.62887091801779,1.28737434958641,0.834209771986334,1.63172204198819,1.28286247912249,0.83002959904765,1.62887091801779
1,11,4,"LEF outcome",0.953,0.954,1.30125365199821,0.843764771797121,1.64713677268813,1.28903750964244,0.835979681535799,1.63111211211276,1.30125365199821,0.843764771797121,1.64713677268813
1,11,4,"Bootstrap",0.818,0.817,0.853264698138319,0.491200651290265,1.12280233387149,0.853072759821883,0.488959791684173,1.12140505981063,0.853264698138319,0.491200651290265,1.12280233387149
1,11,4,"Sandwich",0.795983086680761,0.795983086680761,0.996521884191342,0.614359071023265,1.25975811574078,0.996521884191342,0.614359071023265,1.25975811574078,0.996521884191342,0.614359071023265,1.25975811574078
1,11,4,"Jackknife MVN",NA,NA,NA,NA,NA,NA,NA,NA,NA,NA,NA
1,11,4,"Jackknife Wald",NA,NA,NA,NA,NA,NA,NA,NA,NA,NA,NA
1,12,0,"Sandwich",0.952998379254457,0.952998379254457,1.1895113130975,1.07687200496067,1.29721349247688,1.1895113130975,1.07687200496067,1.29721349247688,1.1895113130975,1.07687200496067,1.29721349247688
1,12,0,"LEF both",0.938,0.932,1.38499042804782,1.21915224789305,1.4782769950774,1.39110038282725,1.22452552017697,1.485416391522,1.38499042804782,1.21915224789305,1.4782769950774
1,12,0,"LEF outcome",0.938,0.932,1.3849904280451,1.21915224789305,1.4782769950774,1.39110038282337,1.22452552017697,1.485416391522,1.3849904280451,1.21915224789305,1.4782769950774
1,12,0,"Bootstrap",0.892,0.892,0.956513193029274,0.814692860102554,1.09913147318962,0.956530782937225,0.811935755315809,1.1015420348878,0.956513193029274,0.814692860102554,1.09913147318962
1,12,0,"Jackknife MVN",NA,NA,NA,NA,NA,NA,NA,NA,NA,NA,NA
1,12,0,"Jackknife Wald",NA,NA,NA,NA,NA,NA,NA,NA,NA,NA,NA
1,12,1,"Sandwich",0.871961102106969,0.871961102106969,1.37003726631929,1.199630747975,1.66980177650696,1.37003726631929,1.199630747975,1.66980177650696,1.37003726631929,1.199630747975,1.66980177650696
1,12,1,"LEF both",0.86,0.856,1.52878679613217,0.68697134782486,2.08609726384856,1.53337329509669,0.687254548706208,2.09238568627082,1.52878679613217,0.68697134782486,2.08609726384856
1,12,1,"LEF outcome",0.86,0.856,1.55535554775086,0.686852900228642,2.12990852023229,1.53740979136957,0.687180174175938,2.10392107893656,1.55535554775086,0.686852900228642,2.12990852023229
1,12,1,"Bootstrap",0.751,0.746,0.863264242383054,0.428770931079927,1.19250617100382,0.862301266560201,0.428559753534565,1.19209322183153,0.863264242383054,0.428770931079927,1.19250617100382
1,12,1,"Jackknife MVN",NA,NA,NA,NA,NA,NA,NA,NA,NA,NA,NA
1,12,1,"Jackknife Wald",NA,NA,NA,NA,NA,NA,NA,NA,NA,NA,NA
1,12,2,"LEF both",0.81,0.805,1.0771230931005,0.414668194858583,1.36010160140128,1.0800576430637,0.417702760623886,1.3591403048808,1.0771230931005,0.414668194858583,1.36010160140128
1,12,2,"LEF outcome",0.81,0.808,1.09630821395798,0.41428819321352,1.37922921233344,1.08328044090289,0.417853953210803,1.361460739226,1.09630821395798,0.41428819321352,1.37922921233344
1,12,2,"Sandwich",0.763371150729335,0.763371150729335,1.05229028225722,0.640376410300153,1.57684594112943,1.05229028225722,0.640376410300153,1.57684594112943,1.05229028225722,0.640376410300153,1.57684594112943
1,12,2,"Bootstrap",0.622,0.624,0.726211780558379,0.26457853459679,0.914850834506967,0.725334769955929,0.265640531599528,0.899158958986653,0.726211780558379,0.26457853459679,0.914850834506967
1,12,2,"Jackknife MVN",NA,NA,NA,NA,NA,NA,NA,NA,NA,NA,NA
1,12,2,"Jackknife Wald",NA,NA,NA,NA,NA,NA,NA,NA,NA,NA,NA
1,12,3,"LEF both",0.803,0.798,0.663678972515782,0.300757406793838,0.781811392306214,0.665866763153597,0.304020138926609,0.786423679971776,0.663678972515782,0.300757406793838,0.781811392306214
1,12,3,"LEF outcome",0.803,0.798,0.673957053038441,0.300039215160244,0.790052903422834,0.667531960846747,0.303880898719586,0.787800720517881,0.673957053038441,0.300039215160244,0.790052903422834
1,12,3,"Sandwich",0.747163695299838,0.747163695299838,0.658089751559531,0.359499458113262,0.916123829238991,0.658089751559531,0.359499458113262,0.916123829238991,0.658089751559531,0.359499458113262,0.916123829238991
1,12,3,"Bootstrap",0.516,0.517,0.721119490874374,0.260358326615146,0.959603475958464,0.720672741548732,0.262631872272718,0.959639124927835,0.721119490874374,0.260358326615146,0.959603475958464
1,12,3,"Jackknife MVN",NA,NA,NA,NA,NA,NA,NA,NA,NA,NA,NA
1,12,3,"Jackknife Wald",NA,NA,NA,NA,NA,NA,NA,NA,NA,NA,NA
1,12,4,"LEF both",0.812,0.814,0.412867597959241,0.221969034579498,0.489676180515203,0.414701454905336,0.225019475330925,0.491251296537054,0.412867597959241,0.221969034579498,0.489676180515203
1,12,4,"LEF outcome",0.811,0.815,0.418211304663171,0.222100287519647,0.497247570427402,0.415476200153606,0.225023174513217,0.492871951498756,0.418211304663171,0.222100287519647,0.497247570427402
1,12,4,"Sandwich",0.768233387358185,0.768233387358185,0.403393898691568,0.224641404050705,0.520777898782576,0.403393898691568,0.224641404050705,0.520777898782576,0.403393898691568,0.224641404050705,0.520777898782576
1,12,4,"Bootstrap",0.444,0.443,0.697657298399283,0.254689501115642,0.923916910487177,0.697518850312827,0.25361750485308,0.922989335046953,0.697657298399283,0.254689501115642,0.923916910487177
1,12,4,"Jackknife MVN",NA,NA,NA,NA,NA,NA,NA,NA,NA,NA,NA
1,12,4,"Jackknife Wald",NA,NA,NA,NA,NA,NA,NA,NA,NA,NA,NA
1,13,0,"LEF both",0.981,0.977,1.13503652255984,1.05930426248357,1.20967638910079,1.14082027772693,1.06466381579548,1.21561668293212,1.13503652255984,1.05930426248357,1.20967638910079
1,13,0,"LEF outcome",0.981,0.977,1.13503652255984,1.05930426248357,1.20967638910079,1.14082027772693,1.06466381579548,1.21561668293212,1.13503652255984,1.05930426248357,1.20967638910079
1,13,0,"Sandwich",0.962962962962963,0.962962962962963,1.09283931749156,1.01693862619685,1.16643054154813,1.09283931749156,1.01693862619685,1.16643054154813,1.09283931749156,1.01693862619685,1.16643054154813
1,13,0,"Bootstrap",0.96,0.957,1.01990978168996,0.939665071455724,1.09846371366807,1.02219071030029,0.941202559819613,1.10220547729721,1.01990978168996,0.939665071455724,1.09846371366807
1,13,0,"Jackknife MVN",NA,NA,NA,NA,NA,NA,NA,NA,NA,NA,NA
1,13,0,"Jackknife Wald",NA,NA,NA,NA,NA,NA,NA,NA,NA,NA,NA
1,13,1,"LEF both",0.987,0.985,1.48899914531194,1.19286655193725,1.68912429487582,1.49463680264812,1.19161246602335,1.69191476054968,1.48899914531194,1.19286655193725,1.68912429487582
1,13,1,"LEF outcome",0.987,0.986,1.51299382296622,1.19592001451659,1.70587008619634,1.49722639375879,1.18968828250499,1.69967113971494,1.51299382296622,1.19592001451659,1.70587008619634
1,13,1,"Bootstrap",0.96,0.961,0.984957103662947,0.845562662454901,1.09213646566739,0.985052881483606,0.844949017480109,1.0933951814081,0.984957103662947,0.845562662454901,1.09213646566739
1,13,1,"Sandwich",0.935935935935936,0.935935935935936,1.19762248027031,1.02398403649007,1.34085843880719,1.19762248027031,1.02398403649007,1.34085843880719,1.19762248027031,1.02398403649007,1.34085843880719
1,13,1,"Jackknife MVN",NA,NA,NA,NA,NA,NA,NA,NA,NA,NA,NA
1,13,1,"Jackknife Wald",NA,NA,NA,NA,NA,NA,NA,NA,NA,NA,NA
1,13,2,"LEF both",0.99,0.99,1.56695240732048,0.889610962998171,1.96168667836379,1.57140931768516,0.895313279318792,1.9654042913192,1.56695240732048,0.889610962998171,1.96168667836379
1,13,2,"LEF outcome",0.99,0.991,1.60693102903804,0.9010865175826,2.0240580861768,1.57566389979102,0.894196253969026,1.96182366722247,1.60693102903804,0.9010865175826,2.0240580861768
1,13,2,"Bootstrap",0.951,0.947,0.911181867150861,0.64391043782516,1.00988245051976,0.909497943348176,0.643668348250496,1.00859210715928,0.911181867150861,0.64391043782516,1.00988245051976
1,13,2,"Sandwich",0.8998998998999,0.8998998998999,1.20276237395856,0.761753790625286,1.41900368702409,1.20276237395856,0.761753790625286,1.41900368702409,1.20276237395856,0.761753790625286,1.41900368702409
1,13,2,"Jackknife MVN",NA,NA,NA,NA,NA,NA,NA,NA,NA,NA,NA
1,13,2,"Jackknife Wald",NA,NA,NA,NA,NA,NA,NA,NA,NA,NA,NA
1,13,3,"LEF outcome",0.993,0.992,1.25172927852837,0.695586021504202,1.49208984240657,1.22844909276634,0.690865439347326,1.47666226829203,1.25172927852837,0.695586021504202,1.49208984240657
1,13,3,"LEF both",0.992,0.992,1.22214496151975,0.684774815844491,1.4597686726383,1.22568851672676,0.689731541534162,1.46751779710836,1.22214496151975,0.684774815844491,1.4597686726383
1,13,3,"Bootstrap",0.935,0.931,0.904295992509249,0.496327314178657,0.901837954573132,0.902984305890218,0.494437063535156,0.900906372054821,0.904295992509249,0.496327314178657,0.901837954573132
1,13,3,"Sandwich",0.846846846846847,0.846846846846847,0.962698915063708,0.568537617541776,1.05262345021153,0.962698915063708,0.568537617541776,1.05262345021153,0.962698915063708,0.568537617541776,1.05262345021153
1,13,3,"Jackknife MVN",NA,NA,NA,NA,NA,NA,NA,NA,NA,NA,NA
1,13,3,"Jackknife Wald",NA,NA,NA,NA,NA,NA,NA,NA,NA,NA,NA
1,13,4,"LEF both",0.965,0.966,0.591585218034672,0.364913691871729,0.710404301586481,0.593657329165673,0.367752535197329,0.710722478003578,0.591585218034672,0.364913691871729,0.710404301586481
1,13,4,"LEF outcome",0.965,0.965,0.603823297473759,0.369889564578798,0.714887557498475,0.594735462641782,0.367065887539876,0.70761783709799,0.603823297473759,0.369889564578798,0.714887557498475
1,13,4,"Bootstrap",0.905,0.906,0.668496509665275,0.252575387931549,0.731421387538879,0.668438581972776,0.252749201194587,0.732999403856467,0.668496509665275,0.252575387931549,0.731421387538879
1,13,4,"Sandwich",0.811811811811812,0.811811811811812,0.464266020299407,0.282485042822915,0.507317293603811,0.464266020299407,0.282485042822915,0.507317293603811,0.464266020299407,0.282485042822915,0.507317293603811
1,13,4,"Jackknife MVN",NA,NA,NA,NA,NA,NA,NA,NA,NA,NA,NA
1,13,4,"Jackknife Wald",NA,NA,NA,NA,NA,NA,NA,NA,NA,NA,NA
1,14,0,"LEF both",0.98,0.979,1.13097823760646,1.04014699892337,1.21540086193365,1.13649068120404,1.0428084310698,1.22313693085379,1.13097823760646,1.04014699892337,1.21540086193365
1,14,0,"LEF outcome",0.98,0.979,1.13097823760646,1.04014699892337,1.21540086193365,1.13649068120404,1.0428084310698,1.22313693085378,1.13097823760646,1.04014699892337,1.21540086193365
1,14,0,"Bootstrap",0.954,0.953,0.991788182414084,0.892854900683551,1.08208921781759,0.993049634178195,0.892550970658378,1.08342506395959,0.991788182414084,0.892854900683551,1.08208921781759
1,14,0,"Sandwich",0.943181818181818,0.943181818181818,1.07680978630914,0.984303611614806,1.15945843343042,1.07680978630914,0.984303611614806,1.15945843343042,1.07680978630914,0.984303611614806,1.15945843343042
1,14,0,"Jackknife MVN",NA,NA,NA,NA,NA,NA,NA,NA,NA,NA,NA
1,14,0,"Jackknife Wald",NA,NA,NA,NA,NA,NA,NA,NA,NA,NA,NA
1,14,1,"LEF both",0.98,0.98,1.31860720178902,1.14463309094662,1.42228430257174,1.32347030483457,1.14818005969481,1.42661621275556,1.31860720178902,1.14463309094662,1.42228430257174
1,14,1,"LEF outcome",0.98,0.98,1.33187642622004,1.15690863068289,1.43890287722106,1.32552449903769,1.14907818092036,1.42813210315894,1.33187642622004,1.15690863068289,1.43890287722106
1,14,1,"Sandwich",0.944214876033058,0.944214876033058,1.1511675551783,1.00883634542392,1.26277679677314,1.1511675551783,1.00883634542392,1.26277679677314,1.1511675551783,1.00883634542392,1.26277679677314
1,14,1,"Bootstrap",0.928,0.928,0.965181146000242,0.829704417966132,1.07753677868897,0.965083943997474,0.828658717044402,1.07443772527733,0.965181146000242,0.829704417966132,1.07753677868897
1,14,1,"Jackknife MVN",NA,NA,NA,NA,NA,NA,NA,NA,NA,NA,NA
1,14,1,"Jackknife Wald",NA,NA,NA,NA,NA,NA,NA,NA,NA,NA,NA
1,14,2,"LEF both",0.987,0.986,1.65257296681017,1.28762984466335,1.8697226317359,1.65703094224201,1.29302866275295,1.87020825233855,1.65257296681017,1.28762984466335,1.8697226317359
1,14,2,"LEF outcome",0.987,0.986,1.67594354129754,1.30454161430248,1.90056902209948,1.66039047214399,1.29560744627875,1.87915810552833,1.67594354129754,1.30454161430248,1.90056902209948
1,14,2,"Sandwich",0.924586776859504,0.924586776859504,1.30145613914398,1.03133880702435,1.47180366606967,1.30145613914398,1.03133880702435,1.47180366606967,1.30145613914398,1.03133880702435,1.47180366606967
1,14,2,"Bootstrap",0.906,0.902,0.953543731967768,0.745084328041222,1.13858061329413,0.952648912469621,0.743815976217084,1.13608516979965,0.953543731967768,0.745084328041222,1.13858061329413
1,14,2,"Jackknife MVN",NA,NA,NA,NA,NA,NA,NA,NA,NA,NA,NA
1,14,2,"Jackknife Wald",NA,NA,NA,NA,NA,NA,NA,NA,NA,NA,NA
1,14,3,"LEF both",0.966,0.966,1.54187765088216,1.03847661533274,1.88651503576824,1.54591905117052,1.04247977768404,1.88904042528454,1.54187765088216,1.03847661533274,1.88651503576824
1,14,3,"LEF outcome",0.966,0.968,1.56150745504453,1.03915289158047,1.91964030742385,1.54853745799897,1.04335665414795,1.89599255894874,1.56150745504453,1.03915289158047,1.91964030742385
1,14,3,"Sandwich",0.871900826446281,0.871900826446281,1.21272883685315,0.775643426719895,1.48398212713822,1.21272883685315,0.775643426719895,1.48398212713822,1.21272883685315,0.775643426719895,1.48398212713822
1,14,3,"Bootstrap",0.856,0.859,0.889059362634254,0.60075795838487,1.12018523472705,0.888502942669373,0.600778124064243,1.11777929465558,0.889059362634254,0.60075795838487,1.12018523472705
1,14,3,"Jackknife MVN",NA,NA,NA,NA,NA,NA,NA,NA,NA,NA,NA
1,14,3,"Jackknife Wald",NA,NA,NA,NA,NA,NA,NA,NA,NA,NA,NA
1,14,4,"LEF outcome",0.924,0.925,1.06483541089445,0.653994711577962,1.35659865671483,1.05663340215043,0.649833055622216,1.33938983042651,1.06483541089445,0.653994711577962,1.35659865671483
1,14,4,"LEF both",0.923,0.919,1.05149943460561,0.647781908284783,1.34373416104647,1.05502725806434,0.649398627080445,1.34263767722917,1.05149943460561,0.647781908284783,1.34373416104647
1,14,4,"Bootstrap",0.803,0.802,0.772480152807024,0.410771012487773,1.02301901109269,0.772675896232476,0.408976078672519,1.02723191929757,0.772480152807024,0.410771012487773,1.02301901109269
1,14,4,"Sandwich",0.790289256198347,0.790289256198347,0.845155584284872,0.474523636280969,1.07890544969227,0.845155584284872,0.474523636280969,1.07890544969227,0.845155584284872,0.474523636280969,1.07890544969227
1,14,4,"Jackknife MVN",NA,NA,NA,NA,NA,NA,NA,NA,NA,NA,NA
1,14,4,"Jackknife Wald",NA,NA,NA,NA,NA,NA,NA,NA,NA,NA,NA
1,15,0,"Sandwich",0.953125,0.953125,1.18818748773908,1.05638090839743,1.32810026724361,1.18818748773908,1.05638090839743,1.32810026724361,1.18818748773908,1.05638090839743,1.32810026724361
1,15,0,"LEF both",0.934,0.932,1.33728327375048,1.18215081897318,1.45294616379528,1.34255092754791,1.18624007202329,1.46488595108474,1.33728327375048,1.18215081897318,1.45294616379528
1,15,0,"LEF outcome",0.934,0.932,1.33728327375288,1.18215081897318,1.45294616379527,1.34255092753998,1.1862400720233,1.46488595108475,1.33728327375288,1.18215081897318,1.45294616379527
1,15,0,"Bootstrap",0.897,0.897,0.972986009714871,0.815337791224578,1.13437219717766,0.973234774816033,0.815009391259584,1.13810124040645,0.972986009714871,0.815337791224578,1.13437219717766
1,15,0,"Jackknife MVN",NA,NA,NA,NA,NA,NA,NA,NA,NA,NA,NA
1,15,0,"Jackknife Wald",NA,NA,NA,NA,NA,NA,NA,NA,NA,NA,NA
1,15,1,"Sandwich",0.896875,0.896875,1.34195032147933,0.969486535522223,1.67253398585653,1.34195032147933,0.969486535522223,1.67253398585653,1.34195032147933,0.969486535522223,1.67253398585653
1,15,1,"LEF both",0.857,0.85,1.52396175708392,0.705420668241709,2.02044061513475,1.52853582800326,0.711971653675233,2.02847452792893,1.52396175708392,0.705420668241709,2.02044061513475
1,15,1,"LEF outcome",0.857,0.851,1.5574065658907,0.705551000561543,2.06902216749653,1.53430334927127,0.712033451105629,2.03534828177272,1.5574065658907,0.705551000561543,2.06902216749653
1,15,1,"Bootstrap",0.757,0.759,0.887414674173394,0.45374348358124,1.1929461553499,0.886575884283797,0.454075881451117,1.19241458116547,0.887414674173394,0.45374348358124,1.1929461553499
1,15,1,"Jackknife MVN",NA,NA,NA,NA,NA,NA,NA,NA,NA,NA,NA
1,15,1,"Jackknife Wald",NA,NA,NA,NA,NA,NA,NA,NA,NA,NA,NA
1,15,2,"LEF outcome",0.807,0.805,1.09140989749436,0.439671013153408,1.45614051048991,1.07703269419446,0.441326462377979,1.41604226623356,1.09140989749436,0.439671013153408,1.45614051048991
1,15,2,"LEF both",0.806,0.805,1.06983669659438,0.437700020863484,1.40561621279516,1.07293146955752,0.441147850551358,1.40976136834882,1.06983669659438,0.437700020863484,1.40561621279516
1,15,2,"Sandwich",0.775,0.775,1.02000224770956,0.549498798891258,1.37888047633055,1.02000224770956,0.549498798891258,1.37888047633055,1.02000224770956,0.549498798891258,1.37888047633055
1,15,2,"Bootstrap",0.624,0.626,0.734989566540283,0.274460537030165,0.927210424351321,0.733920478176797,0.2737150780889,0.927455993405352,0.734989566540283,0.274460537030165,0.927210424351321
1,15,2,"Jackknife MVN",NA,NA,NA,NA,NA,NA,NA,NA,NA,NA,NA
1,15,2,"Jackknife Wald",NA,NA,NA,NA,NA,NA,NA,NA,NA,NA,NA
1,15,3,"LEF both",0.807,0.799,0.683659791205204,0.325316088701354,0.828446391817061,0.685769707924258,0.328861113915567,0.831740844743381,0.683659791205204,0.325316088701354,0.828446391817061
1,15,3,"LEF outcome",0.807,0.801,0.695572756843765,0.324595451161331,0.849913967302824,0.687992959647198,0.328403731974163,0.841045448777725,0.695572756843765,0.324595451161331,0.849913967302824
1,15,3,"Sandwich",0.7296875,0.7296875,0.664459391465899,0.332087111233622,0.807517401992874,0.664459391465899,0.332087111233622,0.807517401992874,0.664459391465899,0.332087111233622,0.807517401992874
1,15,3,"Bootstrap",0.519,0.519,0.738099696401768,0.264452055005224,0.937064593513922,0.737408051381233,0.262445961123101,0.934886199788371,0.738099696401768,0.264452055005224,0.937064593513922
1,15,3,"Jackknife MVN",NA,NA,NA,NA,NA,NA,NA,NA,NA,NA,NA
1,15,3,"Jackknife Wald",NA,NA,NA,NA,NA,NA,NA,NA,NA,NA,NA
1,15,4,"LEF both",0.797,0.793,0.450025830736305,0.251868167652282,0.543593377820722,0.451939789396461,0.25484902080736,0.542560013973582,0.450025830736305,0.251868167652282,0.543593377820722
1,15,4,"LEF outcome",0.797,0.804,0.45658170708728,0.256264672822108,0.55329781624331,0.453052863154144,0.255863694107806,0.547548999581596,0.45658170708728,0.256264672822108,0.55329781624331
1,15,4,"Sandwich",0.728125,0.728125,0.426967608266475,0.224520963746879,0.503482207233849,0.426967608266475,0.224520963746879,0.503482207233849,0.426967608266475,0.224520963746879,0.503482207233849
1,15,4,"Bootstrap",0.456,0.456,0.73271858168191,0.270406052325845,0.997937993790634,0.732621680585232,0.270866585807233,0.996736866327371,0.73271858168191,0.270406052325845,0.997937993790634
1,15,4,"Jackknife MVN",NA,NA,NA,NA,NA,NA,NA,NA,NA,NA,NA
1,15,4,"Jackknife Wald",NA,NA,NA,NA,NA,NA,NA,NA,NA,NA,NA
1,16,0,"LEF both",0.963,0.96,1.0088213677429,0.941417343477017,1.07542732362482,1.01573261940254,0.94827994572583,1.08353597442179,1.0088213677429,0.941417343477017,1.07542732362482
1,16,0,"LEF outcome",0.963,0.96,1.0088213677429,0.941417343477017,1.07542732362482,1.01573261940254,0.948279945725829,1.08353597442179,1.0088213677429,0.941417343477017,1.07542732362482
1,16,0,"Bootstrap",0.946,0.935,0.948095972828189,0.881345869207868,1.01433562745857,0.952381577843249,0.88446134738707,1.01629866242185,0.948095972828189,0.881345869207868,1.01433562745857
1,16,0,"Sandwich",0.936936936936937,0.936936936936937,0.988524259718534,0.92279499549543,1.05600022532075,0.988524259718534,0.92279499549543,1.05600022532075,0.988524259718534,0.92279499549543,1.05600022532075
1,16,0,"Jackknife MVN",NA,NA,NA,NA,NA,NA,NA,NA,NA,NA,NA
1,16,0,"Jackknife Wald",NA,NA,NA,NA,NA,NA,NA,NA,NA,NA,NA
1,16,1,"LEF both",0.987,0.99,1.28328783173375,1.06153657274414,1.38585462647463,1.28826612147085,1.06609708831022,1.3947084004499,1.28328783173375,1.06153657274414,1.38585462647463
1,16,1,"LEF outcome",0.987,0.992,1.29743760652046,1.07032036954701,1.40096767400194,1.28918370189647,1.06359600437835,1.39347296538352,1.29743760652046,1.07032036954701,1.40096767400194
1,16,1,"Bootstrap",0.948,0.945,0.96913186629061,0.85203008833624,1.04829498322997,0.968967314560853,0.849711163729863,1.05191050884502,0.96913186629061,0.85203008833624,1.04829498322997
1,16,1,"Sandwich",0.941941941941942,0.941941941941942,1.11144666963119,0.963665832528032,1.19829100943001,1.11144666963119,0.963665832528032,1.19829100943001,1.11144666963119,0.963665832528032,1.19829100943001
1,16,1,"Jackknife MVN",NA,NA,NA,NA,NA,NA,NA,NA,NA,NA,NA
1,16,1,"Jackknife Wald",NA,NA,NA,NA,NA,NA,NA,NA,NA,NA,NA
1,16,2,"LEF both",0.993,0.993,1.34432367031792,0.83475225366976,1.62069971982137,1.34817521457335,0.843554361352528,1.62569540601682,1.34432367031792,0.83475225366976,1.62069971982137
1,16,2,"LEF outcome",0.993,0.994,1.37144270421965,0.844229995091033,1.63647421676955,1.35017829586699,0.84247214198446,1.61297059718131,1.37144270421965,0.844229995091033,1.63647421676955
1,16,2,"Bootstrap",0.953,0.955,0.862152796516793,0.633101073213211,0.945052130021418,0.860399583320464,0.633469339797254,0.939308911212504,0.862152796516793,0.633101073213211,0.945052130021418
1,16,2,"Sandwich",0.907907907907908,0.907907907907908,1.07755839392782,0.729276652906711,1.21175172100007,1.07755839392782,0.729276652906711,1.21175172100007,1.07755839392782,0.729276652906711,1.21175172100007
1,16,2,"Jackknife MVN",NA,NA,NA,NA,NA,NA,NA,NA,NA,NA,NA
1,16,2,"Jackknife Wald",NA,NA,NA,NA,NA,NA,NA,NA,NA,NA,NA
1,16,3,"LEF outcome",0.991,0.99,1.14848896543313,0.700292683289085,1.33692852298762,1.13029789769848,0.692734271255196,1.31247020828929,1.14848896543313,0.700292683289085,1.33692852298762
1,16,3,"LEF both",0.99,0.99,1.12573276699599,0.689882089922164,1.30956169727926,1.12869805779233,0.692584500197934,1.31106977135407,1.12573276699599,0.689882089922164,1.30956169727926
1,16,3,"Bootstrap",0.939,0.937,0.908243454593763,0.496421730886108,0.920494457114607,0.906988802324283,0.497635243210208,0.920930311657866,0.908243454593763,0.496421730886108,0.920494457114607
1,16,3,"Sandwich",0.863863863863864,0.863863863863864,0.907766477061886,0.5700706846912,0.986496350164362,0.907766477061886,0.5700706846912,0.986496350164362,0.907766477061886,0.5700706846912,0.986496350164362
1,16,3,"Jackknife MVN",NA,NA,NA,NA,NA,NA,NA,NA,NA,NA,NA
1,16,3,"Jackknife Wald",NA,NA,NA,NA,NA,NA,NA,NA,NA,NA,NA
1,16,4,"LEF both",0.968,0.967,0.628008503986596,0.413017086879139,0.733127478889207,0.629925509635635,0.413907706512967,0.736470549299579,0.628008503986596,0.413017086879139,0.733127478889207
1,16,4,"LEF outcome",0.968,0.968,0.63859060254564,0.415181587760907,0.744164494992163,0.630739405056355,0.412051054336348,0.741830510994477,0.63859060254564,0.415181587760907,0.744164494992163
1,16,4,"Bootstrap",0.915,0.912,0.676920053840536,0.288620069301778,0.765407117912661,0.676597535140342,0.28760161439311,0.763800605275334,0.676920053840536,0.288620069301778,0.765407117912661
1,16,4,"Sandwich",0.826826826826827,0.826826826826827,0.50507565089088,0.323875047086582,0.57220060779608,0.50507565089088,0.323875047086582,0.57220060779608,0.50507565089088,0.323875047086582,0.57220060779608
1,16,4,"Jackknife MVN",NA,NA,NA,NA,NA,NA,NA,NA,NA,NA,NA
1,16,4,"Jackknife Wald",NA,NA,NA,NA,NA,NA,NA,NA,NA,NA,NA
1,17,0,"LEF both",0.957,0.956,1.08292116705005,0.991397033215841,1.17088388239821,1.08923486557644,0.994498425077316,1.17776608268636,1.08292116705005,0.991397033215841,1.17088388239821
1,17,0,"LEF outcome",0.957,0.956,1.08292116705005,0.99139703321584,1.17088388239821,1.08923486557644,0.994498425077316,1.17776608268636,1.08292116705005,0.99139703321584,1.17088388239821
1,17,0,"Sandwich",0.953893442622951,0.953893442622951,1.04554242848994,0.954416206760878,1.13002887292633,1.04554242848994,0.954416206760878,1.13002887292633,1.04554242848994,0.954416206760878,1.13002887292633
1,17,0,"Bootstrap",0.928,0.928,0.982797735188187,0.889041218291774,1.07416427949248,0.985892385240532,0.890828751175125,1.08026536943609,0.982797735188187,0.889041218291774,1.07416427949248
1,17,0,"Jackknife MVN",NA,NA,NA,NA,NA,NA,NA,NA,NA,NA,NA
1,17,0,"Jackknife Wald",NA,NA,NA,NA,NA,NA,NA,NA,NA,NA,NA
1,17,1,"LEF both",0.944,0.943,1.22953838891571,0.97261369918808,1.38993299195866,1.23434195218219,0.975312818339056,1.39594465107132,1.22953838891571,0.97261369918808,1.38993299195866
1,17,1,"LEF outcome",0.943,0.942,1.25176962649805,0.977056770032732,1.41988937569797,1.23929817746279,0.977642949920356,1.40305680325408,1.25176962649805,0.977056770032732,1.41988937569797
1,17,1,"Sandwich",0.933401639344262,0.933401639344262,1.08542474956861,0.870441532807617,1.22463719912095,1.08542474956861,0.870441532807617,1.22463719912095,1.08542474956861,0.870441532807617,1.22463719912095
1,17,1,"Bootstrap",0.887,0.886,0.921759248036397,0.736989754841202,1.06112270317263,0.921679856867449,0.736107566353099,1.05985629778337,0.921759248036397,0.736989754841202,1.06112270317263
1,17,1,"Jackknife MVN",NA,NA,NA,NA,NA,NA,NA,NA,NA,NA,NA
1,17,1,"Jackknife Wald",NA,NA,NA,NA,NA,NA,NA,NA,NA,NA,NA
1,17,2,"LEF both",0.96,0.962,1.35668941368959,0.999238033490508,1.60069070706924,1.36065958744205,1.00591943753111,1.60547959030706,1.35668941368959,0.999238033490508,1.60069070706924
1,17,2,"LEF outcome",0.96,0.96,1.38213969647331,1.01357210448557,1.63145481587575,1.36623688550095,1.00659841571158,1.61418471582276,1.38213969647331,1.01357210448557,1.63145481587575
1,17,2,"Sandwich",0.896516393442623,0.896516393442623,1.09871144380592,0.801180561422291,1.3027889389828,1.09871144380592,0.801180561422291,1.3027889389828,1.09871144380592,0.801180561422291,1.3027889389828
1,17,2,"Bootstrap",0.863,0.86,0.857912937843474,0.624288554263674,1.0189117331184,0.857470391333182,0.62525575802854,1.02325864583509,0.857912937843474,0.624288554263674,1.0189117331184
1,17,2,"Jackknife MVN",NA,NA,NA,NA,NA,NA,NA,NA,NA,NA,NA
1,17,2,"Jackknife Wald",NA,NA,NA,NA,NA,NA,NA,NA,NA,NA,NA
1,17,3,"LEF both",0.952,0.949,1.25579535329704,0.8428892948004,1.52993685772599,1.25915518549876,0.851161868477268,1.52861661647937,1.25579535329704,0.8428892948004,1.52993685772599
1,17,3,"LEF outcome",0.952,0.95,1.27318600034899,0.86184297824317,1.55613962467601,1.26278888155663,0.849150188963549,1.53393922809261,1.27318600034899,0.86184297824317,1.55613962467601
1,17,3,"Sandwich",0.832991803278688,0.832991803278688,1.02276739193926,0.660481467876859,1.25367129485452,1.02276739193926,0.660481467876859,1.25367129485452,1.02276739193926,0.660481467876859,1.25367129485452
1,17,3,"Bootstrap",0.831,0.828,0.793810508073333,0.523156270340875,0.967188791496643,0.793410006297165,0.524607160583338,0.967167792122907,0.793810508073333,0.523156270340875,0.967188791496643
1,17,3,"Jackknife MVN",NA,NA,NA,NA,NA,NA,NA,NA,NA,NA,NA
1,17,3,"Jackknife Wald",NA,NA,NA,NA,NA,NA,NA,NA,NA,NA,NA
1,17,4,"LEF both",0.894,0.89,0.92193419054298,0.573199727474473,1.17282855966301,0.925078763609816,0.577207280750189,1.17472331756913,0.92193419054298,0.573199727474473,1.17282855966301
1,17,4,"LEF outcome",0.893,0.894,0.933148015857661,0.579506728287571,1.18535846886902,0.927093200739342,0.576969040639596,1.17560226218136,0.933148015857661,0.579506728287571,1.18535846886902
1,17,4,"Bootstrap",0.775,0.771,0.733919251931445,0.39506406721575,0.95344656688145,0.733949674542624,0.39358809650609,0.951377538358421,0.733919251931445,0.39506406721575,0.95344656688145
1,17,4,"Sandwich",0.753073770491803,0.753073770491803,0.765568807078226,0.436188047958462,0.976328184250957,0.765568807078226,0.436188047958462,0.976328184250957,0.765568807078226,0.436188047958462,0.976328184250957
1,17,4,"Jackknife MVN",NA,NA,NA,NA,NA,NA,NA,NA,NA,NA,NA
1,17,4,"Jackknife Wald",NA,NA,NA,NA,NA,NA,NA,NA,NA,NA,NA
1,18,0,"Sandwich",0.944117647058824,0.944117647058824,1.11311709932023,0.965759311736625,1.24846329305497,1.11311709932023,0.965759311736625,1.24846329305497,1.11311709932023,0.965759311736625,1.24846329305497
1,18,0,"LEF both",0.899,0.896,1.2500466679255,1.09626991804834,1.38862269444854,1.25517663730153,1.09887535470687,1.39353136190758,1.2500466679255,1.09626991804834,1.38862269444854
1,18,0,"LEF outcome",0.899,0.896,1.25004666792569,1.09626991804834,1.38862269444854,1.25517663730182,1.09887535470687,1.39353136190757,1.25004666792569,1.09626991804834,1.38862269444854
1,18,0,"Bootstrap",0.885,0.886,0.962946537870773,0.792188419899205,1.12644101983105,0.962904406870785,0.789975315530952,1.13082158136366,0.962946537870773,0.792188419899205,1.12644101983105
1,18,0,"Jackknife MVN",NA,NA,NA,NA,NA,NA,NA,NA,NA,NA,NA
1,18,0,"Jackknife Wald",NA,NA,NA,NA,NA,NA,NA,NA,NA,NA,NA
1,18,1,"Sandwich",0.875,0.875,1.17126843185724,0.755538011010488,1.4650456267725,1.17126843185724,0.755538011010488,1.4650456267725,1.17126843185724,0.755538011010488,1.4650456267725
1,18,1,"LEF both",0.786,0.781,1.27976388827517,0.634578904477908,1.69733406403169,1.2828876167261,0.640066390879488,1.70329673463056,1.27976388827517,0.634578904477908,1.69733406403169
1,18,1,"LEF outcome",0.786,0.781,1.30923356354967,0.633936322849789,1.72136332386222,1.28970449000041,0.639985439523923,1.7138976339845,1.30923356354967,0.633936322849789,1.72136332386222
1,18,1,"Bootstrap",0.748,0.747,0.814039527490552,0.441968487532947,1.05335325609373,0.812982252868974,0.440779000887286,1.04639894217887,0.814039527490552,0.441968487532947,1.05335325609373
1,18,1,"Jackknife MVN",NA,NA,NA,NA,NA,NA,NA,NA,NA,NA,NA
1,18,1,"Jackknife Wald",NA,NA,NA,NA,NA,NA,NA,NA,NA,NA,NA
1,18,2,"Sandwich",0.792647058823529,0.792647058823529,0.876323665062409,0.436445570350973,1.17719734157031,0.876323665062409,0.436445570350973,1.17719734157031,0.876323665062409,0.436445570350973,1.17719734157031
1,18,2,"LEF both",0.722,0.723,0.89936470976024,0.396916883975605,1.18728585693416,0.901598069723971,0.397970808436116,1.19470776579961,0.89936470976024,0.396916883975605,1.18728585693416
1,18,2,"LEF outcome",0.722,0.724,0.916524689020085,0.400366038048356,1.23089937227313,0.905809251597512,0.397697817807224,1.20276564538599,0.916524689020085,0.400366038048356,1.23089937227313
1,18,2,"Bootstrap",0.593,0.593,0.652114554699526,0.255219812156962,0.823256545982374,0.651390959131388,0.253856058857289,0.819502195985461,0.652114554699526,0.255219812156962,0.823256545982374
1,18,2,"Jackknife MVN",NA,NA,NA,NA,NA,NA,NA,NA,NA,NA,NA
1,18,2,"Jackknife Wald",NA,NA,NA,NA,NA,NA,NA,NA,NA,NA,NA
1,18,3,"Sandwich",0.735294117647059,0.735294117647059,0.613220010363097,0.284838004580419,0.791794233711032,0.613220010363097,0.284838004580419,0.791794233711032,0.613220010363097,0.284838004580419,0.791794233711032
1,18,3,"LEF both",0.724,0.718,0.626421321351784,0.302694520240627,0.806315072199147,0.628370494910372,0.303856787117703,0.806157191588549,0.626421321351784,0.302694520240627,0.806315072199147
1,18,3,"LEF outcome",0.722,0.721,0.636321623916062,0.303963124507296,0.819663428033215,0.630829608947508,0.304199099105378,0.812046691720127,0.636321623916062,0.303963124507296,0.819663428033215
1,18,3,"Bootstrap",0.493,0.492,0.627745951141577,0.23465011493145,0.796914284526214,0.627540935974455,0.234007234973017,0.794868111327345,0.627745951141577,0.23465011493145,0.796914284526214
1,18,3,"Jackknife MVN",NA,NA,NA,NA,NA,NA,NA,NA,NA,NA,NA
1,18,3,"Jackknife Wald",NA,NA,NA,NA,NA,NA,NA,NA,NA,NA,NA
1,18,4,"LEF outcome",0.736,0.739,0.525416303611376,0.278761584500663,0.654092776003396,0.522437058855244,0.27790363586726,0.645263585525395,0.525416303611376,0.278761584500663,0.654092776003396
1,18,4,"LEF both",0.735,0.729,0.518829922716104,0.277002785531977,0.639213218173527,0.520909431855464,0.278589308061889,0.643718215431828,0.518829922716104,0.277002785531977,0.639213218173527
1,18,4,"Sandwich",0.688235294117647,0.688235294117647,0.49493073232648,0.251172556549591,0.600080263381491,0.49493073232648,0.251172556549591,0.600080263381491,0.49493073232648,0.251172556549591,0.600080263381491
1,18,4,"Bootstrap",0.437,0.438,0.765080772381945,0.296603183834043,1.06118148368827,0.765193328455268,0.295130058274542,1.05943559991104,0.765080772381945,0.296603183834043,1.06118148368827
1,18,4,"Jackknife MVN",NA,NA,NA,NA,NA,NA,NA,NA,NA,NA,NA
1,18,4,"Jackknife Wald",NA,NA,NA,NA,NA,NA,NA,NA,NA,NA,NA
1,19,0,"LEF both",0.947,0.942,0.991550266270113,0.950311500562492,1.02955877207817,0.993316422260398,0.952701053240337,1.03180956917467,0.991550266270113,0.950311500562492,1.02955877207817
1,19,0,"LEF outcome",0.947,0.942,0.991550266270113,0.950311500562491,1.02955877207817,0.993316422260398,0.952701053240336,1.03180956917467,0.991550266270113,0.950311500562491,1.02955877207817
1,19,0,"Sandwich",0.937,0.937,0.983114285446055,0.941206889643483,1.02886179920923,0.983114285446055,0.941206889643483,1.02886179920923,0.983114285446055,0.941206889643483,1.02886179920923
1,19,0,"Bootstrap",0.935,0.933,0.965892184177504,0.925629963007078,1.00396408542761,0.967107527177459,0.927711675412086,1.0047499614322,0.965892184177504,0.925629963007078,1.00396408542761
1,19,0,"Jackknife MVN",NA,NA,NA,NA,NA,NA,NA,NA,NA,NA,NA
1,19,0,"Jackknife Wald",NA,NA,NA,NA,NA,NA,NA,NA,NA,NA,NA
1,19,1,"LEF both",0.954,0.951,1.06595881012191,1.0035404232389,1.12554199553088,1.06744961113851,1.00495427208882,1.12570451755218,1.06595881012191,1.0035404232389,1.12554199553088
1,19,1,"LEF outcome",0.954,0.95,1.06685751550777,1.00497493026564,1.12595711771014,1.06774128186228,1.00501122521385,1.12591886974272,1.06685751550777,1.00497493026564,1.12595711771014
1,19,1,"Sandwich",0.952,0.952,1.03308182333973,0.973283779195174,1.0904266560162,1.03308182333973,0.973283779195174,1.0904266560162,1.03308182333973,0.973283779195174,1.0904266560162
1,19,1,"Bootstrap",0.944,0.943,0.986537596739844,0.927617113624473,1.04536566817795,0.987373395534356,0.929733114045597,1.04535598077206,0.986537596739844,0.927617113624473,1.04536566817795
1,19,1,"Jackknife MVN",NA,NA,NA,NA,NA,NA,NA,NA,NA,NA,NA
1,19,1,"Jackknife Wald",NA,NA,NA,NA,NA,NA,NA,NA,NA,NA,NA
1,19,2,"Sandwich",0.93,0.93,1.13329906821651,0.989752014046876,1.26611609144586,1.13329906821651,0.989752014046876,1.26611609144586,1.13329906821651,0.989752014046876,1.26611609144586
1,19,2,"LEF both",0.929,0.927,1.40256105914951,1.17060927674035,1.55118292307128,1.40340376057575,1.17290491975493,1.55194691287284,1.40256105914951,1.17060927674035,1.55118292307128
1,19,2,"LEF outcome",0.929,0.929,1.42111982183364,1.18088454114169,1.56753284127523,1.40515197423468,1.17350138014669,1.55473501063005,1.42111982183364,1.18088454114169,1.56753284127523
1,19,2,"Bootstrap",0.922,0.924,0.961403731317464,0.824676549008362,1.07700012950315,0.96113770288724,0.826112960671757,1.07623570283682,0.961403731317464,0.824676549008362,1.07700012950315
1,19,2,"Jackknife MVN",NA,NA,NA,NA,NA,NA,NA,NA,NA,NA,NA
1,19,2,"Jackknife Wald",NA,NA,NA,NA,NA,NA,NA,NA,NA,NA,NA
1,19,3,"Sandwich",0.907,0.907,1.18816243340978,0.700665932401131,1.54935016762708,1.18816243340978,0.700665932401131,1.54935016762708,1.18816243340978,0.700665932401131,1.54935016762708
1,19,3,"LEF both",0.904,0.904,1.61586746927826,0.818317382015221,2.23963239978177,1.61681378061948,0.819170150642729,2.2460506417431,1.61586746927826,0.818317382015221,2.23963239978177
1,19,3,"LEF outcome",0.904,0.903,1.64602205704856,0.819277523141261,2.27322142146959,1.6190815852851,0.81985333257094,2.24598084334154,1.64602205704856,0.819277523141261,2.27322142146959
1,19,3,"Bootstrap",0.884,0.886,0.891704957237334,0.602202243045173,1.06363618864034,0.890768863524941,0.602532699418201,1.06334071991865,0.891704957237334,0.602202243045173,1.06363618864034
1,19,3,"Jackknife MVN",NA,NA,NA,NA,NA,NA,NA,NA,NA,NA,NA
1,19,3,"Jackknife Wald",NA,NA,NA,NA,NA,NA,NA,NA,NA,NA,NA
1,19,4,"LEF both",0.911,0.907,1.11909818958436,0.49385441920877,1.32140014736713,1.11981355286639,0.493925313473028,1.32307705062724,1.11909818958436,0.49385441920877,1.32140014736713
1,19,4,"LEF outcome",0.911,0.908,1.1380522397034,0.495886634111872,1.34135429982957,1.12127539313384,0.494323896885823,1.32007707283626,1.1380522397034,0.495886634111872,1.34135429982957
1,19,4,"Sandwich",0.83,0.83,0.874160276818716,0.427078695730145,0.934367881445414,0.874160276818716,0.427078695730145,0.934367881445414,0.874160276818716,0.427078695730145,0.934367881445414
1,19,4,"Bootstrap",0.821,0.822,0.728514252952936,0.375698538941081,0.667175524313773,0.727973180195488,0.375277955011787,0.66622237336385,0.728514252952936,0.375698538941081,0.667175524313773
1,19,4,"Jackknife MVN",NA,NA,NA,NA,NA,NA,NA,NA,NA,NA,NA
1,19,4,"Jackknife Wald",NA,NA,NA,NA,NA,NA,NA,NA,NA,NA,NA
1,20,0,"LEF outcome",0.956,0.945,0.9941826385163,0.956573995459225,1.03357358674115,1.03279753554462,0.991923839368077,1.07220938517698,0.9941826385163,0.956573995459225,1.03357358674115
1,20,0,"LEF both",0.955955955955956,0.945,0.9941826385163,0.956573995459226,1.03357358674115,1.03284705881407,0.992291102228353,1.07221109973636,0.9941826385163,0.956573995459226,1.03357358674115
1,20,0,"Sandwich",0.951951951951952,0.941,0.986032233300116,0.945912458740228,1.02432988689598,1.02291410346868,0.980705871787262,1.06221526389116,0.986032233300116,0.945912458740228,1.02432988689598
1,20,0,"Bootstrap",0.948,0.939,0.966845249290337,0.927410086762791,1.00563478121178,1.00363513708096,0.963691103551746,1.04356974154771,0.966845249290337,0.927410086762791,1.00563478121178
1,20,0,"Jackknife MVN",NA,NA,NA,NA,NA,NA,NA,NA,NA,NA,NA
1,20,0,"Jackknife Wald",NA,NA,NA,NA,NA,NA,NA,NA,NA,NA,NA
1,20,1,"LEF outcome",0.956,0.951,1.03331857571225,0.977342793302616,1.0851299048537,1.03580553405536,0.97950707995688,1.08685974297597,1.03331857571225,0.977342793302616,1.0851299048537
1,20,1,"LEF both",0.955955955955956,0.951,1.03272960449813,0.977383839514059,1.08471275313216,1.03579375859522,0.979733930476342,1.08685738498141,1.03272960449813,0.977383839514059,1.08471275313216
1,20,1,"Sandwich",0.950950950950951,0.953,1.0163833421557,0.960292891464396,1.06771047623631,1.02041384235485,0.967264524713668,1.07075329309209,1.0163833421557,0.960292891464396,1.06771047623631
1,20,1,"Bootstrap",0.95,0.945,0.984869810222263,0.928195850253274,1.03798908620612,0.987189400441471,0.929751569273962,1.03940533065599,0.984869810222263,0.928195850253274,1.03798908620612
1,20,1,"Jackknife MVN",NA,NA,NA,NA,NA,NA,NA,NA,NA,NA,NA
1,20,1,"Jackknife Wald",NA,NA,NA,NA,NA,NA,NA,NA,NA,NA,NA
1,20,2,"Sandwich",0.965965965965966,0.96,1.0803254749973,1.00782633621725,1.15460560050622,1.07370987433962,0.99945470476557,1.15142696096774,1.0803254749973,1.00782633621725,1.15460560050622
1,20,2,"LEF outcome",0.954,0.962,1.12207420861168,1.05294781668809,1.19226910897587,1.11259016663213,1.04279666503865,1.18342633758547,1.12207420861168,1.05294781668809,1.19226910897587
1,20,2,"LEF both",0.952952952952953,0.962,1.12008587338397,1.05144297069535,1.19010572567813,1.11243076032418,1.04256904226648,1.18325310146184,1.12008587338397,1.05144297069535,1.19010572567813
1,20,2,"Bootstrap",0.941,0.949,1.01794787264385,0.947848204375439,1.0973564757491,1.01049512724008,0.9348005848615,1.08884051451584,1.01794787264385,0.947848204375439,1.0973564757491
1,20,2,"Jackknife MVN",NA,NA,NA,NA,NA,NA,NA,NA,NA,NA,NA
1,20,2,"Jackknife Wald",NA,NA,NA,NA,NA,NA,NA,NA,NA,NA,NA
1,20,3,"LEF outcome",0.969,0.973,1.33514868697334,1.19548537969804,1.43933490078863,1.26791875972865,1.13475401603295,1.36309307153156,1.33514868697334,1.19548537969804,1.43933490078863
1,20,3,"LEF both",0.968968968968969,0.972,1.33015507750332,1.19328609470788,1.43302092000953,1.26737428284703,1.1342819372982,1.36221844806305,1.33015507750332,1.19328609470788,1.43302092000953
1,20,3,"Sandwich",0.951951951951952,0.961,1.18180815611206,1.05523099803784,1.29199130067898,1.12277733983961,1.01175684891771,1.22325490403537,1.18180815611206,1.05523099803784,1.29199130067898
1,20,3,"Bootstrap",0.924,0.935,1.02400003692557,0.91008759888004,1.13318449370801,0.978555097280539,0.866024854537544,1.08268693464688,1.02400003692557,0.91008759888004,1.13318449370801
1,20,3,"Jackknife MVN",NA,NA,NA,NA,NA,NA,NA,NA,NA,NA,NA
1,20,3,"Jackknife Wald",NA,NA,NA,NA,NA,NA,NA,NA,NA,NA,NA
1,20,4,"LEF outcome",0.984,0.981,1.77266701098827,1.34994289648696,2.06030674429867,1.69118182985286,1.31976549954584,1.92782488055928,1.77266701098827,1.34994289648696,2.06030674429867
1,20,4,"LEF both",0.983983983983984,0.982,1.76451197160557,1.34364781648684,2.0582529001975,1.69049229838621,1.31965938676823,1.92740427495094,1.76451197160557,1.34364781648684,2.0582529001975
1,20,4,"Sandwich",0.8998998998999,0.917,1.34397810213366,1.0169295736572,1.53466485093472,1.28665694631867,1.00414874666266,1.45696424956365,1.34397810213366,1.0169295736572,1.53466485093472
1,20,4,"Bootstrap",0.876,0.897,0.970133274415383,0.74148129976964,1.17729767646542,0.937878109597552,0.717783397644311,1.11881883465937,0.970133274415383,0.74148129976964,1.17729767646542
1,20,4,"Jackknife MVN",NA,NA,NA,NA,NA,NA,NA,NA,NA,NA,NA
1,20,4,"Jackknife Wald",NA,NA,NA,NA,NA,NA,NA,NA,NA,NA,NA
1,21,0,"Sandwich",0.957011258955988,0.953940634595701,1.07241620454641,1.00480576167274,1.13462495496674,1.07600080110856,1.00819931975181,1.13763177185731,1.07241620454641,1.00480576167274,1.13462495496674
1,21,0,"Bootstrap",0.936,0.932932932932933,1.03097863729551,0.961802675033693,1.09210358627681,1.03509027913467,0.965483618652003,1.09669603234643,1.03097863729551,0.961802675033693,1.09210358627681
1,21,0,"LEF both",0.926,0.921921921921922,1.09211846909488,1.02741457546324,1.15421150956974,1.09691311518705,1.02945234802554,1.15766273129247,1.09211846909488,1.02741457546324,1.15421150956974
1,21,0,"LEF outcome",0.926,0.921921921921922,1.09211846909488,1.02741457546324,1.15421150956974,1.09691311518705,1.02945234802554,1.15766273129247,1.09211846909488,1.02741457546324,1.15421150956974
1,21,0,"Jackknife MVN",NA,NA,NA,NA,NA,NA,NA,NA,NA,NA,NA
1,21,0,"Jackknife Wald",NA,NA,NA,NA,NA,NA,NA,NA,NA,NA,NA
1,21,1,"Sandwich",0.958034800409417,0.960081883316274,1.11638407723535,0.998736382131164,1.22873516586096,1.11022449483343,0.989476455123499,1.22260096448179,1.11638407723535,0.998736382131164,1.22873516586096
1,21,1,"Bootstrap",0.903,0.901901901901902,0.990843651602382,0.872588274600017,1.12815097502325,0.984806678796641,0.863816183716272,1.12005421126653,0.990843651602382,0.872588274600017,1.12815097502325
1,21,1,"LEF both",0.875,0.875875875875876,1.2204410362298,1.09775709630113,1.32630438321888,1.21157642264429,1.08769408225419,1.31787308812807,1.2204410362298,1.09775709630113,1.32630438321888
1,21,1,"LEF outcome",0.875,0.874874874874875,1.2250296364134,1.1012825917508,1.3295685657273,1.21216789662415,1.0883497305056,1.31840422809487,1.2250296364134,1.1012825917508,1.3295685657273
1,21,1,"Jackknife MVN",NA,NA,NA,NA,NA,NA,NA,NA,NA,NA,NA
1,21,1,"Jackknife Wald",NA,NA,NA,NA,NA,NA,NA,NA,NA,NA,NA
1,21,2,"Sandwich",0.879222108495394,0.880245649948823,1.20333676060834,0.624044050424238,1.57231047654128,1.20471636942801,0.634384441887578,1.56778211457824,1.20333676060834,0.624044050424238,1.57231047654128
1,21,2,"Bootstrap",0.81,0.804804804804805,0.924150378332551,0.542104591304957,1.20704103802617,0.923208348294046,0.543881758453263,1.20439630105378,0.924150378332551,0.542104591304957,1.20704103802617
1,21,2,"LEF both",0.764,0.754754754754755,1.52023218907046,0.66586376497228,2.00726358369075,1.52191463414989,0.66689997463267,2.00764401070175,1.52023218907046,0.66586376497228,2.00726358369075
1,21,2,"LEF outcome",0.763,0.754754754754755,1.5359606838196,0.666292206476479,2.02782896841877,1.52380752903561,0.667319006377317,2.01067372062698,1.5359606838196,0.666292206476479,2.02782896841877
1,21,2,"Jackknife MVN",NA,NA,NA,NA,NA,NA,NA,NA,NA,NA,NA
1,21,2,"Jackknife Wald",NA,NA,NA,NA,NA,NA,NA,NA,NA,NA,NA
1,21,3,"Sandwich",0.731832139201638,0.732855680655067,0.90569823158047,0.310300620542276,1.14708086002659,0.915268089116155,0.314189412553988,1.31743709343404,0.90569823158047,0.310300620542276,1.14708086002659
1,21,3,"Bootstrap",0.655,0.645645645645646,0.71226481668492,0.272790291652477,0.829772503434289,0.718779736343427,0.270318908668945,0.855990976812472,0.71226481668492,0.272790291652477,0.829772503434289
1,21,3,"LEF both",0.625,0.613613613613614,1.11034728576581,0.332822242025223,1.47182890342089,1.12280297425593,0.330617440623512,1.56082074452229,1.11034728576581,0.332822242025223,1.47182890342089
1,21,3,"LEF outcome",0.625,0.614614614614615,1.12222132771935,0.333481364683103,1.4996025520775,1.12430325932232,0.330975687849615,1.56385076410932,1.12222132771935,0.333481364683103,1.4996025520775
1,21,3,"Jackknife MVN",NA,NA,NA,NA,NA,NA,NA,NA,NA,NA,NA
1,21,3,"Jackknife Wald",NA,NA,NA,NA,NA,NA,NA,NA,NA,NA,NA
1,21,4,"Sandwich",0.670419651995906,0.665301944728761,0.571426432332244,0.173360726253892,0.627378808546963,0.56462178099582,0.16919533644507,0.716035162107476,0.571426432332244,0.173360726253892,0.627378808546963
1,21,4,"Bootstrap",0.529,0.513513513513513,0.507823565061999,0.155325191481911,0.47197784425664,0.504776715418475,0.149502678662693,0.517836301425775,0.507823565061999,0.155325191481911,0.47197784425664
1,21,4,"LEF outcome",0.507,0.485485485485485,0.683091959696069,0.193499065599297,0.809052787834613,0.66793436245216,0.185691325304391,0.847797451085976,0.683091959696069,0.193499065599297,0.809052787834613
1,21,4,"LEF both",0.506,0.486486486486487,0.676600108169597,0.19298454342516,0.792749177213025,0.667072465965063,0.185591700560345,0.845262325532479,0.676600108169597,0.19298454342516,0.792749177213025
1,21,4,"Jackknife MVN",NA,NA,NA,NA,NA,NA,NA,NA,NA,NA,NA
1,21,4,"Jackknife Wald",NA,NA,NA,NA,NA,NA,NA,NA,NA,NA,NA
1,22,0,"LEF both",0.955,0.955,1.00367343826126,0.966884746464818,1.04180983025519,1.00589426977726,0.967854129304908,1.04313328324552,1.00367343826126,0.966884746464818,1.04180983025519
1,22,0,"LEF outcome",0.955,0.955,1.00367343826126,0.966884746464818,1.04180983025519,1.00589426977726,0.967854129304908,1.04313328324552,1.00367343826126,0.966884746464818,1.04180983025519
1,22,0,"Bootstrap",0.944,0.945,0.983876972505423,0.946418528809419,1.02165816369642,0.985553575483668,0.947886458489244,1.02362381928328,0.983876972505423,0.946418528809419,1.02165816369642
1,22,0,"Sandwich",0.942,0.942,0.996847012851691,0.956099661634061,1.03705056025505,0.996847012851691,0.956099661634061,1.03705056025505,0.996847012851691,0.956099661634061,1.03705056025505
1,22,0,"Jackknife MVN",NA,NA,NA,NA,NA,NA,NA,NA,NA,NA,NA
1,22,0,"Jackknife Wald",NA,NA,NA,NA,NA,NA,NA,NA,NA,NA,NA
1,22,1,"LEF outcome",0.967,0.965,1.04103663878338,0.963810055655715,1.10197602240333,1.04153681957729,0.964326652252923,1.10033149915524,1.04103663878338,0.963810055655715,1.10197602240333
1,22,1,"LEF both",0.966,0.963,1.03965544505773,0.962757802523982,1.09982374822881,1.04128648182465,0.964333302639085,1.09974374099906,1.03965544505773,0.962757802523982,1.09982374822881
1,22,1,"Bootstrap",0.954,0.954,0.966604625876651,0.90405464607309,1.01951244024331,0.967379419915643,0.904941952820922,1.02031241402661,0.966604625876651,0.90405464607309,1.01951244024331
1,22,1,"Sandwich",0.942,0.942,1.0052467507174,0.938415182027288,1.06221496084223,1.0052467507174,0.938415182027288,1.06221496084223,1.0052467507174,0.938415182027288,1.06221496084223
1,22,1,"Jackknife MVN",NA,NA,NA,NA,NA,NA,NA,NA,NA,NA,NA
1,22,1,"Jackknife Wald",NA,NA,NA,NA,NA,NA,NA,NA,NA,NA,NA
1,22,2,"LEF both",0.95,0.949,1.40171036868932,1.06035229568953,1.57032303587869,1.40301938858749,1.06110172867197,1.57034745443854,1.40171036868932,1.06035229568953,1.57032303587869
1,22,2,"LEF outcome",0.95,0.95,1.41693728813026,1.06819072079107,1.57841574462819,1.40503111485942,1.06098208820478,1.57311185855033,1.41693728813026,1.06819072079107,1.57841574462819
1,22,2,"Sandwich",0.939,0.939,1.14854494119815,0.92902939980093,1.28882349344497,1.14854494119815,0.92902939980093,1.28882349344497,1.14854494119815,0.92902939980093,1.28882349344497
1,22,2,"Bootstrap",0.938,0.937,0.976013658800706,0.809175993311768,1.08591424894497,0.975677310457936,0.810240068865183,1.08372833674611,0.976013658800706,0.809175993311768,1.08591424894497
1,22,2,"Jackknife MVN",NA,NA,NA,NA,NA,NA,NA,NA,NA,NA,NA
1,22,2,"Jackknife Wald",NA,NA,NA,NA,NA,NA,NA,NA,NA,NA,NA
1,22,3,"LEF both",0.912,0.911,1.42166546351255,0.688240946787275,1.81052385557305,1.42255165404432,0.68912938716524,1.81084122447855,1.42166546351255,0.688240946787275,1.81052385557305
1,22,3,"LEF outcome",0.912,0.913,1.44660962821654,0.69192516787666,1.84700716676678,1.42488204161707,0.689050529073838,1.81475116739986,1.44660962821654,0.69192516787666,1.84700716676678
1,22,3,"Bootstrap",0.894,0.892,0.820973716450179,0.527898232271357,0.906059394113919,0.820024941481289,0.52733612600912,0.905616682998133,0.820973716450179,0.527898232271357,0.906059394113919
1,22,3,"Sandwich",0.884,0.884,1.07177004705431,0.595992654679148,1.2824890356004,1.07177004705431,0.595992654679148,1.2824890356004,1.07177004705431,0.595992654679148,1.2824890356004
1,22,3,"Jackknife MVN",NA,NA,NA,NA,NA,NA,NA,NA,NA,NA,NA
1,22,3,"Jackknife Wald",NA,NA,NA,NA,NA,NA,NA,NA,NA,NA,NA
1,22,4,"LEF both",0.941,0.939,0.898601165460579,0.405160699115756,1.05654811288215,0.899219673846756,0.405546571799076,1.05692373441782,0.898601165460579,0.405160699115756,1.05654811288215
1,22,4,"LEF outcome",0.941,0.941,0.913121404284452,0.406880856405768,1.05958367043431,0.900463730839082,0.405796628776021,1.05789622620196,0.913121404284452,0.406880856405768,1.05958367043431
1,22,4,"Bootstrap",0.867,0.865,0.656615019967752,0.307137976010624,0.545700363506224,0.656081339123291,0.30748605164049,0.544034289357778,0.656615019967752,0.307137976010624,0.545700363506224
1,22,4,"Sandwich",0.841,0.841,0.719438489158301,0.349394393470313,0.754772389342746,0.719438489158301,0.349394393470313,0.754772389342746,0.719438489158301,0.349394393470313,0.754772389342746
1,22,4,"Jackknife MVN",NA,NA,NA,NA,NA,NA,NA,NA,NA,NA,NA
1,22,4,"Jackknife Wald",NA,NA,NA,NA,NA,NA,NA,NA,NA,NA,NA
1,23,0,"LEF both",0.956,0.956,1.001494408607,0.958475621382239,1.04489040613032,1.00317534407983,0.960454464066822,1.04669775144591,1.001494408607,0.958475621382239,1.04489040613032
1,23,0,"LEF outcome",0.956,0.956,1.001494408607,0.95847562138224,1.04489040613032,1.00317534407983,0.960454464066823,1.04669775144591,1.001494408607,0.95847562138224,1.04489040613032
1,23,0,"Bootstrap",0.948,0.95,0.977326977089427,0.935238599461072,1.01900528751197,0.978366753943424,0.936282584645315,1.02062450638009,0.977326977089427,0.935238599461072,1.01900528751197
1,23,0,"Sandwich",0.943,0.943,0.993501832397458,0.950795848027342,1.03633574852419,0.993501832397458,0.950795848027342,1.03633574852419,0.993501832397458,0.950795848027342,1.03633574852419
1,23,0,"Jackknife MVN",NA,NA,NA,NA,NA,NA,NA,NA,NA,NA,NA
1,23,0,"Jackknife Wald",NA,NA,NA,NA,NA,NA,NA,NA,NA,NA,NA
1,23,1,"LEF both",0.95,0.951,1.05788760929699,0.991450882725944,1.12140838395906,1.05924025632573,0.992880737813974,1.12235453128455,1.05788760929699,0.991450882725944,1.12140838395906
1,23,1,"LEF outcome",0.95,0.951,1.05916928599758,0.991979554810341,1.12293673742122,1.05947189131159,0.993005171161933,1.12263087082555,1.05916928599758,0.991979554810341,1.12293673742122
1,23,1,"Sandwich",0.944,0.944,1.0359908215195,0.97113272699007,1.10478484872924,1.0359908215195,0.97113272699007,1.10478484872924,1.0359908215195,0.97113272699007,1.10478484872924
1,23,1,"Bootstrap",0.942,0.942,1.0048016189596,0.941258505211828,1.06702807825678,1.0052341281658,0.941827811485893,1.06679661921848,1.0048016189596,0.941258505211828,1.06702807825678
1,23,1,"Jackknife MVN",NA,NA,NA,NA,NA,NA,NA,NA,NA,NA,NA
1,23,1,"Jackknife Wald",NA,NA,NA,NA,NA,NA,NA,NA,NA,NA,NA
1,23,2,"Sandwich",0.949,0.949,1.08549234918484,0.987045653029874,1.17277126599958,1.08549234918484,0.987045653029874,1.17277126599958,1.08549234918484,0.987045653029874,1.17277126599958
1,23,2,"LEF both",0.944,0.943,1.14240434517525,1.03301259555757,1.24110775473764,1.1435429160331,1.03353562759479,1.24196597002907,1.14240434517525,1.03301259555757,1.24110775473764
1,23,2,"LEF outcome",0.944,0.944,1.14613160288446,1.03586038418377,1.24705516799634,1.14409172533051,1.0338264015162,1.24271400907881,1.14613160288446,1.03586038418377,1.24705516799634
1,23,2,"Bootstrap",0.937,0.938,1.01831921689604,0.92025357821941,1.11148743619208,1.01836759254275,0.919656872110558,1.11257137073595,1.01831921689604,0.92025357821941,1.11148743619208
1,23,2,"Jackknife MVN",NA,NA,NA,NA,NA,NA,NA,NA,NA,NA,NA
1,23,2,"Jackknife Wald",NA,NA,NA,NA,NA,NA,NA,NA,NA,NA,NA
1,23,3,"LEF both",0.969,0.97,1.32498963444474,1.10986682650636,1.47916796784631,1.32588744036898,1.11066612834121,1.47767314478045,1.32498963444474,1.10986682650636,1.47916796784631
1,23,3,"LEF outcome",0.969,0.97,1.33233401891533,1.11532580539954,1.48569392235064,1.32691428387771,1.11118444232336,1.47849428499111,1.33233401891533,1.11532580539954,1.48569392235064
1,23,3,"Sandwich",0.951,0.951,1.14850730402003,0.975213738609243,1.28686336369851,1.14850730402003,0.975213738609243,1.28686336369851,1.14850730402003,0.975213738609243,1.28686336369851
1,23,3,"Bootstrap",0.929,0.93,0.981584651195169,0.82261290474809,1.11166109238764,0.981457007194894,0.821655964595069,1.1122747939862,0.981584651195169,0.82261290474809,1.11166109238764
1,23,3,"Jackknife MVN",NA,NA,NA,NA,NA,NA,NA,NA,NA,NA,NA
1,23,3,"Jackknife Wald",NA,NA,NA,NA,NA,NA,NA,NA,NA,NA,NA
1,23,4,"LEF both",0.974,0.974,1.69660612608166,1.22756803353747,2.07227737350709,1.69748504916153,1.22804995577463,2.07275860070925,1.69660612608166,1.22756803353747,2.07227737350709
1,23,4,"LEF outcome",0.974,0.973,1.70518102998555,1.24180059430583,2.07334966821954,1.69861397654255,1.2289343827908,2.07509342430167,1.70518102998555,1.24180059430583,2.07334966821954
1,23,4,"Bootstrap",0.908,0.909,0.948989523733126,0.707528234026426,1.14001623060259,0.9489121708244,0.705277896554376,1.14128595060205,0.948989523733126,0.707528234026426,1.14001623060259
1,23,4,"Sandwich",0.899,0.899,1.30613555166649,0.912649059423261,1.55861529888809,1.30613555166649,0.912649059423261,1.55861529888809,1.30613555166649,0.912649059423261,1.55861529888809
1,23,4,"Jackknife MVN",NA,NA,NA,NA,NA,NA,NA,NA,NA,NA,NA
1,23,4,"Jackknife Wald",NA,NA,NA,NA,NA,NA,NA,NA,NA,NA,NA
1,24,0,"Sandwich",0.941955193482688,0.939148073022312,1.03752961522128,0.972155810418499,1.10458354184868,1.03522739952139,0.970057027446495,1.10379174647549,1.03752961522128,0.972155810418499,1.10458354184868
1,24,0,"Bootstrap",0.936,0.931,1.00439435201858,0.932059932499752,1.07038575524581,1.00299809744371,0.934500201737039,1.07028519423162,1.00439435201858,0.932059932499752,1.07038575524581
1,24,0,"LEF both",0.928,0.932932932932933,1.05824098238297,0.984575193555703,1.12587824630711,1.05772856996685,0.985358920220078,1.12338747331956,1.05824098238297,0.984575193555703,1.12587824630711
1,24,0,"LEF outcome",0.928,0.932932932932933,1.05824098238297,0.984575193555705,1.12587824630711,1.05772856996685,0.985358920220078,1.12338747331956,1.05824098238297,0.984575193555705,1.12587824630711
1,24,0,"Jackknife MVN",NA,NA,NA,NA,NA,NA,NA,NA,NA,NA,NA
1,24,0,"Jackknife Wald",NA,NA,NA,NA,NA,NA,NA,NA,NA,NA,NA
1,24,1,"Sandwich",0.943991853360489,0.942190669371197,1.06726416934674,0.913848504937291,1.20732142193827,1.08183715668267,0.930226267010196,1.21371082185874,1.06726416934674,0.913848504937291,1.20732142193827
1,24,1,"Bootstrap",0.89,0.882,0.950628633218354,0.795463565189352,1.09907735292311,0.963704000665449,0.813300043466011,1.09622795071658,0.950628633218354,0.795463565189352,1.09907735292311
1,24,1,"LEF both",0.848,0.840840840840841,1.18480967120598,1.01361891988268,1.33573723479947,1.20599865281916,1.03216493752527,1.35308182398265,1.18480967120598,1.01361891988268,1.33573723479947
1,24,1,"LEF outcome",0.848,0.842842842842843,1.1916138226456,1.01931551636032,1.33777594308711,1.20710094763729,1.03203920001055,1.35483688734055,1.1916138226456,1.01931551636032,1.33777594308711
1,24,1,"Jackknife MVN",NA,NA,NA,NA,NA,NA,NA,NA,NA,NA,NA
1,24,1,"Jackknife Wald",NA,NA,NA,NA,NA,NA,NA,NA,NA,NA,NA
1,24,2,"Sandwich",0.861507128309572,0.854969574036511,1.04859110872135,0.60810519917123,1.37577861211676,1.07731755383001,0.633591115149253,1.41090091515336,1.04859110872135,0.60810519917123,1.37577861211676
1,24,2,"Bootstrap",0.763,0.773,0.824611828325686,0.502152117674571,1.06695229879625,0.844430256029823,0.513071200398102,1.0929664066855,0.824611828325686,0.502152117674571,1.06695229879625
1,24,2,"LEF both",0.72,0.727727727727728,1.31187721043825,0.698437065287018,1.72125630448343,1.35427756633534,0.747264575436432,1.79024572043112,1.31187721043825,0.698437065287018,1.72125630448343
1,24,2,"LEF outcome",0.72,0.727727727727728,1.3287161587594,0.701789468959831,1.74421962317229,1.35631338259005,0.747367011421342,1.79225729035767,1.3287161587594,0.701789468959831,1.74421962317229
1,24,2,"Jackknife MVN",NA,NA,NA,NA,NA,NA,NA,NA,NA,NA,NA
1,24,2,"Jackknife Wald",NA,NA,NA,NA,NA,NA,NA,NA,NA,NA,NA
1,24,3,"Sandwich",0.740325865580448,0.738336713995943,0.836113768798758,0.323066780172098,1.12720564287944,0.879544441356528,0.35047124688826,1.17915035438133,0.836113768798758,0.323066780172098,1.12720564287944
1,24,3,"Bootstrap",0.623,0.628,0.673618943145043,0.268265808461126,0.876373298375714,0.702828640874742,0.286605973435507,0.91087195168986,0.673618943145043,0.268265808461126,0.876373298375714
1,24,3,"LEF both",0.6,0.604604604604605,1.02273738150287,0.367964858296189,1.41024414578128,1.08438448145064,0.410572643033269,1.48206847766287,1.02273738150287,0.367964858296189,1.41024414578128
1,24,3,"LEF outcome",0.6,0.601601601601602,1.03489430864684,0.374054215530547,1.44093213006889,1.0859737422921,0.411073776748964,1.4852870049894,1.03489430864684,0.374054215530547,1.44093213006889
1,24,3,"Jackknife MVN",NA,NA,NA,NA,NA,NA,NA,NA,NA,NA,NA
1,24,3,"Jackknife Wald",NA,NA,NA,NA,NA,NA,NA,NA,NA,NA,NA
1,24,4,"Sandwich",0.664969450101833,0.654158215010142,0.566223550790235,0.194266882493986,0.70283533222816,0.564376405430845,0.203927866946983,0.688090034171112,0.566223550790235,0.194266882493986,0.70283533222816
1,24,4,"Bootstrap",0.508,0.51,0.526582266363212,0.168364035588944,0.577738268811699,0.522102459267137,0.169918179852034,0.564957604522617,0.526582266363212,0.168364035588944,0.577738268811699
1,24,4,"LEF outcome",0.507,0.512512512512513,0.679933138608573,0.238676562037969,0.909654047784407,0.676184587517113,0.241507429604105,0.860767479844138,0.679933138608573,0.238676562037969,0.909654047784407
1,24,4,"LEF both",0.506,0.509509509509509,0.672945913528271,0.236363605363759,0.898646598217891,0.675269355651564,0.241309621075715,0.860789341652701,0.672945913528271,0.236363605363759,0.898646598217891
1,24,4,"Jackknife MVN",NA,NA,NA,NA,NA,NA,NA,NA,NA,NA,NA
1,24,4,"Jackknife Wald",NA,NA,NA,NA,NA,NA,NA,NA,NA,NA,NA
1,25,0,"LEF both",0.949,0.947,1.00741088136106,0.967274124771311,1.04216767569454,1.01062957901108,0.971023361806628,1.04658056193917,1.00741088136106,0.967274124771311,1.04216767569454
1,25,0,"LEF outcome",0.949,0.947,1.00741088136106,0.967274124771311,1.04216767569454,1.01062957901108,0.971023361806628,1.04658056193917,1.00741088136106,0.967274124771311,1.04216767569454
1,25,0,"Bootstrap",0.944,0.945,0.995451476192131,0.955393166992096,1.03063006508019,0.998169629437,0.959439369779281,1.03307760382503,0.995451476192131,0.955393166992096,1.03063006508019
1,25,0,"Sandwich",0.937,0.937,1.00222702998835,0.96594715876621,1.03851121341379,1.00222702998835,0.96594715876621,1.03851121341379,1.00222702998835,0.96594715876621,1.03851121341379
1,25,0,"Jackknife MVN",NA,NA,NA,NA,NA,NA,NA,NA,NA,NA,NA
1,25,0,"Jackknife Wald",NA,NA,NA,NA,NA,NA,NA,NA,NA,NA,NA
1,25,1,"LEF both",0.963,0.963,1.02484869382498,0.948934924218648,1.07691108458957,1.02678756514379,0.953172178946886,1.07836578309578,1.02484869382498,0.948934924218648,1.07691108458957
1,25,1,"LEF outcome",0.963,0.964,1.02711891783153,0.949912160019706,1.07920031951682,1.02697680155923,0.953071899189746,1.07852456427395,1.02711891783153,0.949912160019706,1.07920031951682
1,25,1,"Bootstrap",0.948,0.952,0.974082643240797,0.909558279137213,1.02220260154319,0.974521769869169,0.909620098102186,1.02266896489919,0.974082643240797,0.909558279137213,1.02220260154319
1,25,1,"Sandwich",0.939,0.939,1.00281912703826,0.935676175955471,1.04814745181244,1.00281912703826,0.935676175955471,1.04814745181244,1.00281912703826,0.935676175955471,1.04814745181244
1,25,1,"Jackknife MVN",NA,NA,NA,NA,NA,NA,NA,NA,NA,NA,NA
1,25,1,"Jackknife Wald",NA,NA,NA,NA,NA,NA,NA,NA,NA,NA,NA
1,25,2,"LEF both",0.977,0.976,1.28076461308686,0.948123380317569,1.41969720710145,1.28197474284953,0.948845912125187,1.42289385232302,1.28076461308686,0.948123380317569,1.41969720710145
1,25,2,"LEF outcome",0.977,0.974,1.29465930495271,0.950797330605063,1.43260270577576,1.28389402774061,0.948452151350319,1.42760077856908,1.29465930495271,0.950797330605063,1.43260270577576
1,25,2,"Bootstrap",0.951,0.954,0.968816496819131,0.804639975639165,1.05970378360062,0.967893429051959,0.804667677404971,1.05587490065072,0.968816496819131,0.804639975639165,1.05970378360062
1,25,2,"Sandwich",0.931,0.931,1.10265021859184,0.87312506527671,1.21918904652486,1.10265021859184,0.87312506527671,1.21918904652486,1.10265021859184,0.87312506527671,1.21918904652486
1,25,2,"Jackknife MVN",NA,NA,NA,NA,NA,NA,NA,NA,NA,NA,NA
1,25,2,"Jackknife Wald",NA,NA,NA,NA,NA,NA,NA,NA,NA,NA,NA
1,25,3,"LEF outcome",0.969,0.97,1.34427491239983,0.703773733345507,1.66075697958756,1.32931885179243,0.70393031312755,1.60636659277798,1.34427491239983,0.703773733345507,1.66075697958756
1,25,3,"LEF both",0.968,0.969,1.32646877799454,0.703158731115055,1.59813603232413,1.32717953274358,0.703888242345517,1.59853225433298,1.32646877799454,0.703158731115055,1.59813603232413
1,25,3,"Bootstrap",0.932,0.931,0.843453138734851,0.561626624451369,0.890713839957919,0.842084891399967,0.561101339583155,0.888974314636187,0.843453138734851,0.561626624451369,0.890713839957919
1,25,3,"Sandwich",0.908,0.908,1.04470162851081,0.625410416506203,1.19226620195024,1.04470162851081,0.625410416506203,1.19226620195024,1.04470162851081,0.625410416506203,1.19226620195024
1,25,3,"Jackknife MVN",NA,NA,NA,NA,NA,NA,NA,NA,NA,NA,NA
1,25,3,"Jackknife Wald",NA,NA,NA,NA,NA,NA,NA,NA,NA,NA,NA
1,25,4,"LEF both",0.976,0.975,0.786193310380883,0.39220179909229,0.944953035621042,0.786653342301442,0.392562282672246,0.944030437766141,0.786193310380883,0.39220179909229,0.944953035621042
1,25,4,"LEF outcome",0.976,0.976,0.795058510241494,0.395708612726603,0.96048803184715,0.787609587983928,0.39251156791252,0.945418164301896,0.795058510241494,0.395708612726603,0.96048803184715
1,25,4,"Bootstrap",0.9,0.9,0.658697547393535,0.295388691743714,0.59271497237256,0.65812574843544,0.294997867400586,0.588180566463893,0.658697547393535,0.295388691743714,0.59271497237256
1,25,4,"Sandwich",0.846,0.846,0.647857779552786,0.335012342449198,0.703007599651804,0.647857779552786,0.335012342449198,0.703007599651804,0.647857779552786,0.335012342449198,0.703007599651804
1,25,4,"Jackknife MVN",NA,NA,NA,NA,NA,NA,NA,NA,NA,NA,NA
1,25,4,"Jackknife Wald",NA,NA,NA,NA,NA,NA,NA,NA,NA,NA,NA
1,26,0,"Sandwich",0.933933933933934,0.952905811623247,1.00882752985305,0.962769941347639,1.05379525747146,0.962426192227064,0.916657181558454,1.00556851584989,1.00882752985305,0.962769941347639,1.05379525747146
1,26,0,"LEF both",0.926,0.949899799599198,1.0185482238987,0.973282047578922,1.06397069922847,0.970112965403816,0.923492745562962,1.01587925437972,1.0185482238987,0.973282047578922,1.06397069922847
1,26,0,"LEF outcome",0.926,0.949899799599198,1.0185482238987,0.973282047578922,1.06397069922847,0.970112965403816,0.923492745562962,1.01587925437972,1.0185482238987,0.973282047578922,1.06397069922847
1,26,0,"Bootstrap",0.922,0.945945945945946,0.999854213553983,0.953371454114889,1.04585815862702,0.951958742101631,0.905867812750458,0.996994746654853,0.999854213553983,0.953371454114889,1.04585815862702
1,26,0,"Jackknife MVN",NA,NA,NA,NA,NA,NA,NA,NA,NA,NA,NA
1,26,0,"Jackknife Wald",NA,NA,NA,NA,NA,NA,NA,NA,NA,NA,NA
1,26,1,"Sandwich",0.931931931931932,0.945891783567134,1.01476663447442,0.904697900470887,1.10345872478961,1.00334537712831,0.894253842523245,1.08244715611252,1.01476663447442,0.904697900470887,1.10345872478961
1,26,1,"LEF outcome",0.918,0.92685370741483,1.05133582800173,0.93105318466795,1.13832116132573,1.03655701671371,0.915861397696521,1.12279913764237,1.05133582800173,0.93105318466795,1.13832116132573
1,26,1,"LEF both",0.917,0.927855711422846,1.04706382551937,0.92913204413682,1.13357318078499,1.0357931420444,0.915259318506517,1.12205072018288,1.04706382551937,0.92913204413682,1.13357318078499
1,26,1,"Bootstrap",0.916,0.925925925925926,0.975298924630302,0.875137390022704,1.05358837078982,0.963484756183512,0.865448153208716,1.0441056839477,0.975298924630302,0.875137390022704,1.05358837078982
1,26,1,"Jackknife MVN",NA,NA,NA,NA,NA,NA,NA,NA,NA,NA,NA
1,26,1,"Jackknife Wald",NA,NA,NA,NA,NA,NA,NA,NA,NA,NA,NA
1,26,2,"Sandwich",0.925925925925926,0.923847695390782,1.0227820031946,0.851638837007801,1.14341347032922,1.02074639177998,0.837300315939148,1.14211493745997,1.0227820031946,0.851638837007801,1.14341347032922
1,26,2,"LEF both",0.914,0.909819639278557,1.10241566587391,0.890773444414442,1.22961540107519,1.10372916451014,0.880841815331825,1.23461690093914,1.10241566587391,0.890773444414442,1.22961540107519
1,26,2,"LEF outcome",0.914,0.911823647294589,1.11048071250261,0.893756366457336,1.24165494666789,1.10516619895654,0.8819786447374,1.235968933668,1.11048071250261,0.893756366457336,1.24165494666789
1,26,2,"Bootstrap",0.907,0.893893893893894,0.938925184705922,0.78322218203778,1.05471301840856,0.936066124672047,0.771621975063204,1.04203055825037,0.938925184705922,0.78322218203778,1.05471301840856
1,26,2,"Jackknife MVN",NA,NA,NA,NA,NA,NA,NA,NA,NA,NA,NA
1,26,2,"Jackknife Wald",NA,NA,NA,NA,NA,NA,NA,NA,NA,NA,NA
1,26,3,"LEF both",0.932,0.928857715430862,1.25847538340886,0.93660463170182,1.47510884819217,1.20570048150932,0.89564722283065,1.3955909254157,1.25847538340886,0.93660463170182,1.47510884819217
1,26,3,"LEF outcome",0.932,0.927855711422846,1.26894945025447,0.940539511077178,1.49781174034806,1.20760109080023,0.895575337202792,1.39668087459493,1.26894945025447,0.940539511077178,1.49781174034806
1,26,3,"Sandwich",0.897897897897898,0.905811623246493,1.07547387327083,0.819365555588063,1.27159626298638,1.03760260218031,0.769282424611778,1.20325838588323,1.07547387327083,0.819365555588063,1.27159626298638
1,26,3,"Bootstrap",0.879,0.86986986986987,0.907655416257107,0.69187811494757,1.04837046471094,0.87422370038054,0.668660815831864,0.998798218975062,0.907655416257107,0.69187811494757,1.04837046471094
1,26,3,"Jackknife MVN",NA,NA,NA,NA,NA,NA,NA,NA,NA,NA,NA
1,26,3,"Jackknife Wald",NA,NA,NA,NA,NA,NA,NA,NA,NA,NA,NA
1,26,4,"LEF both",0.951,0.954909819639279,1.3703141391395,0.954908158848383,1.6537491885175,1.29715908731497,0.891068341694963,1.56709004688874,1.3703141391395,0.954908158848383,1.6537491885175
1,26,4,"LEF outcome",0.951,0.956913827655311,1.37858257864997,0.958464835533239,1.65555189730775,1.29845273303859,0.891485783494803,1.56781599080909,1.37858257864997,0.958464835533239,1.65555189730775
1,26,4,"Sandwich",0.870870870870871,0.860721442885772,1.10354442267977,0.739898165541536,1.33807031847625,1.04800406111643,0.681633943282353,1.25482668742429,1.10354442267977,0.739898165541536,1.33807031847625
1,26,4,"Bootstrap",0.865,0.852852852852853,0.864604025719827,0.596535730834899,1.04175819776906,0.820316066987992,0.554252757521719,0.981745599935075,0.864604025719827,0.596535730834899,1.04175819776906
1,26,4,"Jackknife MVN",NA,NA,NA,NA,NA,NA,NA,NA,NA,NA,NA
1,26,4,"Jackknife Wald",NA,NA,NA,NA,NA,NA,NA,NA,NA,NA,NA
1,27,0,"Sandwich",0.937246963562753,0.937246963562753,0.981159187856146,0.905994702817002,1.05360958393318,0.981159187856146,0.905994702817002,1.05360958393318,0.981159187856146,0.905994702817002,1.05360958393318
1,27,0,"Bootstrap",0.923,0.923,0.962899675716412,0.885121252922786,1.02696315713948,0.96304320558515,0.885170799020358,1.02858613039872,0.962899675716412,0.885121252922786,1.02696315713948
1,27,0,"LEF both",0.919,0.917,0.997660132148694,0.927818255002108,1.06510144669172,0.998990597116806,0.928463242862022,1.06838316253399,0.997660132148694,0.927818255002108,1.06510144669172
1,27,0,"LEF outcome",0.919,0.917,0.997660132148694,0.927818255002108,1.06510144669172,0.998990597116806,0.928463242862024,1.06838316253399,0.997660132148694,0.927818255002108,1.06510144669172
1,27,0,"Jackknife MVN",NA,NA,NA,NA,NA,NA,NA,NA,NA,NA,NA
1,27,0,"Jackknife Wald",NA,NA,NA,NA,NA,NA,NA,NA,NA,NA,NA
1,27,1,"Sandwich",0.915991902834008,0.915991902834008,1.01731376262414,0.752318409821166,1.18271752487951,1.01731376262414,0.752318409821166,1.18271752487951,1.01731376262414,0.752318409821166,1.18271752487951
1,27,1,"Bootstrap",0.865,0.865,0.901363932129449,0.667327425700228,1.05652011647509,0.899351000809286,0.668247450231474,1.0551076548951,0.901363932129449,0.667327425700228,1.05652011647509
1,27,1,"LEF outcome",0.823,0.822,1.15394305038631,0.82314440860171,1.33876277553294,1.14436737888143,0.820360669252891,1.33339710643262,1.15394305038631,0.82314440860171,1.33876277553294
1,27,1,"LEF both",0.822,0.822,1.14145337626081,0.81998669452671,1.3298515918641,1.14213273817798,0.820021171850451,1.32996503481644,1.14145337626081,0.81998669452671,1.3298515918641
1,27,1,"Jackknife MVN",NA,NA,NA,NA,NA,NA,NA,NA,NA,NA,NA
1,27,1,"Jackknife Wald",NA,NA,NA,NA,NA,NA,NA,NA,NA,NA,NA
1,27,2,"Sandwich",0.845141700404858,0.845141700404858,0.906899773328963,0.519752350635946,1.15053839114829,0.906899773328963,0.519752350635946,1.15053839114829,0.906899773328963,0.519752350635946,1.15053839114829
1,27,2,"Bootstrap",0.748,0.746,0.743734391842266,0.419561641960514,0.926359269877809,0.742262740056894,0.418899827308569,0.924351503369296,0.743734391842266,0.419561641960514,0.926359269877809
1,27,2,"LEF both",0.719,0.719,1.10303545977694,0.634382975523374,1.3968408117,1.10350462537177,0.635665858358127,1.39766593832604,1.10303545977694,0.634382975523374,1.3968408117
1,27,2,"LEF outcome",0.719,0.718,1.11763638453169,0.637468690956497,1.40914944913861,1.10595061146087,0.635622210691452,1.4010138223894,1.11763638453169,0.637468690956497,1.40914944913861
1,27,2,"Jackknife MVN",NA,NA,NA,NA,NA,NA,NA,NA,NA,NA,NA
1,27,2,"Jackknife Wald",NA,NA,NA,NA,NA,NA,NA,NA,NA,NA,NA
1,27,3,"Sandwich",0.748987854251012,0.748987854251012,0.711979551820102,0.314719151920799,0.944924839809698,0.711979551820102,0.314719151920799,0.944924839809698,0.711979551820102,0.314719151920799,0.944924839809698
1,27,3,"Bootstrap",0.613,0.614,0.607529067235971,0.250992880138478,0.765014153531168,0.606740903358358,0.250684008649915,0.763979645392696,0.607529067235971,0.250992880138478,0.765014153531168
1,27,3,"LEF both",0.59,0.589,0.852677104158715,0.396922051828751,1.15604108615971,0.852954540427959,0.397630381155042,1.15731780771603,0.852677104158715,0.396922051828751,1.15604108615971
1,27,3,"LEF outcome",0.59,0.589,0.862071015602155,0.399886853991669,1.17459026209108,0.854571786161501,0.398812152875786,1.16057550248444,0.862071015602155,0.399886853991669,1.17459026209108
1,27,3,"Jackknife MVN",NA,NA,NA,NA,NA,NA,NA,NA,NA,NA,NA
1,27,3,"Jackknife Wald",NA,NA,NA,NA,NA,NA,NA,NA,NA,NA,NA
1,27,4,"Sandwich",0.649797570850202,0.649797570850202,0.514945831646431,0.209130624257918,0.679191121639329,0.514945831646431,0.209130624257918,0.679191121639329,0.514945831646431,0.209130624257918,0.679191121639329
1,27,4,"LEF both",0.512,0.51,0.603297075329833,0.266106472133383,0.812881164440793,0.603517784416535,0.265681754022513,0.812104225779663,0.603297075329833,0.266106472133383,0.812881164440793
1,27,4,"LEF outcome",0.512,0.509,0.608974378222641,0.267025646341982,0.814186655339227,0.604540178628109,0.265927072704411,0.81324875990763,0.608974378222641,0.267025646341982,0.814186655339227
1,27,4,"Bootstrap",0.494,0.493,0.493383359618264,0.169089696974848,0.5624726901583,0.492888093014318,0.168845605535181,0.561415859072093,0.493383359618264,0.169089696974848,0.5624726901583
1,27,4,"Jackknife MVN",NA,NA,NA,NA,NA,NA,NA,NA,NA,NA,NA
1,27,4,"Jackknife Wald",NA,NA,NA,NA,NA,NA,NA,NA,NA,NA,NA
2,1,0,"LEF both",0.989,0.984,1.41457863773347,1.27341369873567,1.51194584917234,1.43245521527432,1.28754557621276,1.52737780653008,1.41457863773347,1.27341369873567,1.51194584917234
2,1,0,"LEF outcome",0.989,0.984,1.41457863773347,1.27341369873567,1.51194584917234,1.43245521527432,1.28754557621276,1.52737780653008,1.41457863773347,1.27341369873567,1.51194584917234
2,1,0,"Bootstrap",0.966,0.963,1.01476992442114,0.88788756609311,1.13992207139181,1.01748452034457,0.886907251758112,1.14399040743821,1.01476992442114,0.88788756609311,1.13992207139181
2,1,0,"Jackknife MVN",0.96028880866426,0.96028880866426,4.7744509427029,1.40288411122705,1.71495399697436,4.7744509427029,1.40288411122705,1.71495399697436,4.7744509427029,1.40288411122705,1.71495399697436
2,1,0,"Jackknife Wald",0.96,0.959,1.01828298698058,0.894960079198246,1.14923073604705,1.01655263214225,0.894347465536799,1.14706223932664,1.01828298698058,0.894960079198246,1.14923073604705
2,1,0,"Sandwich",0.951781970649895,0.951781970649895,1.20604086736161,1.10451724062296,1.30717105981985,1.20604086736161,1.10451724062296,1.30717105981985,1.20604086736161,1.10451724062296,1.30717105981985
2,1,1,"LEF both",0.99,0.986,1.49436540025764,0.980471031539023,1.8867168820272,1.51113637801666,0.998445538952869,1.89420488778614,1.49436540025764,0.980471031539023,1.8867168820272
2,1,1,"LEF outcome",0.989,0.986,1.55740036570549,0.984958268716627,1.99015315597699,1.52560368004332,0.998903055925455,1.9148309552296,1.55740036570549,0.984958268716627,1.99015315597699
2,1,1,"Jackknife MVN",0.98014440433213,0.98014440433213,7.06425647094698,1.17668913134271,14.2541370925727,7.06425647094698,1.17668913134271,14.2541370925727,7.06425647094698,1.17668913134271,14.2541370925727
2,1,1,"Bootstrap",0.949,0.942,0.974286693237696,0.744966572318274,1.15926095943453,0.973974481909848,0.751603245626316,1.15570386495543,0.974286693237696,0.744966572318274,1.15926095943453
2,1,1,"Jackknife Wald",0.946,0.936,0.990982172503589,0.761479310788385,1.17967602136117,0.989324883112659,0.768032000224148,1.17147641178587,0.990982172503589,0.761479310788385,1.17967602136117
2,1,1,"Sandwich",0.912997903563941,0.912997903563941,1.22226802290617,0.857829789117289,1.49718806545402,1.22226802290617,0.857829789117289,1.49718806545402,1.22226802290617,0.857829789117289,1.49718806545402
2,1,2,"LEF both",0.986,0.983,1.24842602241045,0.847999949722418,1.44499458562303,1.26128254346032,0.86397567912912,1.45358674006471,1.24842602241045,0.847999949722418,1.44499458562303
2,1,2,"LEF outcome",0.986,0.982,1.30284550361388,0.856373818929305,1.53253449926586,1.27368844317952,0.862729918221761,1.4707978892768,1.30284550361388,0.856373818929305,1.53253449926586
2,1,2,"Jackknife MVN",0.963898916967509,0.963898916967509,5.25558524091096,1.58376520114976,8.01953003966673,5.25558524091096,1.58376520114976,8.01953003966673,5.25558524091096,1.58376520114976,8.01953003966673
2,1,2,"Jackknife Wald",0.942,0.938,0.998968367760589,0.629983485499292,1.01935905320755,0.996692609786138,0.628656754474726,1.01537572799295,0.998968367760589,0.629983485499292,1.01935905320755
2,1,2,"Bootstrap",0.933,0.928,1.02133783871873,0.672575193825166,1.11227123051115,1.02033502416245,0.672855819343933,1.11267599789609,1.02133783871873,0.672575193825166,1.11227123051115
2,1,2,"Sandwich",0.859538784067086,0.859538784067086,1.04049421572867,0.715601100818398,1.14917318910339,1.04049421572867,0.715601100818398,1.14917318910339,1.04049421572867,0.715601100818398,1.14917318910339
2,1,3,"Jackknife MVN",0.956678700361011,0.956678700361011,2.61900430686786,1.17873896387855,3.55149696693939,2.61900430686786,1.17873896387855,3.55149696693939,2.61900430686786,1.17873896387855,3.55149696693939
2,1,3,"Jackknife Wald",0.951,0.948,0.962308480969664,0.375601615022783,0.835905720710351,0.960252713208321,0.378357338472533,0.830456973471755,0.962308480969664,0.375601615022783,0.835905720710351
2,1,3,"LEF outcome",0.949,0.947,0.690089584275968,0.50271342938268,0.804050323682551,0.679526718030338,0.501417318483584,0.773718268604529,0.690089584275968,0.50271342938268,0.804050323682551
2,1,3,"LEF both",0.948,0.945,0.666175145778846,0.491348153970958,0.759425230649604,0.674450710332654,0.501448200025486,0.771485416967622,0.666175145778846,0.491348153970958,0.759425230649604
2,1,3,"Bootstrap",0.875,0.875,0.784855701218174,0.416380579107368,0.956886212677419,0.785660088503324,0.415717454255501,0.962508103401972,0.784855701218174,0.416380579107368,0.956886212677419
2,1,3,"Sandwich",0.805031446540881,0.805031446540881,0.559500536281592,0.411291842925059,0.614065371501478,0.559500536281592,0.411291842925059,0.614065371501478,0.559500536281592,0.411291842925059,0.614065371501478
2,1,4,"Jackknife MVN",0.976534296028881,0.976534296028881,1.98668541465119,0.929355381578155,2.72968963229037,1.98668541465119,0.929355381578155,2.72968963229037,1.98668541465119,0.929355381578155,2.72968963229037
2,1,4,"Jackknife Wald",0.973,0.968,0.96141609885981,0.340603399909545,0.856375228564863,0.959608443673717,0.341256873136864,0.852674515513724,0.96141609885981,0.340603399909545,0.856375228564863
2,1,4,"LEF outcome",0.926,0.925,0.587064735304177,0.432491089983613,0.693815346232029,0.579771183109394,0.429788164483755,0.674856382398113,0.587064735304177,0.432491089983613,0.693815346232029
2,1,4,"LEF both",0.925,0.921,0.568701724533978,0.423447651047513,0.671492805482908,0.575857393038143,0.427141789475936,0.674625670209463,0.568701724533978,0.423447651047513,0.671492805482908
2,1,4,"Bootstrap",0.878,0.869,0.702037425443283,0.373607889943708,0.845284169932011,0.702749161655222,0.372204106660945,0.848891272775502,0.702037425443283,0.373607889943708,0.845284169932011
2,1,4,"Sandwich",0.820754716981132,0.820754716981132,0.481995577129512,0.348736667335546,0.55602919823608,0.481995577129512,0.348736667335546,0.55602919823608,0.481995577129512,0.348736667335546,0.55602919823608
2,2,0,"LEF both",0.995,0.991,1.38532277446709,1.23996300157836,1.45952216470144,1.40366883854791,1.24910403762987,1.48294778805571,1.38532277446709,1.23996300157836,1.45952216470144
2,2,0,"LEF outcome",0.995,0.991,1.38532277445946,1.23996300157836,1.45952216470144,1.4036688385404,1.24910403762987,1.48294778805571,1.38532277445946,1.23996300157836,1.45952216470144
2,2,0,"Jackknife MVN",0.985670419651996,0.985670419651996,3.84387693450948,1.39894277437634,1.79235909533667,3.84387693450948,1.39894277437634,1.79235909533667,3.84387693450948,1.39894277437634,1.79235909533667
2,2,0,"Sandwich",0.958144796380091,0.958144796380091,1.19412627577832,1.0889343845496,1.28214817669083,1.19412627577832,1.0889343845496,1.28214817669083,1.19412627577832,1.0889343845496,1.28214817669083
2,2,0,"Jackknife Wald",0.952,0.95,1.00794170550337,0.877945145316789,1.12080073793393,1.00406397891169,0.875069151021292,1.11659234219878,1.00794170550337,0.877945145316789,1.12080073793393
2,2,0,"Bootstrap",0.948,0.949,1.00325126407943,0.87880061297347,1.12079189814979,1.00314809361856,0.876670110901077,1.12113268723568,1.00325126407943,0.87880061297347,1.12079189814979
2,2,1,"LEF both",0.991,0.989,1.49719191550811,1.27035279946897,1.66177799843461,1.51330356243339,1.28335069560933,1.67735626342811,1.49719191550811,1.27035279946897,1.66177799843461
2,2,1,"LEF outcome",0.991,0.989,1.51783301865332,1.2847529525945,1.68914807539043,1.51682816950232,1.28481743462977,1.68278228029468,1.51783301865332,1.2847529525945,1.68914807539043
2,2,1,"Jackknife MVN",0.970317297850563,0.970317297850563,6.54603383966158,1.88281402243309,11.6711180186485,6.54603383966158,1.88281402243309,11.6711180186485,6.54603383966158,1.88281402243309,11.6711180186485
2,2,1,"Jackknife Wald",0.926,0.923,0.997646777132965,0.812237978965955,1.15222066389605,0.992936284474929,0.808433651923329,1.14861394265965,0.997646777132965,0.812237978965955,1.15222066389605
2,2,1,"Bootstrap",0.923,0.915,0.960262073361506,0.807738431088391,1.1057871598942,0.960436273735727,0.804588044406949,1.10537148790365,0.960262073361506,0.807738431088391,1.1057871598942
2,2,1,"Sandwich",0.907239819004525,0.907239819004525,1.24256572210967,1.08318453020846,1.36441031370996,1.24256572210967,1.08318453020846,1.36441031370996,1.24256572210967,1.08318453020846,1.36441031370996
2,2,2,"Jackknife MVN",0.958034800409417,0.958034800409417,5.07432345996896,2.61288903764525,6.61581429628747,5.07432345996896,2.61288903764525,6.61581429628747,5.07432345996896,2.61288903764525,6.61581429628747
2,2,2,"LEF outcome",0.954,0.949,1.23857438493423,0.936019406355735,1.50586840926539,1.23330533920907,0.939733701036995,1.49140346445524,1.23857438493423,0.936019406355735,1.50586840926539
2,2,2,"LEF both",0.953,0.947,1.21406399212067,0.914545290189872,1.47791550501144,1.22942276590189,0.937284282361132,1.48826619088891,1.21406399212067,0.914545290189872,1.47791550501144
2,2,2,"Jackknife Wald",0.9,0.897,1.01052387729047,0.668713852332785,1.25004267189185,1.00627874397932,0.666526049253959,1.2387938839488,1.01052387729047,0.668713852332785,1.25004267189185
2,2,2,"Sandwich",0.846153846153846,0.846153846153846,1.03324040460886,0.764748404363068,1.25972192568828,1.03324040460886,0.764748404363068,1.25972192568828,1.03324040460886,0.764748404363068,1.25972192568828
2,2,2,"Bootstrap",0.846,0.84,0.88479561465415,0.649065396592007,1.0793280463792,0.886543860131477,0.652572453748968,1.07879912293004,0.88479561465415,0.649065396592007,1.0793280463792
2,2,3,"Jackknife MVN",0.963152507676561,0.963152507676561,3.27024666536323,2.13870100532577,4.14034398747024,3.27024666536323,2.13870100532577,4.14034398747024,3.27024666536323,2.13870100532577,4.14034398747024
2,2,3,"Jackknife Wald",0.905,0.904,1.05111810663976,0.546031703338784,1.35455365346386,1.04679623474985,0.548957888865411,1.34247081179758,1.05111810663976,0.546031703338784,1.35455365346386
2,2,3,"LEF both",0.882,0.869,0.880742040851756,0.595161899462635,1.11928173919961,0.895213702625748,0.611234043536483,1.12931074514643,0.880742040851756,0.595161899462635,1.11928173919961
2,2,3,"LEF outcome",0.88,0.876,0.898609376692502,0.615407364274633,1.13605236849165,0.897813643307877,0.613998219730104,1.1308612633155,0.898609376692502,0.615407364274633,1.13605236849165
2,2,3,"Bootstrap",0.788,0.781,0.823082403856499,0.511180396142605,1.03656890020724,0.825678020056284,0.511191827251536,1.04095406866506,0.823082403856499,0.511180396142605,1.03656890020724
2,2,3,"Sandwich",0.760180995475113,0.760180995475113,0.766276772147947,0.493959770718942,0.978438210378814,0.766276772147947,0.493959770718942,0.978438210378814,0.766276772147947,0.493959770718942,0.978438210378814
2,2,4,"Jackknife MVN",0.965199590583419,0.965199590583419,2.18656365980886,1.53685258008516,2.75975784370966,2.18656365980886,1.53685258008516,2.75975784370966,2.18656365980886,1.53685258008516,2.75975784370966
2,2,4,"Jackknife Wald",0.902,0.903,1.02741417029574,0.424723350398907,1.28563560043111,1.02427842334442,0.418025522357127,1.29523722477493,1.02741417029574,0.424723350398907,1.28563560043111
2,2,4,"LEF both",0.807,0.796,0.593294796325705,0.39478827162491,0.750810853434678,0.606512413604064,0.40941218842004,0.762370503007155,0.593294796325705,0.39478827162491,0.750810853434678
2,2,4,"LEF outcome",0.805,0.802,0.605247138648434,0.403988836884233,0.764748777362957,0.608221674603009,0.411629131232269,0.765421570068487,0.605247138648434,0.403988836884233,0.764748777362957
2,2,4,"Bootstrap",0.763,0.758,0.725874134774356,0.399338971311886,0.946759314271675,0.728166903674033,0.401445615644574,0.949371349840153,0.725874134774356,0.399338971311886,0.946759314271675
2,2,4,"Sandwich",0.687782805429864,0.687782805429864,0.513490408971462,0.322505599561588,0.652524023127998,0.513490408971462,0.322505599561588,0.652524023127998,0.513490408971462,0.322505599561588,0.652524023127998
2,3,0,"LEF both",0.993,0.984,1.55275820561994,1.30275510115361,1.79079125689636,1.5736029524049,1.3189255934378,1.80651435745244,1.55275820561994,1.30275510115361,1.79079125689636
2,3,0,"LEF outcome",0.993,0.984,1.55275820544375,1.30275510115361,1.79079125689636,1.57360295248068,1.3189255934378,1.80651435745244,1.55275820544375,1.30275510115361,1.79079125689636
2,3,0,"Sandwich",0.945244956772334,0.945244956772334,1.3184942620873,1.15883800042868,1.46534697052126,1.3184942620873,1.15883800042868,1.46534697052126,1.3184942620873,1.15883800042868,1.46534697052126
2,3,0,"Jackknife MVN",0.897087378640777,0.897087378640777,6.87872060800575,1.73778459666602,16.8914784195314,6.87872060800575,1.73778459666602,16.8914784195314,6.87872060800575,1.73778459666602,16.8914784195314
2,3,0,"Jackknife Wald",0.861,0.862,0.970897890453264,0.755438561719853,1.19916713657232,0.965397749445036,0.751876914660926,1.18982772829196,0.970897890453264,0.755438561719853,1.19916713657232
2,3,0,"Bootstrap",0.856,0.857,0.965413893441692,0.755111808850299,1.17876413392333,0.966112949371639,0.754525996996772,1.18047191525711,0.965413893441692,0.755111808850299,1.17876413392333
2,3,1,"LEF both",0.961,0.956,1.01644348689313,0.652775234043062,1.36960546077395,1.02899429834603,0.665859330973185,1.37571142397906,1.01644348689313,0.652775234043062,1.36960546077395
2,3,1,"LEF outcome",0.96,0.955,1.03428094489253,0.653366189788142,1.39673934719273,1.03307782224599,0.665216114559682,1.37749905229167,1.03428094489253,0.653366189788142,1.39673934719273
2,3,1,"Sandwich",0.927953890489914,0.927953890489914,1.08642706683428,0.59144773924751,1.40894075365552,1.08642706683428,0.59144773924751,1.40894075365552,1.08642706683428,0.59144773924751,1.40894075365552
2,3,1,"Jackknife MVN",0.904854368932039,0.904854368932039,4.58920246376439,1.68695504105787,6.64012501509809,4.58920246376439,1.68695504105787,6.64012501509809,4.58920246376439,1.68695504105787,6.64012501509809
2,3,1,"Jackknife Wald",0.77,0.773,0.877226965300212,0.36751328963828,1.2572107736231,0.873056170616012,0.362029724038898,1.2505595274637,0.877226965300212,0.36751328963828,1.2572107736231
2,3,1,"Bootstrap",0.703,0.702,0.820476676792866,0.423520909742279,1.14762350843867,0.819969160920976,0.419349299234233,1.1381426387789,0.820476676792866,0.423520909742279,1.14762350843867
2,3,2,"Jackknife MVN",0.912621359223301,0.912621359223301,2.83665235115878,1.98050676540878,3.54258799283598,2.83665235115878,1.98050676540878,3.54258799283598,2.83665235115878,1.98050676540878,3.54258799283598
2,3,2,"LEF both",0.902,0.897,0.612265591063477,0.387365316172,0.788027608442233,0.622155893314285,0.395745325234548,0.797998409770539,0.612265591063477,0.387365316172,0.788027608442233
2,3,2,"LEF outcome",0.902,0.901,0.621946744078976,0.389495278876909,0.81116341553842,0.624211342148589,0.394643224314396,0.800377530842234,0.621946744078976,0.389495278876909,0.81116341553842
2,3,2,"Sandwich",0.755043227665706,0.755043227665706,0.678341378129095,0.345027299169467,0.844273512495967,0.678341378129095,0.345027299169467,0.844273512495967,0.678341378129095,0.345027299169467,0.844273512495967
2,3,2,"Jackknife Wald",0.702,0.704,0.944688321042418,0.228117922134795,1.08039351021577,0.94125777690476,0.226151361887825,1.07489374762108,0.944688321042418,0.228117922134795,1.08039351021577
2,3,2,"Bootstrap",0.56,0.56,0.865750128419632,0.434313567824449,1.15521547734883,0.866489821590222,0.432121020802236,1.15921816675512,0.865750128419632,0.434313567824449,1.15521547734883
2,3,3,"Jackknife MVN",0.912621359223301,0.912621359223301,2.12575159376652,1.62876002640078,2.67643095576462,2.12575159376652,1.62876002640078,2.67643095576462,2.12575159376652,1.62876002640078,2.67643095576462
2,3,3,"LEF both",0.865,0.848,0.516042640233849,0.336333490133481,0.658552292892278,0.525102890253997,0.345051299093229,0.66290724406601,0.516042640233849,0.336333490133481,0.658552292892278
2,3,3,"LEF outcome",0.865,0.853,0.522854680890853,0.33560013313591,0.671663233980803,0.526116606076968,0.343775348375991,0.666736982013378,0.522854680890853,0.33560013313591,0.671663233980803
2,3,3,"Jackknife Wald",0.741,0.741,1.19081456981226,0.234394659396867,1.59186043535108,1.18715988948759,0.23409444938766,1.57780106250725,1.19081456981226,0.234394659396867,1.59186043535108
2,3,3,"Sandwich",0.729106628242075,0.729106628242075,0.58134205480164,0.348424054552151,0.745341541821689,0.58134205480164,0.348424054552151,0.745341541821689,0.58134205480164,0.348424054552151,0.745341541821689
2,3,3,"Bootstrap",0.527,0.535,0.961136232262987,0.574653872371924,1.28488030242594,0.962483720966397,0.574468369711203,1.28821073054274,0.961136232262987,0.574653872371924,1.28488030242594
2,3,4,"Jackknife MVN",0.895145631067961,0.895145631067961,1.67908709942953,1.27090697617595,2.13619715053647,1.67908709942953,1.27090697617595,2.13619715053647,1.67908709942953,1.27090697617595,2.13619715053647
2,3,4,"LEF both",0.827,0.818,0.477453183817578,0.319644726103283,0.604976625880896,0.485031381481755,0.328527935394719,0.60810189684506,0.477453183817578,0.319644726103283,0.604976625880896
2,3,4,"LEF outcome",0.824,0.822,0.482614804816873,0.321761268998798,0.610807724331115,0.48547453951324,0.326431533667227,0.609285617712394,0.482614804816873,0.321761268998798,0.610807724331115
2,3,4,"Jackknife Wald",0.796,0.796,1.21834813319773,0.314153708183568,1.7302195720042,1.21501271747802,0.311248727882706,1.72569418213078,1.21834813319773,0.314153708183568,1.7302195720042
2,3,4,"Sandwich",0.772334293948127,0.772334293948127,0.542357314252032,0.363510901978965,0.673688490429495,0.542357314252032,0.363510901978965,0.673688490429495,0.542357314252032,0.363510901978965,0.673688490429495
2,3,4,"Bootstrap",0.546,0.554,0.918531820637568,0.585089045561911,1.21297466586325,0.919984140746411,0.588655690000766,1.21721328991096,0.918531820637568,0.585089045561911,1.21297466586325
2,4,0,"LEF both",0.993,0.984,1.27503579525879,1.13497811220606,1.38358108561336,1.29225068568099,1.15057280368993,1.40292726013163,1.27503579525879,1.13497811220606,1.38358108561336
2,4,0,"LEF outcome",0.993,0.984,1.27503579525879,1.13497811220606,1.38358108561336,1.29225068568099,1.15057280368993,1.40292726013163,1.27503579525879,1.13497811220606,1.38358108561336
2,4,0,"Jackknife MVN",0.970588235294118,0.970588235294118,2.58318475579561,1.24227682617093,1.51725487866057,2.58318475579561,1.24227682617093,1.51725487866057,2.58318475579561,1.24227682617093,1.51725487866057
2,4,0,"Bootstrap",0.97,0.961,1.00104744095195,0.884070355261212,1.11365343750866,1.00605999773643,0.892416946619532,1.11459466309439,1.00104744095195,0.884070355261212,1.11365343750866
2,4,0,"Jackknife Wald",0.964,0.961,1.00441819069333,0.884202523138499,1.11607544144736,1.00483171546793,0.888634750845021,1.11341791371475,1.00441819069333,0.884202523138499,1.11607544144736
2,4,0,"Sandwich",0.960416666666667,0.960416666666667,1.13836929315212,1.02718709004805,1.24023656152153,1.13836929315212,1.02718709004805,1.24023656152153,1.13836929315212,1.02718709004805,1.24023656152153
2,4,1,"LEF both",0.987,0.982,1.43036274256752,0.961334223108165,1.7646483236712,1.4475612657399,0.980712741392858,1.78008255444484,1.43036274256752,0.961334223108165,1.7646483236712
2,4,1,"LEF outcome",0.986,0.983,1.47785895968332,0.969037075802534,1.83703381554045,1.45519724293866,0.981221112175916,1.77437873926128,1.47785895968332,0.969037075802534,1.83703381554045
2,4,1,"Jackknife MVN",0.961397058823529,0.961397058823529,5.87157841257437,1.13476047938366,13.129351560038,5.87157841257437,1.13476047938366,13.129351560038,5.87157841257437,1.13476047938366,13.129351560038
2,4,1,"Bootstrap",0.954,0.951,0.969685724751693,0.750648851110768,1.13962966486584,0.970992647013648,0.757957718498217,1.12516733480323,0.969685724751693,0.750648851110768,1.13962966486584
2,4,1,"Jackknife Wald",0.954,0.95,0.979909203860226,0.760660015897866,1.14849595525303,0.980179357382039,0.766945522671757,1.14193306578623,0.979909203860226,0.760660015897866,1.14849595525303
2,4,1,"Sandwich",0.907291666666667,0.907291666666667,1.18530865441952,0.841215204347026,1.41603194869604,1.18530865441952,0.841215204347026,1.41603194869604,1.18530865441952,0.841215204347026,1.41603194869604
2,4,2,"LEF outcome",0.977,0.973,1.15341963189612,0.777119979095818,1.36569347630616,1.13315559559388,0.775264617332791,1.33173966149525,1.15341963189612,0.777119979095818,1.36569347630616
2,4,2,"LEF both",0.976,0.972,1.11514625714285,0.763941887544955,1.31023755063629,1.12698239751876,0.77741855487511,1.31799244984202,1.11514625714285,0.763941887544955,1.31023755063629
2,4,2,"Jackknife Wald",0.95,0.947,0.944551635225103,0.570895128761537,0.944088262670134,0.943544080577765,0.573007062992904,0.941898648543683,0.944551635225103,0.570895128761537,0.944088262670134
2,4,2,"Jackknife MVN",0.943014705882353,0.943014705882353,4.34146162255747,1.3882528847939,6.86412456270522,4.34146162255747,1.3882528847939,6.86412456270522,4.34146162255747,1.3882528847939,6.86412456270522
2,4,2,"Bootstrap",0.938,0.936,0.985190119316346,0.619753865006216,1.08199361373443,0.985890432553521,0.628384877922175,1.08825012043711,0.985190119316346,0.619753865006216,1.08199361373443
2,4,2,"Sandwich",0.85625,0.85625,0.931887819736406,0.647921365962774,1.04956174056197,0.931887819736406,0.647921365962774,1.04956174056197,0.931887819736406,0.647921365962774,1.04956174056197
2,4,3,"Jackknife Wald",0.961,0.958,0.91792023158235,0.327319296912997,0.799407922006632,0.916627115735434,0.328290270953211,0.79064048220117,0.91792023158235,0.327319296912997,0.799407922006632
2,4,3,"Jackknife MVN",0.944852941176471,0.944852941176471,1.95253712700597,0.819483787567408,2.81572431674766,1.95253712700597,0.819483787567408,2.81572431674766,1.95253712700597,0.819483787567408,2.81572431674766
2,4,3,"LEF both",0.929,0.928,0.566233868547979,0.414860385762877,0.65417062512934,0.572994188286803,0.419371827567298,0.657464180793217,0.566233868547979,0.414860385762877,0.65417062512934
2,4,3,"LEF outcome",0.928,0.931,0.583269383565927,0.419661197731026,0.680361999360955,0.575897637457273,0.417146673984387,0.666628256572292,0.583269383565927,0.419661197731026,0.680361999360955
2,4,3,"Bootstrap",0.881,0.876,0.70215605693092,0.367319108934843,0.853980059252224,0.70345717888669,0.371584242758779,0.852995249373032,0.70215605693092,0.367319108934843,0.853980059252224
2,4,3,"Sandwich",0.798958333333333,0.798958333333333,0.479883389690044,0.345241990428271,0.541221770556424,0.479883389690044,0.345241990428271,0.541221770556424,0.479883389690044,0.345241990428271,0.541221770556424
2,4,4,"Jackknife Wald",0.975,0.971,0.919248251277675,0.309370003097945,0.838335785424049,0.918148364707604,0.310843206444058,0.834651604963247,0.919248251277675,0.309370003097945,0.838335785424049
2,4,4,"Jackknife MVN",0.970588235294118,0.970588235294118,1.55050612423161,0.616233336186856,2.23194134256293,1.55050612423161,0.616233336186856,2.23194134256293,1.55050612423161,0.616233336186856,2.23194134256293
2,4,4,"LEF outcome",0.91,0.909,0.527684816542017,0.385767735951647,0.617948206544537,0.522365493468589,0.385735985845,0.605475810122915,0.527684816542017,0.385767735951647,0.617948206544537
2,4,4,"LEF both",0.907,0.904,0.514155919567899,0.379089167163327,0.595650764389157,0.520022514815569,0.385174566614616,0.600593964573528,0.514155919567899,0.379089167163327,0.595650764389157
2,4,4,"Bootstrap",0.873,0.871,0.654033412881752,0.344142278847548,0.786657429769336,0.655245322720756,0.347035510532223,0.794277432196443,0.654033412881752,0.344142278847548,0.786657429769336
2,4,4,"Sandwich",0.821875,0.821875,0.442629941015765,0.313341601665165,0.505505460199277,0.442629941015765,0.313341601665165,0.505505460199277,0.442629941015765,0.313341601665165,0.505505460199277
2,5,0,"LEF both",0.992,0.987,1.32645323197656,1.18377958749315,1.42694032563063,1.34559083995003,1.19771907714616,1.45166688132902,1.32645323197656,1.18377958749315,1.42694032563063
2,5,0,"LEF outcome",0.992,0.987,1.32645323196175,1.18377958749315,1.42694032563063,1.34559083993925,1.19771907714616,1.45166688132902,1.32645323196175,1.18377958749315,1.42694032563063
2,5,0,"Jackknife MVN",0.98546209761163,0.98546209761163,2.96967199215442,1.31973744664445,1.69054830747354,2.96967199215442,1.31973744664445,1.69054830747354,2.96967199215442,1.31973744664445,1.69054830747354
2,5,0,"Jackknife Wald",0.952,0.949,1.01611814458229,0.887453200995223,1.14034877290823,1.01403383324843,0.880580371179999,1.13492868134,1.01611814458229,0.887453200995223,1.14034877290823
2,5,0,"Bootstrap",0.951,0.95,1.0093222854036,0.882346376914128,1.12548387023637,1.0135747871677,0.882407472020404,1.13310451174088,1.0093222854036,0.882346376914128,1.12548387023637
2,5,0,"Sandwich",0.948198198198198,0.948198198198198,1.17113044360243,1.0458270681194,1.27096407977987,1.17113044360243,1.0458270681194,1.27096407977987,1.17113044360243,1.0458270681194,1.27096407977987
2,5,1,"LEF both",0.983,0.977,1.46052878166697,1.22367009885832,1.63865633277909,1.47607128593765,1.23232841382956,1.6476844951331,1.46052878166697,1.22367009885832,1.63865633277909
2,5,1,"LEF outcome",0.983,0.976,1.48684760668144,1.23889872818973,1.67942443658875,1.48050817181197,1.23432063813317,1.65526876654755,1.48684760668144,1.23889872818973,1.67942443658875
2,5,1,"Jackknife MVN",0.975077881619938,0.975077881619938,5.99447192399566,1.84926016243006,10.9719625249082,5.99447192399566,1.84926016243006,10.9719625249082,5.99447192399566,1.84926016243006,10.9719625249082
2,5,1,"Sandwich",0.933558558558559,0.933558558558559,1.24090306857981,1.05046931588161,1.40404795441622,1.24090306857981,1.05046931588161,1.40404795441622,1.24090306857981,1.05046931588161,1.40404795441622
2,5,1,"Jackknife Wald",0.914,0.916,1.03214825972165,0.81943155862006,1.2105117250569,1.02817001886477,0.816578146720361,1.20542392351238,1.03214825972165,0.81943155862006,1.2105117250569
2,5,1,"Bootstrap",0.912,0.907,0.987327349030832,0.808115584525492,1.14825983024978,0.9881607595385,0.809730112775396,1.14618952615476,0.987327349030832,0.808115584525492,1.14825983024978
2,5,2,"Jackknife MVN",0.960539979231568,0.960539979231568,4.88917039853276,2.58786564406199,6.40596787501949,4.88917039853276,2.58786564406199,6.40596787501949,4.88917039853276,2.58786564406199,6.40596787501949
2,5,2,"LEF outcome",0.95,0.942,1.25155608296496,0.907498948939116,1.53678556978599,1.24548422569366,0.912585079418121,1.52357109844196,1.25155608296496,0.907498948939116,1.53678556978599
2,5,2,"LEF both",0.949,0.939,1.22735393395288,0.893525584598657,1.50641013055235,1.2413600211613,0.911022536695413,1.51785037364684,1.22735393395288,0.893525584598657,1.50641013055235
2,5,2,"Jackknife Wald",0.903,0.906,1.05488526312899,0.696518895323299,1.32058456566011,1.0501883655375,0.692932648437935,1.31353639697137,1.05488526312899,0.696518895323299,1.32058456566011
2,5,2,"Sandwich",0.875,0.875,1.05973689401578,0.762251104253831,1.30148635687293,1.05973689401578,0.762251104253831,1.30148635687293,1.05973689401578,0.762251104253831,1.30148635687293
2,5,2,"Bootstrap",0.859,0.853,0.922479302356053,0.674182970573829,1.13914859459689,0.924551316787176,0.672982463339109,1.13687304302596,0.922479302356053,0.674182970573829,1.13914859459689
2,5,3,"Jackknife MVN",0.950155763239875,0.950155763239875,3.15248729029349,1.93949806329736,3.9950749349393,3.15248729029349,1.93949806329736,3.9950749349393,3.15248729029349,1.93949806329736,3.9950749349393
2,5,3,"Jackknife Wald",0.906,0.905,1.08089542575962,0.550651565880147,1.38247101406266,1.07641320945182,0.547551649784133,1.37351903788688,1.08089542575962,0.550651565880147,1.38247101406266
2,5,3,"LEF outcome",0.884,0.878,0.883283890110373,0.592643102617159,1.12001713055811,0.883267271637633,0.596646614190221,1.11172334070689,0.883283890110373,0.592643102617159,1.12001713055811
2,5,3,"LEF both",0.881,0.866,0.867036796503373,0.580199864008776,1.10167654380011,0.880579791712932,0.59296002589953,1.10785447400775,0.867036796503373,0.580199864008776,1.10167654380011
2,5,3,"Bootstrap",0.802,0.797,0.839249015118917,0.527053313698406,1.04660317536806,0.84220289929436,0.537627963042388,1.05738911453203,0.839249015118917,0.527053313698406,1.04660317536806
2,5,3,"Sandwich",0.792792792792793,0.792792792792793,0.763819340017317,0.501430588822753,0.993890730883673,0.763819340017317,0.501430588822753,0.993890730883673,0.763819340017317,0.501430588822753,0.993890730883673
2,5,4,"Jackknife MVN",0.949117341640706,0.949117341640706,2.24470045034251,1.48299456006505,2.83275244696943,2.24470045034251,1.48299456006505,2.83275244696943,2.24470045034251,1.48299456006505,2.83275244696943
2,5,4,"Jackknife Wald",0.903,0.904,1.1205954915317,0.440427219571248,1.42289792636262,1.11726372491018,0.441919143481887,1.41694894998664,1.1205954915317,0.440427219571248,1.42289792636262
2,5,4,"LEF both",0.804,0.786,0.61666828578453,0.404042033594631,0.789579291917953,0.630581422032144,0.421857859335698,0.794867861515715,0.61666828578453,0.404042033594631,0.789579291917953
2,5,4,"LEF outcome",0.804,0.79,0.628268958565103,0.413924123919552,0.800110021619884,0.632425282269996,0.423453492094346,0.795173871818629,0.628268958565103,0.413924123919552,0.800110021619884
2,5,4,"Bootstrap",0.779,0.775,0.785484377973896,0.426733392370116,1.00437081138224,0.788449238318808,0.427441639016374,1.00650604121805,0.785484377973896,0.426733392370116,1.00437081138224
2,5,4,"Sandwich",0.716216216216216,0.716216216216216,0.543441811072617,0.349716290597052,0.700279253497153,0.543441811072617,0.349716290597052,0.700279253497153,0.543441811072617,0.349716290597052,0.700279253497153
2,6,0,"LEF both",0.98,0.975,1.47568449281884,1.22328907807775,1.71635452020946,1.49459798231374,1.24145651455309,1.73048673301244,1.47568449281884,1.22328907807775,1.71635452020946
2,6,0,"LEF outcome",0.98,0.975,1.47568449281767,1.22328907807775,1.71635452020946,1.49459798214793,1.24145651455309,1.73048673301244,1.47568449281767,1.22328907807775,1.71635452020946
2,6,0,"Sandwich",0.933503836317136,0.933503836317136,1.29783663313264,1.10381444209781,1.46073809117512,1.29783663313264,1.10381444209781,1.46073809117512,1.29783663313264,1.10381444209781,1.46073809117512
2,6,0,"Jackknife MVN",0.878486055776892,0.878486055776892,5.85381181110319,1.60208587766344,15.5191725734779,5.85381181110319,1.60208587766344,15.5191725734779,5.85381181110319,1.60208587766344,15.5191725734779
2,6,0,"Jackknife Wald",0.865,0.865,0.992641875990791,0.760562434745089,1.2037674175413,0.988365300977253,0.752425690582601,1.19865391857879,0.992641875990791,0.760562434745089,1.2037674175413
2,6,0,"Bootstrap",0.851,0.854,0.976186933890029,0.769267901332714,1.18300741061962,0.977801217377828,0.762840654477235,1.18173103497826,0.976186933890029,0.769267901332714,1.18300741061962
2,6,1,"LEF outcome",0.933,0.921,1.05738995231946,0.668036429969096,1.3888042048272,1.0578362678198,0.680710994735964,1.36065514886823,1.05738995231946,0.668036429969096,1.3888042048272
2,6,1,"LEF both",0.932,0.923,1.03936535672433,0.666111323508416,1.34585576380422,1.05266708141585,0.680904988638691,1.35322012926556,1.03936535672433,0.666111323508416,1.34585576380422
2,6,1,"Jackknife MVN",0.888446215139442,0.888446215139442,4.6073775091423,1.88447518118441,6.59309798389751,4.6073775091423,1.88447518118441,6.59309798389751,4.6073775091423,1.88447518118441,6.59309798389751
2,6,1,"Sandwich",0.879795396419437,0.879795396419437,1.08724990792065,0.658764997814171,1.38401801507105,1.08724990792065,0.658764997814171,1.38401801507105,1.08724990792065,0.658764997814171,1.38401801507105
2,6,1,"Jackknife Wald",0.766,0.77,0.941909250183686,0.391171067987406,1.32825894971606,0.938726196622675,0.387645723146317,1.31620392387091,0.941909250183686,0.391171067987406,1.32825894971606
2,6,1,"Bootstrap",0.694,0.691,0.851425103805633,0.438343153089491,1.16701564546494,0.852181482706245,0.442264516792929,1.1669262675107,0.851425103805633,0.438343153089491,1.16701564546494
2,6,2,"Jackknife MVN",0.892430278884462,0.892430278884462,2.88862138713132,1.89898961678222,3.67594921397618,2.88862138713132,1.89898961678222,3.67594921397618,2.88862138713132,1.89898961678222,3.67594921397618
2,6,2,"LEF both",0.863,0.856,0.640767646173872,0.415327469893376,0.81663188759564,0.651305796201457,0.42316766898791,0.822058462761104,0.640767646173872,0.415327469893376,0.81663188759564
2,6,2,"LEF outcome",0.86,0.856,0.65087412294827,0.417369618616163,0.83110634425217,0.653670854218785,0.422625086535711,0.828357084236274,0.65087412294827,0.417369618616163,0.83110634425217
2,6,2,"Sandwich",0.731457800511509,0.731457800511509,0.692709324535827,0.398394329820724,0.890304934554956,0.692709324535827,0.398394329820724,0.890304934554956,0.692709324535827,0.398394329820724,0.890304934554956
2,6,2,"Jackknife Wald",0.689,0.691,0.948174481029616,0.259107659669061,1.19873849055597,0.945477036004361,0.255732712103145,1.19366681317451,0.948174481029616,0.259107659669061,1.19873849055597
2,6,2,"Bootstrap",0.548,0.549,0.856608458243167,0.438780536663705,1.14236709236694,0.857407037359483,0.439115604577642,1.14600005368251,0.856608458243167,0.438780536663705,1.14236709236694
2,6,3,"Jackknife MVN",0.886454183266932,0.886454183266932,2.04597541345091,1.64379275257692,2.53757087913053,2.04597541345091,1.64379275257692,2.53757087913053,2.04597541345091,1.64379275257692,2.53757087913053
2,6,3,"LEF both",0.808,0.801,0.500622038411773,0.331112749343127,0.635816937623943,0.509722279834112,0.341534772474976,0.641917187209121,0.500622038411773,0.331112749343127,0.635816937623943
2,6,3,"LEF outcome",0.806,0.803,0.507155169032729,0.333009009604181,0.644561763301691,0.510872251247685,0.341371543295013,0.64552889410621,0.507155169032729,0.333009009604181,0.644561763301691
2,6,3,"Jackknife Wald",0.742,0.744,1.10990223042632,0.251733497803326,1.44057038676462,1.10754886969681,0.250360259508567,1.43448973604853,1.10990223042632,0.251733497803326,1.44057038676462
2,6,3,"Sandwich",0.716112531969309,0.716112531969309,0.537626262949046,0.339000499662796,0.66452142620239,0.537626262949046,0.339000499662796,0.66452142620239,0.537626262949046,0.339000499662796,0.66452142620239
2,6,3,"Bootstrap",0.53,0.529,0.88412477096534,0.540359007994626,1.15297720253064,0.885188453779053,0.534740237481147,1.15663838910391,0.88412477096534,0.540359007994626,1.15297720253064
2,6,4,"Jackknife MVN",0.864541832669323,0.864541832669323,1.73450028492828,1.3297794811479,2.17295941071661,1.73450028492828,1.3297794811479,2.17295941071661,1.73450028492828,1.3297794811479,2.17295941071661
2,6,4,"LEF both",0.793,0.783,0.496055565267903,0.328455623063932,0.625767301631165,0.503967040296658,0.337663419325353,0.631434665320843,0.496055565267903,0.328455623063932,0.625767301631165
2,6,4,"LEF outcome",0.793,0.789,0.50120657558801,0.329470527156319,0.630528003784671,0.504587814498291,0.337236432106339,0.631782708239098,0.50120657558801,0.329470527156319,0.630528003784671
2,6,4,"Jackknife Wald",0.772,0.771,1.1943854247814,0.316241360493558,1.54650267776231,1.19201310383708,0.315666885836707,1.54056967369104,1.1943854247814,0.316241360493558,1.54650267776231
2,6,4,"Sandwich",0.759590792838875,0.759590792838875,0.544298503045568,0.384595397505345,0.67034702088032,0.544298503045568,0.384595397505345,0.67034702088032,0.544298503045568,0.384595397505345,0.67034702088032
2,6,4,"Bootstrap",0.55,0.548,0.902625034050423,0.595326774479937,1.17716842123691,0.903989712422655,0.597350547236395,1.17665390751871,0.902625034050423,0.595326774479937,1.17716842123691
2,7,0,"LEF both",0.986,0.982,1.11754267605998,0.999539175467361,1.22721129823388,1.13524868961825,1.01737533867633,1.24271043752883,1.11754267605998,0.999539175467361,1.22721129823388
2,7,0,"LEF outcome",0.986,0.982,1.11754267605998,0.99953917546736,1.22721129823388,1.13524868961825,1.01737533867632,1.24271043752883,1.11754267605998,0.99953917546736,1.22721129823388
2,7,0,"Jackknife MVN",0.97940074906367,0.97940074906367,1.35341527760467,1.05076310523165,1.27476793921384,1.35341527760467,1.05076310523165,1.27476793921384,1.35341527760467,1.05076310523165,1.27476793921384
2,7,0,"Bootstrap",0.962,0.954,0.984088516241926,0.86994407375131,1.08885668951539,0.99294579133495,0.880763177532029,1.09718490329967,0.984088516241926,0.86994407375131,1.08885668951539
2,7,0,"Jackknife Wald",0.96,0.952,0.987853929618736,0.871503356652895,1.08781347962514,0.99111095779706,0.875567779938667,1.09299386136626,0.987853929618736,0.871503356652895,1.08781347962514
2,7,0,"Sandwich",0.949064449064449,0.949064449064449,1.05881042674785,0.945550674588104,1.16147539227356,1.05881042674785,0.945550674588104,1.16147539227356,1.05881042674785,0.945550674588104,1.16147539227356
2,7,1,"LEF outcome",0.995,0.994,1.36320080789261,1.0170567529681,1.55511642152315,1.34074380682251,1.01617303634086,1.52772957549657,1.36320080789261,1.0170567529681,1.55511642152315
2,7,1,"LEF both",0.994,0.992,1.33018625940354,0.999910548633447,1.53558377962355,1.3423611435625,1.01697133523842,1.54498936657045,1.33018625940354,0.999910548633447,1.53558377962355
2,7,1,"Bootstrap",0.972,0.969,0.970164714038251,0.769943671637293,1.08628495355682,0.968431115251307,0.77025230258435,1.0770188291816,0.970164714038251,0.769943671637293,1.08628495355682
2,7,1,"Jackknife Wald",0.972,0.969,0.983414472901687,0.770102301842317,1.09038103219351,0.983439174887829,0.776436129634852,1.08551991076607,0.983414472901687,0.770102301842317,1.09038103219351
2,7,1,"Jackknife MVN",0.971910112359551,0.971910112359551,5.32554676589505,1.3862874058913,11.0791759274366,5.32554676589505,1.3862874058913,11.0791759274366,5.32554676589505,1.3862874058913,11.0791759274366
2,7,1,"Sandwich",0.932432432432432,0.932432432432432,1.12488340606302,0.874384388667865,1.26652233485355,1.12488340606302,0.874384388667865,1.26652233485355,1.12488340606302,0.874384388667865,1.26652233485355
2,7,2,"LEF outcome",0.977,0.978,1.06363525251349,0.780221514725002,1.23432178737707,1.04950736088992,0.772831833212134,1.2074862357738,1.06363525251349,0.780221514725002,1.23432178737707
2,7,2,"LEF both",0.976,0.975,1.04122445531793,0.762526532131881,1.19609340624385,1.05010207665221,0.772732545567405,1.20423247492149,1.04122445531793,0.762526532131881,1.19609340624385
2,7,2,"Jackknife Wald",0.972,0.967,0.956251246601059,0.581169041958457,0.94342214832741,0.955494886711686,0.586018089858162,0.940770034392513,0.956251246601059,0.581169041958457,0.94342214832741
2,7,2,"Jackknife MVN",0.971910112359551,0.971910112359551,3.86575428655892,1.42856712047292,5.63990531422094,3.86575428655892,1.42856712047292,5.63990531422094,3.86575428655892,1.42856712047292,5.63990531422094
2,7,2,"Bootstrap",0.949,0.943,0.952483974730714,0.616788969516875,1.07955152924483,0.952164565823281,0.616321849556735,1.07263311239032,0.952483974730714,0.616788969516875,1.07955152924483
2,7,2,"Sandwich",0.866943866943867,0.866943866943867,0.879144006788619,0.646143367115695,0.978432696289481,0.879144006788619,0.646143367115695,0.978432696289481,0.879144006788619,0.646143367115695,0.978432696289481
2,7,3,"Jackknife Wald",0.962,0.958,0.970831021380758,0.374793060366145,0.939087607079646,0.969456783394021,0.37570176279422,0.940567824772825,0.970831021380758,0.374793060366145,0.939087607079646
2,7,3,"Jackknife MVN",0.960674157303371,0.960674157303371,2.03836314926823,0.971321051433205,2.78077682007974,2.03836314926823,0.971321051433205,2.78077682007974,2.03836314926823,0.971321051433205,2.78077682007974
2,7,3,"LEF both",0.922,0.918,0.611123647137051,0.452677002833279,0.711327996743037,0.616989582310635,0.459429771396165,0.716123696500284,0.611123647137051,0.452677002833279,0.711327996743037
2,7,3,"LEF outcome",0.921,0.925,0.622835663701548,0.458960829618155,0.730689410975695,0.617272388428387,0.454600867293003,0.718646947247191,0.622835663701548,0.458960829618155,0.730689410975695
2,7,3,"Bootstrap",0.879,0.873,0.746411482361504,0.401321891392568,0.92478790249887,0.747265171526554,0.401520598946318,0.928439312728537,0.746411482361504,0.401321891392568,0.92478790249887
2,7,3,"Sandwich",0.82016632016632,0.82016632016632,0.525535053328477,0.379627967646649,0.590593316903067,0.525535053328477,0.379627967646649,0.590593316903067,0.525535053328477,0.379627967646649,0.590593316903067
2,7,4,"Jackknife MVN",0.9812734082397,0.9812734082397,1.67100841727531,0.713437622539883,2.33835512295685,1.67100841727531,0.713437622539883,2.33835512295685,1.67100841727531,0.713437622539883,2.33835512295685
2,7,4,"Jackknife Wald",0.956,0.953,0.972147688574124,0.354348106382557,0.966076974849773,0.970873509647327,0.354680823960361,0.958869277104176,0.972147688574124,0.354348106382557,0.966076974849773
2,7,4,"LEF both",0.898,0.895,0.562836948327697,0.415383105273164,0.657871034581155,0.568459269277644,0.421993138530571,0.663636280320524,0.562836948327697,0.415383105273164,0.657871034581155
2,7,4,"LEF outcome",0.898,0.897,0.572179061765483,0.422812310692953,0.669260392855425,0.568683200288657,0.420568815482637,0.66372106768127,0.572179061765483,0.422812310692953,0.669260392855425
2,7,4,"Bootstrap",0.883,0.875,0.703851232349831,0.383030310777877,0.882510946225279,0.704775480779325,0.384153165321611,0.87881058426461,0.703851232349831,0.383030310777877,0.882510946225279
2,7,4,"Sandwich",0.825363825363825,0.825363825363825,0.489456358096499,0.350619896563757,0.557074736024131,0.489456358096499,0.350619896563757,0.557074736024131,0.489456358096499,0.350619896563757,0.557074736024131
2,8,0,"LEF both",0.986,0.981,1.21014288276054,1.06855288239749,1.32915455099285,1.22722136112609,1.07976929951331,1.34515875988834,1.21014288276054,1.06855288239749,1.32915455099285
2,8,0,"LEF outcome",0.986,0.981,1.21014288276238,1.06855288239749,1.32915455099285,1.22722136112794,1.07976929951331,1.34515875988834,1.21014288276238,1.06855288239749,1.32915455099285
2,8,0,"Jackknife MVN",0.983388704318937,0.983388704318937,2.08419738496683,1.19824898808177,1.50680301677275,2.08419738496683,1.19824898808177,1.50680301677275,2.08419738496683,1.19824898808177,1.50680301677275
2,8,0,"Sandwich",0.960220994475138,0.960220994475138,1.11318801242765,0.987908930042781,1.22545735692773,1.11318801242765,0.987908930042781,1.22545735692773,1.11318801242765,0.987908930042781,1.22545735692773
2,8,0,"Jackknife Wald",0.944,0.942,1.02172313444248,0.872539762470403,1.16159071170661,1.02180228362281,0.869000044452759,1.1633860196054,1.02172313444248,0.872539762470403,1.16159071170661
2,8,0,"Bootstrap",0.939,0.927,1.00682978173551,0.865543113271801,1.13539953237751,1.01414662130149,0.870748529961974,1.15059077540503,1.00682978173551,0.865543113271801,1.13539953237751
2,8,1,"LEF both",0.976,0.971,1.26703487719641,1.03553544745607,1.45509375048326,1.27995007796863,1.04901281174498,1.46339727394735,1.26703487719641,1.03553544745607,1.45509375048326
2,8,1,"LEF outcome",0.976,0.972,1.2967835171053,1.04796757531555,1.50081274477895,1.28716891788304,1.0495310959426,1.47314235726024,1.2967835171053,1.04796757531555,1.50081274477895
2,8,1,"Jackknife MVN",0.971207087486157,0.971207087486157,4.83699185912714,1.63050386328969,8.79111532576798,4.83699185912714,1.63050386328969,8.79111532576798,4.83699185912714,1.63050386328969,8.79111532576798
2,8,1,"Sandwich",0.921546961325967,0.921546961325967,1.09991011646616,0.888867540041477,1.25904598818671,1.09991011646616,0.888867540041477,1.25904598818671,1.09991011646616,0.888867540041477,1.25904598818671
2,8,1,"Jackknife Wald",0.899,0.899,1.0058363834796,0.742058471932196,1.15951054459029,1.00262348277015,0.732481739869929,1.15369770042187,1.0058363834796,0.742058471932196,1.15951054459029
2,8,1,"Bootstrap",0.895,0.894,0.944058522953958,0.739981211112365,1.09925924511712,0.945394337782498,0.738609319703523,1.10055688141766,0.944058522953958,0.739981211112365,1.09925924511712
2,8,2,"Jackknife MVN",0.960132890365448,0.960132890365448,3.95997027422338,2.26743009581528,5.17981243375177,3.95997027422338,2.26743009581528,5.17981243375177,3.95997027422338,2.26743009581528,5.17981243375177
2,8,2,"LEF both",0.926,0.919,1.05839867630209,0.782567505711329,1.30697459916314,1.07107276038039,0.797939333856028,1.31713943723342,1.05839867630209,0.782567505711329,1.30697459916314
2,8,2,"LEF outcome",0.926,0.925,1.07797085664818,0.799428145967255,1.34230910262851,1.07517434538576,0.799327914756031,1.32543077754075,1.07797085664818,0.799428145967255,1.34230910262851
2,8,2,"Jackknife Wald",0.884,0.886,1.0516982126882,0.671800274454291,1.27945073437943,1.04821571551755,0.668392135134259,1.27428447239014,1.0516982126882,0.671800274454291,1.27945073437943
2,8,2,"Sandwich",0.846408839779005,0.846408839779005,0.930909305365021,0.673511163132719,1.15433932060999,0.930909305365021,0.673511163132719,1.15433932060999,0.930909305365021,0.673511163132719,1.15433932060999
2,8,2,"Bootstrap",0.842,0.84,0.884258558418181,0.652761410274649,1.06044389600839,0.887141894381281,0.655709312923354,1.05623672600535,0.884258558418181,0.652761410274649,1.06044389600839
2,8,3,"Jackknife MVN",0.957918050941307,0.957918050941307,2.64769217232246,1.74007469626736,3.35871951069398,2.64769217232246,1.74007469626736,3.35871951069398,2.64769217232246,1.74007469626736,3.35871951069398
2,8,3,"Jackknife Wald",0.885,0.886,1.10507390867557,0.564638076187083,1.43292975981375,1.10176559883366,0.56298796351282,1.42676748398717,1.10507390867557,0.564638076187083,1.43292975981375
2,8,3,"LEF both",0.83,0.821,0.783036102966065,0.544926546913895,0.974881560744098,0.795390508885226,0.557704853463675,0.986009206329869,0.783036102966065,0.544926546913895,0.974881560744098
2,8,3,"LEF outcome",0.827,0.827,0.793703217042047,0.554182876427215,0.996226094522244,0.79710839329285,0.558824538143895,0.985730555473808,0.793703217042047,0.554182876427215,0.996226094522244
2,8,3,"Bootstrap",0.785,0.782,0.823944092369575,0.522828843827114,1.06601783346753,0.827111532248972,0.529555415668138,1.06750499314677,0.823944092369575,0.522828843827114,1.06601783346753
2,8,3,"Sandwich",0.743646408839779,0.743646408839779,0.696025291480556,0.459349133245729,0.882064035680125,0.696025291480556,0.459349133245729,0.882064035680125,0.696025291480556,0.459349133245729,0.882064035680125
2,8,4,"Jackknife MVN",0.954595791805094,0.954595791805094,1.88717564744352,1.30633194751094,2.39349301480264,1.88717564744352,1.30633194751094,2.39349301480264,1.88717564744352,1.30633194751094,2.39349301480264
2,8,4,"Jackknife Wald",0.882,0.879,1.1426260142373,0.445062052991905,1.45211797720337,1.13965507716114,0.442353300200703,1.45282323534778,1.1426260142373,0.445062052991905,1.45211797720337
2,8,4,"Bootstrap",0.748,0.739,0.752226342252163,0.420956139787426,0.975143248454467,0.755060111506501,0.424649599617817,0.981703653472098,0.752226342252163,0.420956139787426,0.975143248454467
2,8,4,"LEF both",0.736,0.728,0.55191543900155,0.373418456733354,0.693684562428039,0.563867479662553,0.383407584516674,0.702032253224801,0.55191543900155,0.373418456733354,0.693684562428039
2,8,4,"LEF outcome",0.734,0.731,0.558851914313731,0.373757600300601,0.708041916266907,0.564844132354696,0.384045224390228,0.705582948372051,0.558851914313731,0.373757600300601,0.708041916266907
2,8,4,"Sandwich",0.664088397790055,0.664088397790055,0.493203339374181,0.317403857500348,0.627303753505794,0.493203339374181,0.317403857500348,0.627303753505794,0.493203339374181,0.317403857500348,0.627303753505794
2,9,0,"Sandwich",0.953545232273839,0.953545232273839,1.15998333344107,0.990298301027785,1.30553494916401,1.15998333344107,0.990298301027785,1.30553494916401,1.15998333344107,0.990298301027785,1.30553494916401
2,9,0,"LEF both",0.941,0.929,1.28401682145523,1.0562387136134,1.53157351043594,1.3005430895219,1.07436988568123,1.55144152192076,1.28401682145523,1.0562387136134,1.53157351043594
2,9,0,"LEF outcome",0.941,0.929,1.28401682110078,1.0562387136134,1.53157351043594,1.30054308948424,1.07436988568123,1.55144152192076,1.28401682110078,1.0562387136134,1.53157351043594
2,9,0,"Jackknife MVN",0.851851851851852,0.851851851851852,5.0882829894685,1.39688729325763,12.7852984817474,5.0882829894685,1.39688729325763,12.7852984817474,5.0882829894685,1.39688729325763,12.7852984817474
2,9,0,"Jackknife Wald",0.849,0.85,0.97722970315727,0.739711738294813,1.21500829114987,0.976271875089208,0.737133837054991,1.21032275374944,0.97722970315727,0.739711738294813,1.21500829114987
2,9,0,"Bootstrap",0.835,0.828,0.933456743772254,0.726536919823562,1.14243343588499,0.938138296019782,0.729923269676143,1.155853330614,0.933456743772254,0.726536919823562,1.14243343588499
2,9,1,"Sandwich",0.889975550122249,0.889975550122249,0.977254412757038,0.572220318931051,1.24187760930437,0.977254412757038,0.572220318931051,1.24187760930437,0.977254412757038,0.572220318931051,1.24187760930437
2,9,1,"LEF outcome",0.889,0.881,0.943648727324845,0.615600948876189,1.23319079153961,0.945632367353236,0.625960063999984,1.23141155473598,0.943648727324845,0.615600948876189,1.23319079153961
2,9,1,"LEF both",0.887,0.878,0.927983401470371,0.613890920624594,1.20951563536487,0.939933340065961,0.626114299581641,1.22310653800053,0.927983401470371,0.613890920624594,1.20951563536487
2,9,1,"Jackknife MVN",0.864197530864197,0.864197530864197,3.79938051659482,1.45160467019551,5.6760868068422,3.79938051659482,1.45160467019551,5.6760868068422,3.79938051659482,1.45160467019551,5.6760868068422
2,9,1,"Jackknife Wald",0.767,0.768,0.893922110298073,0.397491398493832,1.21451855807331,0.892154083543488,0.396279290466022,1.20692210851386,0.893922110298073,0.397491398493832,1.21451855807331
2,9,1,"Bootstrap",0.696,0.69,0.793689661443384,0.438505460203316,1.0485534719584,0.795787774729803,0.437435105962708,1.04834572277503,0.793689661443384,0.438505460203316,1.0485534719584
2,9,2,"Jackknife MVN",0.87037037037037,0.87037037037037,2.59332836545673,1.61183521645604,3.34182721413996,2.59332836545673,1.61183521645604,3.34182721413996,2.59332836545673,1.61183521645604,3.34182721413996
2,9,2,"LEF both",0.827,0.806,0.625878132861122,0.412649907778358,0.786800057192171,0.635957099796741,0.421370652912631,0.799940813981588,0.625878132861122,0.412649907778358,0.786800057192171
2,9,2,"LEF outcome",0.824,0.814,0.633703780535305,0.412011275361842,0.808124867352889,0.638400929641212,0.421093593929692,0.804504785334051,0.633703780535305,0.412011275361842,0.808124867352889
2,9,2,"Sandwich",0.694376528117359,0.694376528117359,0.667460287370363,0.376737183887575,0.853753077417744,0.667460287370363,0.376737183887575,0.853753077417744,0.667460287370363,0.376737183887575,0.853753077417744
2,9,2,"Jackknife Wald",0.691,0.693,0.918450674978119,0.2742270178676,1.19494170235232,0.916357447434582,0.272358197120308,1.19297199734178,0.918450674978119,0.2742270178676,1.19494170235232
2,9,2,"Bootstrap",0.552,0.552,0.783288063448678,0.403378170303009,1.03891307164109,0.785252907020242,0.403513922552477,1.04218885283512,0.783288063448678,0.403378170303009,1.03891307164109
2,9,3,"Jackknife MVN",0.843621399176955,0.843621399176955,1.94447775293171,1.40139286109756,2.46243767387658,1.94447775293171,1.40139286109756,2.46243767387658,1.94447775293171,1.40139286109756,2.46243767387658
2,9,3,"LEF both",0.775,0.757,0.508566978554902,0.340408323580608,0.636756594692156,0.517557093470217,0.355606567989372,0.642167266461151,0.508566978554902,0.340408323580608,0.636756594692156
2,9,3,"LEF outcome",0.771,0.758,0.513652803666811,0.343962261343176,0.641829502780858,0.518649994030041,0.354556860530967,0.643339503995052,0.513652803666811,0.343962261343176,0.641829502780858
2,9,3,"Jackknife Wald",0.733,0.735,1.09346461578909,0.280468621857004,1.53497183370135,1.09096419138522,0.280109482888613,1.53401024230631,1.09346461578909,0.280468621857004,1.53497183370135
2,9,3,"Sandwich",0.662591687041565,0.662591687041565,0.535331636170951,0.336539289425614,0.679947176486037,0.535331636170951,0.336539289425614,0.679947176486037,0.535331636170951,0.336539289425614,0.679947176486037
2,9,3,"Bootstrap",0.495,0.496,0.83164408477021,0.515940680394936,1.08241809361319,0.833282011945546,0.516296594697286,1.08458071647165,0.83164408477021,0.515940680394936,1.08241809361319
2,9,4,"Jackknife MVN",0.837448559670782,0.837448559670782,1.58341002377019,1.16977299559604,2.02626034651974,1.58341002377019,1.16977299559604,2.02626034651974,1.58341002377019,1.16977299559604,2.02626034651974
2,9,4,"Jackknife Wald",0.769,0.77,1.1944919628889,0.339738369417056,1.73997202663153,1.19231556473202,0.339404676780244,1.73648978647511,1.1944919628889,0.339738369417056,1.73997202663153
2,9,4,"LEF both",0.727,0.718,0.471378702804358,0.314498488410478,0.594649804245438,0.479820720267423,0.322821485577338,0.602450966658324,0.471378702804358,0.314498488410478,0.594649804245438
2,9,4,"LEF outcome",0.726,0.72,0.474887054426663,0.314086207231987,0.60168617306754,0.480417951865691,0.321451915858253,0.603918703733987,0.474887054426663,0.314086207231987,0.60168617306754
2,9,4,"Sandwich",0.694376528117359,0.694376528117359,0.505888423150152,0.327585645195456,0.631289745539371,0.505888423150152,0.327585645195456,0.631289745539371,0.505888423150152,0.327585645195456,0.631289745539371
2,9,4,"Bootstrap",0.513,0.512,0.822522849932705,0.549662598602699,1.07099545589423,0.824103345152864,0.549026304821258,1.06596548644009,0.822522849932705,0.549662598602699,1.07099545589423
2,10,0,"LEF both",0.972,0.97,1.08847230458928,1.02988740220998,1.14088960093514,1.09291015801583,1.03346694152696,1.14481210180271,1.08847230458928,1.02988740220998,1.14088960093514
2,10,0,"LEF outcome",0.972,0.97,1.08847230458929,1.02988740220998,1.14088960093514,1.09291015801583,1.03346694152696,1.14481210180271,1.08847230458929,1.02988740220998,1.14088960093514
2,10,0,"Bootstrap",0.958,0.957,1.0346662979099,0.972256059989536,1.0903997788156,1.03686528826074,0.975303901459276,1.09165265883977,1.0346662979099,0.972256059989536,1.0903997788156
2,10,0,"Sandwich",0.953,0.953,1.0673963820407,1.00936226930186,1.12755401390001,1.0673963820407,1.00936226930186,1.12755401390001,1.0673963820407,1.00936226930186,1.12755401390001
2,10,0,"Jackknife MVN",NA,NA,NA,NA,NA,NA,NA,NA,NA,NA,NA
2,10,0,"Jackknife Wald",NA,NA,NA,NA,NA,NA,NA,NA,NA,NA,NA
2,10,1,"LEF both",0.967,0.966,1.24030271635274,1.13724925941078,1.3135704513978,1.24400921787943,1.14059807756096,1.31739473829059,1.24030271635274,1.13724925941078,1.3135704513978
2,10,1,"LEF outcome",0.967,0.965,1.24948432118601,1.14327475589307,1.3210965666215,1.24661262225618,1.14203597900329,1.32048048438189,1.24948432118601,1.14327475589307,1.3210965666215
2,10,1,"Sandwich",0.959,0.959,1.12233716922278,1.04029296959418,1.19924271869272,1.12233716922278,1.04029296959418,1.19924271869272,1.12233716922278,1.04029296959418,1.19924271869272
2,10,1,"Bootstrap",0.957,0.956,1.02243132399727,0.936019923751666,1.10483097520315,1.02311631676362,0.937594670895631,1.10343785955735,1.02243132399727,0.936019923751666,1.10483097520315
2,10,1,"Jackknife MVN",NA,NA,NA,NA,NA,NA,NA,NA,NA,NA,NA
2,10,1,"Jackknife Wald",NA,NA,NA,NA,NA,NA,NA,NA,NA,NA,NA
2,10,2,"LEF both",0.944,0.938,1.46126685973284,0.844281314265589,1.85892310937935,1.4644104343809,0.849206420053699,1.86448645005796,1.46126685973284,0.844281314265589,1.85892310937935
2,10,2,"LEF outcome",0.944,0.938,1.51017523421725,0.851126218234469,1.9250633798712,1.4709616916941,0.849783792426165,1.87118949485857,1.51017523421725,0.851126218234469,1.9250633798712
2,10,2,"Bootstrap",0.921,0.917,0.965466543011818,0.726824036740054,1.13057014831324,0.963319502100922,0.72921939815871,1.12716072950879,0.965466543011818,0.726824036740054,1.13057014831324
2,10,2,"Sandwich",0.914,0.914,1.19294731937905,0.789009379052435,1.45586828025324,1.19294731937905,0.789009379052435,1.45586828025324,1.19294731937905,0.789009379052435,1.45586828025324
2,10,2,"Jackknife MVN",NA,NA,NA,NA,NA,NA,NA,NA,NA,NA,NA
2,10,2,"Jackknife Wald",NA,NA,NA,NA,NA,NA,NA,NA,NA,NA,NA
2,10,3,"LEF both",0.916,0.915,1.08527178377262,0.598870860920385,1.27504559839963,1.087271313812,0.601968759900194,1.27276419375576,1.08527178377262,0.598870860920385,1.27504559839963
2,10,3,"LEF outcome",0.916,0.915,1.12240172742492,0.611131752738184,1.31698337024198,1.09146630151309,0.604510488587204,1.28604176758391,1.12240172742492,0.611131752738184,1.31698337024198
2,10,3,"Bootstrap",0.867,0.868,0.81735662526925,0.477832232378112,0.811700552478059,0.815361647415208,0.480613627302557,0.810151292302409,0.81735662526925,0.477832232378112,0.811700552478059
2,10,3,"Sandwich",0.839,0.839,0.911937787319321,0.527437847342831,1.01817233684007,0.911937787319321,0.527437847342831,1.01817233684007,0.911937787319321,0.527437847342831,1.01817233684007
2,10,3,"Jackknife MVN",NA,NA,NA,NA,NA,NA,NA,NA,NA,NA,NA
2,10,3,"Jackknife Wald",NA,NA,NA,NA,NA,NA,NA,NA,NA,NA,NA
2,10,4,"LEF both",0.921,0.917,0.406411996938037,0.25605935643523,0.479916460493514,0.407301269550031,0.256750881359838,0.479710185270478,0.406411996938037,0.25605935643523,0.479916460493514
2,10,4,"LEF outcome",0.921,0.919,0.417781079031844,0.259626638708936,0.503844339778904,0.408574139356267,0.256593085959171,0.479522858162168,0.417781079031844,0.259626638708936,0.503844339778904
2,10,4,"Bootstrap",0.805,0.799,0.478315131980112,0.203069783016776,0.498859748147901,0.477887109982793,0.203371441943256,0.489268142054481,0.478315131980112,0.203069783016776,0.498859748147901
2,10,4,"Sandwich",0.786,0.786,0.344230903792475,0.214654477778165,0.378107198556216,0.344230903792475,0.214654477778165,0.378107198556216,0.344230903792475,0.214654477778165,0.378107198556216
2,10,4,"Jackknife MVN",NA,NA,NA,NA,NA,NA,NA,NA,NA,NA,NA
2,10,4,"Jackknife Wald",NA,NA,NA,NA,NA,NA,NA,NA,NA,NA,NA
2,11,0,"LEF both",0.962,0.962,1.04709904379475,0.990291697375412,1.10113356977926,1.0510199310025,0.992789404404507,1.10519962913987,1.04709904379475,0.990291697375412,1.10113356977926
2,11,0,"LEF outcome",0.962,0.962,1.04709904379475,0.990291697375413,1.10113356977926,1.0510199310025,0.992789404404507,1.10519962913987,1.04709904379475,0.990291697375413,1.10113356977926
2,11,0,"Sandwich",0.952668680765357,0.952668680765357,1.02806722879772,0.972582732839826,1.08092203028929,1.02806722879772,0.972582732839826,1.08092203028929,1.02806722879772,0.972582732839826,1.08092203028929
2,11,0,"Bootstrap",0.946,0.945,0.995642384591015,0.939225757002775,1.05125379963662,0.997243344726175,0.940061746384881,1.05152545299759,0.995642384591015,0.939225757002775,1.05125379963662
2,11,0,"Jackknife MVN",NA,NA,NA,NA,NA,NA,NA,NA,NA,NA,NA
2,11,0,"Jackknife Wald",NA,NA,NA,NA,NA,NA,NA,NA,NA,NA,NA
2,11,1,"LEF both",0.951,0.953,1.07044275043567,1.00390954045613,1.12980790140507,1.07395261424837,1.00635581666568,1.13710922123878,1.07044275043567,1.00390954045613,1.12980790140507
2,11,1,"LEF outcome",0.951,0.953,1.07322048801431,1.00599465836165,1.13338573744143,1.07438452881772,1.0064185509859,1.1375390780896,1.07322048801431,1.00599465836165,1.13338573744143
2,11,1,"Sandwich",0.944612286002014,0.944612286002014,1.03593799008457,0.975124858432912,1.09747796894305,1.03593799008457,0.975124858432912,1.09747796894305,1.03593799008457,0.975124858432912,1.09747796894305
2,11,1,"Bootstrap",0.936,0.937,0.982803654023859,0.911905582383257,1.04579906263033,0.983695081741448,0.911493495737897,1.0476898821345,0.982803654023859,0.911905582383257,1.04579906263033
2,11,1,"Jackknife MVN",NA,NA,NA,NA,NA,NA,NA,NA,NA,NA,NA
2,11,1,"Jackknife Wald",NA,NA,NA,NA,NA,NA,NA,NA,NA,NA,NA
2,11,2,"LEF both",0.974,0.972,1.22013264585578,1.1118833331196,1.29420700390208,1.22306610582422,1.11360784133075,1.29695825504383,1.22013264585578,1.1118833331196,1.29420700390208
2,11,2,"LEF outcome",0.974,0.973,1.22980089372064,1.11920579768022,1.30354447242674,1.22432490886397,1.11363448000887,1.29806194132028,1.22980089372064,1.11920579768022,1.30354447242674
2,11,2,"Sandwich",0.952668680765357,0.952668680765357,1.11089370579677,1.02258465050481,1.18658195163443,1.11089370579677,1.02258465050481,1.18658195163443,1.11089370579677,1.02258465050481,1.18658195163443
2,11,2,"Bootstrap",0.931,0.932,0.999746786448696,0.905092673135288,1.09341261518122,0.999539491791279,0.904840817209574,1.09080775171997,0.999746786448696,0.905092673135288,1.09341261518122
2,11,2,"Jackknife MVN",NA,NA,NA,NA,NA,NA,NA,NA,NA,NA,NA
2,11,2,"Jackknife Wald",NA,NA,NA,NA,NA,NA,NA,NA,NA,NA,NA
2,11,3,"LEF both",0.977,0.975,1.3876317167271,1.2024231935074,1.53523858354174,1.39033516745815,1.20351593325071,1.5384512638632,1.3876317167271,1.2024231935074,1.53523858354174
2,11,3,"LEF outcome",0.977,0.977,1.40274445251786,1.21548850356447,1.5534126867747,1.39228819602297,1.20433826083277,1.54068501617742,1.40274445251786,1.21548850356447,1.5534126867747
2,11,3,"Sandwich",0.927492447129909,0.927492447129909,1.16309045720986,1.01492268235794,1.2913593960262,1.16309045720986,1.01492268235794,1.2913593960262,1.16309045720986,1.01492268235794,1.2913593960262
2,11,3,"Bootstrap",0.909,0.906,0.968745390057808,0.815295343306345,1.0976465819336,0.968261403407998,0.814620112419876,1.09828165944976,0.968745390057808,0.815295343306345,1.0976465819336
2,11,3,"Jackknife MVN",NA,NA,NA,NA,NA,NA,NA,NA,NA,NA,NA
2,11,3,"Jackknife Wald",NA,NA,NA,NA,NA,NA,NA,NA,NA,NA,NA
2,11,4,"LEF both",0.923,0.922,1.08734168780052,0.788756293343869,1.35726243335432,1.09034892989696,0.79232519150969,1.35983571984162,1.08734168780052,0.788756293343869,1.35726243335432
2,11,4,"LEF outcome",0.923,0.923,1.09906899126272,0.79658525541893,1.37253816916694,1.09172128873152,0.792890184498207,1.36272719611607,1.09906899126272,0.79658525541893,1.37253816916694
2,11,4,"Bootstrap",0.843,0.841,0.856742466820271,0.617044514069305,1.05706870563954,0.856471638432082,0.617161815448664,1.0543032481437,0.856742466820271,0.617044514069305,1.05706870563954
2,11,4,"Sandwich",0.807653575025176,0.807653575025176,0.910801138122959,0.661790618137258,1.13072834713487,0.910801138122959,0.661790618137258,1.13072834713487,0.910801138122959,0.661790618137258,1.13072834713487
2,11,4,"Jackknife MVN",NA,NA,NA,NA,NA,NA,NA,NA,NA,NA,NA
2,11,4,"Jackknife Wald",NA,NA,NA,NA,NA,NA,NA,NA,NA,NA,NA
2,12,0,"Sandwich",0.935340022296544,0.935340022296544,1.04555648411251,0.962761730940517,1.12289127322863,1.04555648411251,0.962761730940517,1.12289127322863,1.04555648411251,0.962761730940517,1.12289127322863
2,12,0,"LEF both",0.935,0.934,1.08477923808949,1.00411945741298,1.16686750423498,1.08825265917407,1.0091866499923,1.17057670250895,1.08477923808949,1.00411945741298,1.16686750423498
2,12,0,"LEF outcome",0.935,0.934,1.08477923808949,1.00411945741298,1.16686750423497,1.08825265917407,1.0091866499923,1.17057670250895,1.08477923808949,1.00411945741298,1.16686750423497
2,12,0,"Bootstrap",0.926,0.927,0.982354704744905,0.90062519914279,1.07137959190457,0.984380704977253,0.901920927430264,1.07441978579881,0.982354704744905,0.90062519914279,1.07137959190457
2,12,0,"Jackknife MVN",NA,NA,NA,NA,NA,NA,NA,NA,NA,NA,NA
2,12,0,"Jackknife Wald",NA,NA,NA,NA,NA,NA,NA,NA,NA,NA,NA
2,12,1,"Sandwich",0.919732441471572,0.919732441471572,1.11598295503533,0.998583658411939,1.2535484300877,1.11598295503533,0.998583658411939,1.2535484300877,1.11598295503533,0.998583658411939,1.2535484300877
2,12,1,"Bootstrap",0.856,0.858,0.924250153055855,0.757618075159102,1.10252947901325,0.923281301842799,0.755262336995299,1.09918114631184,0.924250153055855,0.757618075159102,1.10252947901325
2,12,1,"LEF both",0.842,0.838,1.26076798935809,1.1242978112328,1.45990231597163,1.26287077075322,1.12579358888221,1.46482160589034,1.26076798935809,1.1242978112328,1.45990231597163
2,12,1,"LEF outcome",0.842,0.839,1.28143168979728,1.14330435055003,1.48139374309657,1.26583570999416,1.12800129572028,1.46628823289606,1.28143168979728,1.14330435055003,1.48139374309657
2,12,1,"Jackknife MVN",NA,NA,NA,NA,NA,NA,NA,NA,NA,NA,NA
2,12,1,"Jackknife Wald",NA,NA,NA,NA,NA,NA,NA,NA,NA,NA,NA
2,12,2,"Sandwich",0.874024526198439,0.874024526198439,0.93887588984929,0.540588396902008,1.33423980756408,0.93887588984929,0.540588396902008,1.33423980756408,0.93887588984929,0.540588396902008,1.33423980756408
2,12,2,"Bootstrap",0.726,0.724,0.78584492040344,0.403126003394385,1.15464015573987,0.78406690701042,0.402751015348727,1.14976866531161,0.78584492040344,0.403126003394385,1.15464015573987
2,12,2,"LEF both",0.725,0.724,1.02220532697921,0.623634411929882,1.45952384194101,1.02354762981929,0.624601099089545,1.46157407275071,1.02220532697921,0.623634411929882,1.45952384194101
2,12,2,"LEF outcome",0.725,0.725,1.04642436084882,0.634401214256237,1.50226858265105,1.02706849915161,0.625551879101444,1.4667815934931,1.04642436084882,0.634401214256237,1.50226858265105
2,12,2,"Jackknife MVN",NA,NA,NA,NA,NA,NA,NA,NA,NA,NA,NA
2,12,2,"Jackknife Wald",NA,NA,NA,NA,NA,NA,NA,NA,NA,NA,NA
2,12,3,"Sandwich",0.771460423634337,0.771460423634337,0.645023922512389,0.324438804233045,0.856818242229695,0.645023922512389,0.324438804233045,0.856818242229695,0.645023922512389,0.324438804233045,0.856818242229695
2,12,3,"LEF both",0.607,0.608,0.683734015568042,0.380248818561454,0.939020739238183,0.684804610014167,0.381657056624028,0.93993443656953,0.683734015568042,0.380248818561454,0.939020739238183
2,12,3,"LEF outcome",0.607,0.608,0.698443883235685,0.385725043104669,0.962219893010869,0.687130963057267,0.382049266651633,0.942896453456951,0.698443883235685,0.385725043104669,0.962219893010869
2,12,3,"Bootstrap",0.573,0.57,0.662630699515767,0.273746150155471,0.825857806901004,0.661380002664182,0.27280221665703,0.822585408911614,0.662630699515767,0.273746150155471,0.825857806901004
2,12,3,"Jackknife MVN",NA,NA,NA,NA,NA,NA,NA,NA,NA,NA,NA
2,12,3,"Jackknife Wald",NA,NA,NA,NA,NA,NA,NA,NA,NA,NA,NA
2,12,4,"Sandwich",0.641025641025641,0.641025641025641,0.465123336859795,0.242265286510869,0.601121529074712,0.465123336859795,0.242265286510869,0.601121529074712,0.465123336859795,0.242265286510869,0.601121529074712
2,12,4,"LEF outcome",0.582,0.576,0.508127426592647,0.292037408051881,0.675816289305258,0.500972506384163,0.290089590722651,0.667690241392152,0.508127426592647,0.292037408051881,0.675816289305258
2,12,4,"LEF both",0.581,0.577,0.498513357781364,0.289073078061203,0.665354957412912,0.499486297396457,0.289599246459591,0.665900458311918,0.498513357781364,0.289073078061203,0.665354957412912
2,12,4,"Bootstrap",0.501,0.5,0.645148105674029,0.283284246177089,0.770631947303864,0.644389366095721,0.284541767699783,0.770510505733444,0.645148105674029,0.283284246177089,0.770631947303864
2,12,4,"Jackknife MVN",NA,NA,NA,NA,NA,NA,NA,NA,NA,NA,NA
2,12,4,"Jackknife Wald",NA,NA,NA,NA,NA,NA,NA,NA,NA,NA,NA
2,13,0,"LEF both",0.958,0.955,1.02841586945373,0.976795822710389,1.07865912012524,1.03351993438421,0.979892444156696,1.08316041316755,1.02841586945373,0.976795822710389,1.07865912012524
2,13,0,"LEF outcome",0.958,0.955,1.02841586945373,0.97679582271039,1.07865912012524,1.03351993438421,0.979892444156696,1.08316041316755,1.02841586945373,0.97679582271039,1.07865912012524
2,13,0,"Bootstrap",0.951,0.949,0.99082055301106,0.940080278006616,1.04314974965663,0.994001085105704,0.943977977626712,1.04540353019248,0.99082055301106,0.940080278006616,1.04314974965663
2,13,0,"Sandwich",0.946,0.946,1.0158470568505,0.960959148065498,1.06938840038706,1.0158470568505,0.960959148065498,1.06938840038706,1.0158470568505,0.960959148065498,1.06938840038706
2,13,0,"Jackknife MVN",NA,NA,NA,NA,NA,NA,NA,NA,NA,NA,NA
2,13,0,"Jackknife Wald",NA,NA,NA,NA,NA,NA,NA,NA,NA,NA,NA
2,13,1,"LEF outcome",0.963,0.961,1.16791500164265,1.03198381980033,1.24821574054064,1.16182342726007,1.03077597982852,1.24480368513359,1.16791500164265,1.03198381980033,1.24821574054064
2,13,1,"LEF both",0.961,0.96,1.15613490494944,1.0278579575932,1.2368349698676,1.15969550533,1.03064428942294,1.24238631710329,1.15613490494944,1.0278579575932,1.2368349698676
2,13,1,"Bootstrap",0.941,0.94,0.970940027126612,0.876833233134624,1.04362543821121,0.971141139840649,0.877868048612201,1.04283955220372,0.970940027126612,0.876833233134624,1.04362543821121
2,13,1,"Sandwich",0.941,0.941,1.05811128088133,0.957227353721875,1.13117688340063,1.05811128088133,0.957227353721875,1.13117688340063,1.05811128088133,0.957227353721875,1.13117688340063
2,13,1,"Jackknife MVN",NA,NA,NA,NA,NA,NA,NA,NA,NA,NA,NA
2,13,1,"Jackknife Wald",NA,NA,NA,NA,NA,NA,NA,NA,NA,NA,NA
2,13,2,"LEF outcome",0.938,0.933,1.38714997815048,0.814265397748516,1.70411575534217,1.35298944231704,0.815392446916721,1.65817236081972,1.38714997815048,0.814265397748516,1.70411575534217
2,13,2,"LEF both",0.937,0.932,1.34529777762898,0.810388444565331,1.64842415051475,1.34807469438893,0.813673916798038,1.65308845893477,1.34529777762898,0.810388444565331,1.64842415051475
2,13,2,"Bootstrap",0.909,0.908,0.911535875936769,0.682100531618824,1.04524080823118,0.909295473038469,0.684744092055815,1.03655914325164,0.911535875936769,0.682100531618824,1.04524080823118
2,13,2,"Sandwich",0.909,0.909,1.0977493403141,0.750627638388063,1.29526100861271,1.0977493403141,0.750627638388063,1.29526100861271,1.0977493403141,0.750627638388063,1.29526100861271
2,13,2,"Jackknife MVN",NA,NA,NA,NA,NA,NA,NA,NA,NA,NA,NA
2,13,2,"Jackknife Wald",NA,NA,NA,NA,NA,NA,NA,NA,NA,NA,NA
2,13,3,"LEF outcome",0.936,0.928,0.964685071034281,0.550764567111503,1.16908832477069,0.941641749769641,0.535501163102227,1.12194804987888,0.964685071034281,0.550764567111503,1.16908832477069
2,13,3,"LEF both",0.935,0.927,0.936716179591092,0.534363058655857,1.12285383755808,0.938401126700526,0.536524140648866,1.1224760696742,0.936716179591092,0.534363058655857,1.12285383755808
2,13,3,"Bootstrap",0.878,0.877,0.759259447112148,0.407454704033516,0.762018024289441,0.757305423376946,0.410111724873561,0.760637073712438,0.759259447112148,0.407454704033516,0.762018024289441
2,13,3,"Sandwich",0.844,0.844,0.7967689683613,0.458268769222914,0.900144418054247,0.7967689683613,0.458268769222914,0.900144418054247,0.7967689683613,0.458268769222914,0.900144418054247
2,13,3,"Jackknife MVN",NA,NA,NA,NA,NA,NA,NA,NA,NA,NA,NA
2,13,3,"Jackknife Wald",NA,NA,NA,NA,NA,NA,NA,NA,NA,NA,NA
2,13,4,"LEF outcome",0.948,0.944,0.590978520457613,0.365928650481786,0.701574570682296,0.579707184321928,0.358592925210231,0.680621093742774,0.590978520457613,0.365928650481786,0.701574570682296
2,13,4,"LEF both",0.947,0.943,0.576706684193404,0.356848589216422,0.675764703563769,0.577881471324219,0.359741415495936,0.676315594455377,0.576706684193404,0.356848589216422,0.675764703563769
2,13,4,"Bootstrap",0.832,0.83,0.624250665420206,0.287491310916459,0.662998636985519,0.623408061674914,0.289134177390848,0.662743541526591,0.624250665420206,0.287491310916459,0.662998636985519
2,13,4,"Sandwich",0.813,0.813,0.492351817779231,0.299269320925498,0.548949525862406,0.492351817779231,0.299269320925498,0.548949525862406,0.492351817779231,0.299269320925498,0.548949525862406
2,13,4,"Jackknife MVN",NA,NA,NA,NA,NA,NA,NA,NA,NA,NA,NA
2,13,4,"Jackknife Wald",NA,NA,NA,NA,NA,NA,NA,NA,NA,NA,NA
2,14,0,"LEF both",0.959,0.96,1.00627891690945,0.949329657012024,1.06431951019598,1.01073378548722,0.953183469466983,1.06966811528936,1.00627891690945,0.949329657012024,1.06431951019598
2,14,0,"LEF outcome",0.959,0.96,1.00627891690945,0.949329657012023,1.06431951019598,1.01073378548722,0.953183469466983,1.06966811528936,1.00627891690945,0.949329657012023,1.06431951019598
2,14,0,"Bootstrap",0.944,0.941,0.965549493112155,0.906752572506051,1.02081906351074,0.967933989160379,0.908141508464343,1.02690527893055,0.965549493112155,0.906752572506051,1.02081906351074
2,14,0,"Sandwich",0.943775100401606,0.943775100401606,0.991740556895261,0.934157952785262,1.04690240003116,0.991740556895261,0.934157952785262,1.04690240003116,0.991740556895261,0.934157952785262,1.04690240003116
2,14,0,"Jackknife MVN",NA,NA,NA,NA,NA,NA,NA,NA,NA,NA,NA
2,14,0,"Jackknife Wald",NA,NA,NA,NA,NA,NA,NA,NA,NA,NA,NA
2,14,1,"LEF both",0.95,0.943,1.04161994461995,0.964564244369964,1.1156413733835,1.04530104804264,0.967327084155165,1.11979305012419,1.04161994461995,0.964564244369964,1.1156413733835
2,14,1,"LEF outcome",0.95,0.945,1.04742195414859,0.96656632101685,1.12477552013223,1.0464026453124,0.968194509417935,1.12139900785757,1.04742195414859,0.96656632101685,1.12477552013223
2,14,1,"Sandwich",0.938755020080321,0.938755020080321,1.0062347993023,0.929242148906095,1.07757051297395,1.0062347993023,0.929242148906095,1.07757051297395,1.0062347993023,0.929242148906095,1.07757051297395
2,14,1,"Bootstrap",0.927,0.927,0.956383747160092,0.87781096100925,1.03826940176075,0.957199418128767,0.878709525531557,1.03893584430759,0.956383747160092,0.87781096100925,1.03826940176075
2,14,1,"Jackknife MVN",NA,NA,NA,NA,NA,NA,NA,NA,NA,NA,NA
2,14,1,"Jackknife Wald",NA,NA,NA,NA,NA,NA,NA,NA,NA,NA,NA
2,14,2,"LEF both",0.969,0.967,1.17345960686655,1.04261207166415,1.27562734196159,1.17642714675162,1.04391605558351,1.27912006184534,1.17345960686655,1.04261207166415,1.27562734196159
2,14,2,"LEF outcome",0.969,0.967,1.18725732137654,1.05377325802183,1.29318455203071,1.17889714853655,1.04605467239381,1.28240850601457,1.18725732137654,1.05377325802183,1.29318455203071
2,14,2,"Sandwich",0.93574297188755,0.93574297188755,1.06443965911792,0.94476960077025,1.16380763797747,1.06443965911792,0.94476960077025,1.16380763797747,1.06443965911792,0.94476960077025,1.16380763797747
2,14,2,"Bootstrap",0.911,0.909,0.955868588602739,0.839459489311901,1.05864850568574,0.955449518064296,0.837816758231555,1.0574763250645,0.955868588602739,0.839459489311901,1.05864850568574
2,14,2,"Jackknife MVN",NA,NA,NA,NA,NA,NA,NA,NA,NA,NA,NA
2,14,2,"Jackknife Wald",NA,NA,NA,NA,NA,NA,NA,NA,NA,NA,NA
2,14,3,"LEF outcome",0.969,0.966,1.32649301679799,1.10061448287681,1.51491582416325,1.31558694944001,1.0915283850711,1.50600682243617,1.32649301679799,1.10061448287681,1.51491582416325
2,14,3,"LEF both",0.967,0.966,1.31017700075453,1.08823714830898,1.49604114235252,1.31283651907736,1.09023817687734,1.50156254672197,1.31017700075453,1.08823714830898,1.49604114235252
2,14,3,"Sandwich",0.929718875502008,0.929718875502008,1.10784433572624,0.923383016502959,1.27092401093639,1.10784433572624,0.923383016502959,1.27092401093639,1.10784433572624,0.923383016502959,1.27092401093639
2,14,3,"Bootstrap",0.897,0.899,0.940177300783134,0.773483511418376,1.08252700217269,0.93983443375602,0.7738862201226,1.08546509052862,0.940177300783134,0.773483511418376,1.08252700217269
2,14,3,"Jackknife MVN",NA,NA,NA,NA,NA,NA,NA,NA,NA,NA,NA
2,14,3,"Jackknife Wald",NA,NA,NA,NA,NA,NA,NA,NA,NA,NA,NA
2,14,4,"LEF both",0.919,0.917,1.0403888449161,0.745324025143403,1.29291452183906,1.04317924995772,0.749104076188052,1.2930734105835,1.0403888449161,0.745324025143403,1.29291452183906
2,14,4,"LEF outcome",0.919,0.919,1.05140966893275,0.759887967115861,1.30303804055805,1.04488947045482,0.750262923876957,1.2931793039192,1.05140966893275,0.759887967115861,1.30303804055805
2,14,4,"Bootstrap",0.856,0.86,0.870214207170422,0.613381665531006,1.05784245106411,0.869972469620682,0.611255403366229,1.0598808713785,0.870214207170422,0.613381665531006,1.05784245106411
2,14,4,"Sandwich",0.81425702811245,0.81425702811245,0.887159615546329,0.614299960905888,1.09082173333974,0.887159615546329,0.614299960905888,1.09082173333974,0.887159615546329,0.614299960905888,1.09082173333974
2,14,4,"Jackknife MVN",NA,NA,NA,NA,NA,NA,NA,NA,NA,NA,NA
2,14,4,"Jackknife Wald",NA,NA,NA,NA,NA,NA,NA,NA,NA,NA,NA
2,15,0,"Sandwich",0.955406911928651,0.955406911928651,1.05160091747985,0.961062525441226,1.14241713486741,1.05160091747985,0.961062525441226,1.14241713486741,1.05160091747985,0.961062525441226,1.14241713486741
2,15,0,"LEF both",0.932,0.927,1.08716013504951,0.993621406149499,1.16493120974629,1.09068076486932,0.997711689512632,1.17045352184105,1.08716013504951,0.993621406149499,1.16493120974629
2,15,0,"LEF outcome",0.932,0.927,1.08716013504951,0.993621406149499,1.16493120974629,1.09068076486932,0.997711689512633,1.17045352184106,1.08716013504951,0.993621406149499,1.16493120974629
2,15,0,"Bootstrap",0.928,0.922,0.996261057159941,0.901408175109155,1.08984284798643,0.997525007302247,0.902052736764619,1.09119118369426,0.996261057159941,0.901408175109155,1.08984284798643
2,15,0,"Jackknife MVN",NA,NA,NA,NA,NA,NA,NA,NA,NA,NA,NA
2,15,0,"Jackknife Wald",NA,NA,NA,NA,NA,NA,NA,NA,NA,NA,NA
2,15,1,"Sandwich",0.905239687848383,0.905239687848383,1.06257010785412,0.89796165433475,1.23788223354898,1.06257010785412,0.89796165433475,1.23788223354898,1.06257010785412,0.89796165433475,1.23788223354898
2,15,1,"Bootstrap",0.835,0.835,0.889618359878577,0.69258794845664,1.07551222303404,0.888344639406905,0.694157437749491,1.0729593845682,0.889618359878577,0.69258794845664,1.07551222303404
2,15,1,"LEF both",0.835,0.835,1.19812194027373,1.01990617144708,1.41032435681805,1.2003604866033,1.02073234488272,1.41196985464693,1.19812194027373,1.01990617144708,1.41032435681805
2,15,1,"LEF outcome",0.834,0.834,1.22275421671797,1.02847095946772,1.43674124256704,1.20503940578448,1.02298769008766,1.41713158885509,1.22275421671797,1.02847095946772,1.43674124256704
2,15,1,"Jackknife MVN",NA,NA,NA,NA,NA,NA,NA,NA,NA,NA,NA
2,15,1,"Jackknife Wald",NA,NA,NA,NA,NA,NA,NA,NA,NA,NA,NA
2,15,2,"Sandwich",0.839464882943144,0.839464882943144,0.880289079755267,0.517992511763255,1.21625530245923,0.880289079755267,0.517992511763255,1.21625530245923,0.880289079755267,0.517992511763255,1.21625530245923
2,15,2,"LEF outcome",0.695,0.688,0.980565403039922,0.594202274769265,1.35097339821836,0.964401172024555,0.591968590803101,1.33564479927208,0.980565403039922,0.594202274769265,1.35097339821836
2,15,2,"LEF both",0.693,0.687,0.958791164419445,0.589337946164947,1.32932196072639,0.960213771761974,0.590506926769862,1.3303168813481,0.958791164419445,0.589337946164947,1.32932196072639
2,15,2,"Bootstrap",0.689,0.688,0.743003275805275,0.400617053367671,1.04020311606441,0.741676845097029,0.400360325242046,1.03925999530113,0.743003275805275,0.400617053367671,1.04020311606441
2,15,2,"Jackknife MVN",NA,NA,NA,NA,NA,NA,NA,NA,NA,NA,NA
2,15,2,"Jackknife Wald",NA,NA,NA,NA,NA,NA,NA,NA,NA,NA,NA
2,15,3,"Sandwich",0.719063545150502,0.719063545150502,0.575241091504388,0.296121589960956,0.780927229897273,0.575241091504388,0.296121589960956,0.780927229897273,0.575241091504388,0.296121589960956,0.780927229897273
2,15,3,"LEF both",0.561,0.557,0.61217243883205,0.342686301976118,0.829718262179222,0.61316415383511,0.34384389285999,0.828930017608259,0.61217243883205,0.342686301976118,0.829718262179222
2,15,3,"LEF outcome",0.561,0.557,0.6243918838793,0.350754460257956,0.853418152004992,0.615614475254489,0.344662874003703,0.831761706667825,0.6243918838793,0.350754460257956,0.853418152004992
2,15,3,"Bootstrap",0.525,0.523,0.602221671792063,0.256275513928251,0.757242882579113,0.601514866226453,0.254792704195657,0.754547098755017,0.602221671792063,0.256275513928251,0.757242882579113
2,15,3,"Jackknife MVN",NA,NA,NA,NA,NA,NA,NA,NA,NA,NA,NA
2,15,3,"Jackknife Wald",NA,NA,NA,NA,NA,NA,NA,NA,NA,NA,NA
2,15,4,"Sandwich",0.632107023411371,0.632107023411371,0.479750548446899,0.261927062130663,0.629940176668344,0.479750548446899,0.261927062130663,0.629940176668344,0.479750548446899,0.261927062130663,0.629940176668344
2,15,4,"LEF outcome",0.564,0.559,0.531138960863085,0.313768961280453,0.697940897308825,0.524943510222629,0.309097292826965,0.684411313787426,0.531138960863085,0.313768961280453,0.697940897308825
2,15,4,"LEF both",0.563,0.562,0.522047612086907,0.307111810563896,0.679258842741407,0.523184543909534,0.308188025074882,0.682103747644702,0.522047612086907,0.307111810563896,0.679258842741407
2,15,4,"Bootstrap",0.457,0.455,0.716616045353366,0.317947812346394,0.94574657644596,0.716200713737138,0.316875237691171,0.946668732644289,0.716616045353366,0.317947812346394,0.94574657644596
2,15,4,"Jackknife MVN",NA,NA,NA,NA,NA,NA,NA,NA,NA,NA,NA
2,15,4,"Jackknife Wald",NA,NA,NA,NA,NA,NA,NA,NA,NA,NA,NA
2,16,0,"LEF both",0.967,0.963,1.01792467504742,0.963087302714872,1.07139271731871,1.02404285696903,0.969434397019306,1.0773715054437,1.01792467504742,0.963087302714872,1.07139271731871
2,16,0,"LEF outcome",0.967,0.963,1.01792467504742,0.963087302714871,1.07139271731871,1.02404285696903,0.969434397019306,1.0773715054437,1.01792467504742,0.963087302714871,1.07139271731871
2,16,0,"Sandwich",0.957,0.957,1.00968770072318,0.952206592612337,1.06283976712419,1.00968770072318,0.952206592612337,1.06283976712419,1.00968770072318,0.952206592612337,1.06283976712419
2,16,0,"Bootstrap",0.956,0.952,0.996503064765957,0.944086171692167,1.04812658343094,1.00102174918886,0.948487610550466,1.05221538408645,0.996503064765957,0.944086171692167,1.04812658343094
2,16,0,"Jackknife MVN",NA,NA,NA,NA,NA,NA,NA,NA,NA,NA,NA
2,16,0,"Jackknife Wald",NA,NA,NA,NA,NA,NA,NA,NA,NA,NA,NA
2,16,1,"LEF both",0.977,0.971,1.11856989301492,0.988186008971783,1.20183426247754,1.12233510394599,0.991112455570653,1.20510265347027,1.11856989301492,0.988186008971783,1.20183426247754
2,16,1,"LEF outcome",0.976,0.975,1.12807392518626,0.991668398169903,1.20532297580507,1.12368859114326,0.990672075903296,1.20602432614909,1.12807392518626,0.991668398169903,1.20532297580507
2,16,1,"Bootstrap",0.957,0.954,1.00257014480958,0.899502828277204,1.07982284686004,1.00190147693696,0.899956879660438,1.07715125048817,1.00257014480958,0.899502828277204,1.07982284686004
2,16,1,"Sandwich",0.951,0.951,1.06442086115438,0.956954694062593,1.13536656995491,1.06442086115438,0.956954694062593,1.13536656995491,1.06442086115438,0.956954694062593,1.13536656995491
2,16,1,"Jackknife MVN",NA,NA,NA,NA,NA,NA,NA,NA,NA,NA,NA
2,16,1,"Jackknife Wald",NA,NA,NA,NA,NA,NA,NA,NA,NA,NA,NA
2,16,2,"LEF both",0.965,0.965,1.28143896580513,0.893872056463128,1.50103070936375,1.28393223897162,0.895325450334162,1.50457092268702,1.28143896580513,0.893872056463128,1.50103070936375
2,16,2,"LEF outcome",0.964,0.969,1.30912592391318,0.902327669050995,1.5431893793665,1.2881079868915,0.891588670014124,1.50682932704321,1.30912592391318,0.902327669050995,1.5431893793665
2,16,2,"Bootstrap",0.938,0.939,0.946314497052149,0.715215829767907,1.03903915668115,0.94301763986657,0.715874830671183,1.03951909202234,0.946314497052149,0.715215829767907,1.03903915668115
2,16,2,"Sandwich",0.922,0.922,1.095856533204,0.794020458809799,1.25180091238044,1.095856533204,0.794020458809799,1.25180091238044,1.095856533204,0.794020458809799,1.25180091238044
2,16,2,"Jackknife MVN",NA,NA,NA,NA,NA,NA,NA,NA,NA,NA,NA
2,16,2,"Jackknife Wald",NA,NA,NA,NA,NA,NA,NA,NA,NA,NA,NA
2,16,3,"LEF both",0.955,0.953,0.923903480437126,0.578455661901462,1.11433877267361,0.925572937839963,0.582101766628351,1.1174392678092,0.923903480437126,0.578455661901462,1.11433877267361
2,16,3,"LEF outcome",0.955,0.956,0.944022976859705,0.5885439634763,1.14544242578674,0.928155646981598,0.579799542477704,1.11979430664418,0.944022976859705,0.5885439634763,1.14544242578674
2,16,3,"Bootstrap",0.901,0.902,0.822975273129606,0.452348854516036,0.882418975322764,0.821310271535168,0.452836218106197,0.88054219477164,0.822975273129606,0.452348854516036,0.882418975322764
2,16,3,"Sandwich",0.875,0.875,0.808784696426229,0.499175389053091,0.929499306650354,0.808784696426229,0.499175389053091,0.929499306650354,0.808784696426229,0.499175389053091,0.929499306650354
2,16,3,"Jackknife MVN",NA,NA,NA,NA,NA,NA,NA,NA,NA,NA,NA
2,16,3,"Jackknife Wald",NA,NA,NA,NA,NA,NA,NA,NA,NA,NA,NA
2,16,4,"LEF outcome",0.927,0.93,0.459278645209449,0.299516364506519,0.552617800444692,0.453177983685683,0.29597558249452,0.540940891877506,0.459278645209449,0.299516364506519,0.552617800444692
2,16,4,"LEF both",0.926,0.928,0.45106944087558,0.294673797871125,0.540807499895666,0.4520652321488,0.295772268402344,0.541581555038426,0.45106944087558,0.294673797871125,0.540807499895666
2,16,4,"Bootstrap",0.85,0.848,0.556762117338307,0.250331075660664,0.606775216469713,0.556260018758597,0.250513805713094,0.607179122841343,0.556762117338307,0.250331075660664,0.606775216469713
2,16,4,"Sandwich",0.804,0.804,0.394362845529272,0.250592689669775,0.451223560104728,0.394362845529272,0.250592689669775,0.451223560104728,0.394362845529272,0.250592689669775,0.451223560104728
2,16,4,"Jackknife MVN",NA,NA,NA,NA,NA,NA,NA,NA,NA,NA,NA
2,16,4,"Jackknife Wald",NA,NA,NA,NA,NA,NA,NA,NA,NA,NA,NA
2,17,0,"LEF both",0.949,0.947,0.995934309339006,0.939191358019258,1.05180485779162,1.00040831123795,0.939789078958114,1.05722804443763,0.995934309339006,0.939191358019258,1.05180485779162
2,17,0,"LEF outcome",0.949,0.947,0.995934309339006,0.939191358019258,1.05180485779162,1.00040831123795,0.939789078958114,1.05722804443763,0.995934309339006,0.939191358019258,1.05180485779162
2,17,0,"Sandwich",0.946787148594378,0.946787148594378,0.98514149236992,0.928235242729682,1.03983336348825,0.98514149236992,0.928235242729682,1.03983336348825,0.98514149236992,0.928235242729682,1.03983336348825
2,17,0,"Bootstrap",0.94,0.939,0.968124232605482,0.907503010973613,1.0265818033617,0.970995813675721,0.909558752748496,1.030065306351,0.968124232605482,0.907503010973613,1.0265818033617
2,17,0,"Jackknife MVN",NA,NA,NA,NA,NA,NA,NA,NA,NA,NA,NA
2,17,0,"Jackknife Wald",NA,NA,NA,NA,NA,NA,NA,NA,NA,NA,NA
2,17,1,"LEF both",0.936,0.937,1.02504240812098,0.897865490674115,1.11519541310074,1.02809509530286,0.900485244922604,1.11935404640216,1.02504240812098,0.897865490674115,1.11519541310074
2,17,1,"LEF outcome",0.936,0.939,1.03864327058742,0.905086634465383,1.13267855074393,1.03114498766353,0.902506278092983,1.12307336855935,1.03864327058742,0.905086634465383,1.13267855074393
2,17,1,"Sandwich",0.931726907630522,0.931726907630522,0.987044521588481,0.862130095503997,1.07895523587807,0.987044521588481,0.862130095503997,1.07895523587807,0.987044521588481,0.862130095503997,1.07895523587807
2,17,1,"Bootstrap",0.925,0.924,0.932056846670308,0.82627244838392,1.01637757911128,0.931558950898742,0.827357692984331,1.01541519732511,0.932056846670308,0.82627244838392,1.01637757911128
2,17,1,"Jackknife MVN",NA,NA,NA,NA,NA,NA,NA,NA,NA,NA,NA
2,17,1,"Jackknife Wald",NA,NA,NA,NA,NA,NA,NA,NA,NA,NA,NA
2,17,2,"LEF both",0.948,0.946,1.15043920885895,0.942216253455346,1.2889683999802,1.15286007078872,0.943437779788984,1.29356140662839,1.15043920885895,0.942216253455346,1.2889683999802
2,17,2,"LEF outcome",0.947,0.948,1.17120204400084,0.951850468597802,1.31464042489695,1.15765720082775,0.945988935493723,1.2987770832719,1.17120204400084,0.951850468597802,1.31464042489695
2,17,2,"Sandwich",0.937751004016064,0.937751004016064,1.05149877980463,0.864625550315616,1.18051723326355,1.05149877980463,0.864625550315616,1.18051723326355,1.05149877980463,0.864625550315616,1.18051723326355
2,17,2,"Bootstrap",0.903,0.904,0.950691922533421,0.783401798188536,1.07094897645203,0.949398746942622,0.783785764645788,1.07050904411853,0.950691922533421,0.783401798188536,1.07094897645203
2,17,2,"Jackknife MVN",NA,NA,NA,NA,NA,NA,NA,NA,NA,NA,NA
2,17,2,"Jackknife Wald",NA,NA,NA,NA,NA,NA,NA,NA,NA,NA,NA
2,17,3,"LEF outcome",0.952,0.949,1.20932235376682,0.945556692900101,1.40341744879248,1.19868735916974,0.933768435108374,1.39308691638137,1.20932235376682,0.945556692900101,1.40341744879248
2,17,3,"LEF both",0.951,0.947,1.19298631651442,0.928605229401651,1.38820986101594,1.1950725278805,0.929417361688461,1.39069480579038,1.19298631651442,0.928605229401651,1.38820986101594
2,17,3,"Sandwich",0.899598393574297,0.899598393574297,1.03995008216729,0.800597403489028,1.20850038152841,1.03995008216729,0.800597403489028,1.20850038152841,1.03995008216729,0.800597403489028,1.20850038152841
2,17,3,"Bootstrap",0.881,0.885,0.904565504810962,0.707046172490919,1.04949717201937,0.903661737312055,0.706891043794671,1.04664187885039,0.904565504810962,0.707046172490919,1.04949717201937
2,17,3,"Jackknife MVN",NA,NA,NA,NA,NA,NA,NA,NA,NA,NA,NA
2,17,3,"Jackknife Wald",NA,NA,NA,NA,NA,NA,NA,NA,NA,NA,NA
2,17,4,"LEF both",0.887,0.884,0.8818582491469,0.612483655922664,1.08956440258341,0.884014571864448,0.616825672380633,1.09079351946929,0.8818582491469,0.612483655922664,1.08956440258341
2,17,4,"LEF outcome",0.885,0.883,0.891181891140781,0.623223000986737,1.09713418637088,0.885891378173326,0.617830339495623,1.09530004824875,0.891181891140781,0.623223000986737,1.09713418637088
2,17,4,"Bootstrap",0.832,0.829,0.813467253991603,0.528949311912431,1.00187323656827,0.813010225673671,0.528631917894876,0.998168470679705,0.813467253991603,0.528949311912431,1.00187323656827
2,17,4,"Sandwich",0.784136546184739,0.784136546184739,0.778695380821683,0.525031868921231,0.966417621910125,0.778695380821683,0.525031868921231,0.966417621910125,0.778695380821683,0.525031868921231,0.966417621910125
2,17,4,"Jackknife MVN",NA,NA,NA,NA,NA,NA,NA,NA,NA,NA,NA
2,17,4,"Jackknife Wald",NA,NA,NA,NA,NA,NA,NA,NA,NA,NA,NA
2,18,0,"Sandwich",0.946389496717724,0.946389496717724,1.04439977217793,0.953514262300697,1.13032916063881,1.04439977217793,0.953514262300697,1.13032916063881,1.04439977217793,0.953514262300697,1.13032916063881
2,18,0,"Bootstrap",0.93,0.927,1.00186442181067,0.905254101634721,1.08981206775338,1.00372870195608,0.908731980402732,1.09300174106715,1.00186442181067,0.905254101634721,1.08981206775338
2,18,0,"LEF both",0.918,0.92,1.0742918666091,0.987674006776867,1.15671182889476,1.07773106454072,0.990027887233688,1.15969738774303,1.0742918666091,0.987674006776867,1.15671182889476
2,18,0,"LEF outcome",0.918,0.92,1.0742918666091,0.987674006776866,1.15671182889476,1.07773106454072,0.990027887233687,1.15969738774303,1.0742918666091,0.987674006776866,1.15671182889476
2,18,0,"Jackknife MVN",NA,NA,NA,NA,NA,NA,NA,NA,NA,NA,NA
2,18,0,"Jackknife Wald",NA,NA,NA,NA,NA,NA,NA,NA,NA,NA,NA
2,18,1,"Sandwich",0.910284463894967,0.910284463894967,0.993601371184365,0.72394084394024,1.16098815529026,0.993601371184365,0.72394084394024,1.16098815529026,0.993601371184365,0.72394084394024,1.16098815529026
2,18,1,"Bootstrap",0.829,0.829,0.84825686579839,0.594049841228305,1.03173762231054,0.846968899700529,0.593609600935912,1.02947659413645,0.84825686579839,0.594049841228305,1.03173762231054
2,18,1,"LEF both",0.815,0.813,1.10427274290209,0.823162375373485,1.31069292298309,1.10623035574126,0.823786780313562,1.31660835438884,1.10427274290209,0.823162375373485,1.31069292298309
2,18,1,"LEF outcome",0.815,0.814,1.13400301086288,0.834686936303948,1.34913224602011,1.1134854817133,0.825888610303874,1.32550889846631,1.13400301086288,0.834686936303948,1.34913224602011
2,18,1,"Jackknife MVN",NA,NA,NA,NA,NA,NA,NA,NA,NA,NA,NA
2,18,1,"Jackknife Wald",NA,NA,NA,NA,NA,NA,NA,NA,NA,NA,NA
2,18,2,"Sandwich",0.824945295404814,0.824945295404814,0.790357488947336,0.465084992398521,1.03717866869333,0.790357488947336,0.465084992398521,1.03717866869333,0.790357488947336,0.465084992398521,1.03717866869333
2,18,2,"LEF outcome",0.671,0.676,0.891028522138327,0.529172310490557,1.16186196738685,0.876674817606309,0.524037718192822,1.14869089770871,0.891028522138327,0.529172310490557,1.16186196738685
2,18,2,"LEF both",0.67,0.672,0.870366804166349,0.520134300049466,1.13532106168477,0.87157789907399,0.521913665501349,1.13885056931194,0.870366804166349,0.520134300049466,1.13532106168477
2,18,2,"Bootstrap",0.664,0.668,0.699446996085126,0.356425391401598,0.931285853309436,0.698362213596028,0.355807920440927,0.929518154321818,0.699446996085126,0.356425391401598,0.931285853309436
2,18,2,"Jackknife MVN",NA,NA,NA,NA,NA,NA,NA,NA,NA,NA,NA
2,18,2,"Jackknife Wald",NA,NA,NA,NA,NA,NA,NA,NA,NA,NA,NA
2,18,3,"Sandwich",0.689277899343545,0.689277899343545,0.610227169420484,0.325943894295578,0.825998622074509,0.610227169420484,0.325943894295578,0.825998622074509,0.610227169420484,0.325943894295578,0.825998622074509
2,18,3,"LEF outcome",0.576,0.574,0.672130280413096,0.382464447878083,0.900964528554732,0.662947887607678,0.376794728894797,0.877166198142108,0.672130280413096,0.382464447878083,0.900964528554732
2,18,3,"LEF both",0.575,0.57,0.658626507274874,0.376718539754746,0.874078094580553,0.659658954275125,0.376848655161924,0.873694765181247,0.658626507274874,0.376718539754746,0.874078094580553
2,18,3,"Bootstrap",0.539,0.537,0.619074036701452,0.277114344934298,0.781124693028384,0.618321274849686,0.276823349719068,0.783810643089624,0.619074036701452,0.277114344934298,0.781124693028384
2,18,3,"Jackknife MVN",NA,NA,NA,NA,NA,NA,NA,NA,NA,NA,NA
2,18,3,"Jackknife Wald",NA,NA,NA,NA,NA,NA,NA,NA,NA,NA,NA
2,18,4,"Sandwich",0.61925601750547,0.61925601750547,0.501830257054757,0.282058048264679,0.652169301760631,0.501830257054757,0.282058048264679,0.652169301760631,0.501830257054757,0.282058048264679,0.652169301760631
2,18,4,"LEF outcome",0.585,0.583,0.557531096421649,0.334009273830384,0.713545948035335,0.551683548072732,0.330487582094004,0.705292429296707,0.557531096421649,0.334009273830384,0.713545948035335
2,18,4,"LEF both",0.583,0.579,0.548229542539017,0.329192983487132,0.701815363773432,0.549414433036471,0.329736813711892,0.703147657347443,0.548229542539017,0.329192983487132,0.701815363773432
2,18,4,"Bootstrap",0.469,0.471,0.705506296495997,0.358991395823571,0.89457069597777,0.704983364911294,0.357293670378025,0.89373114948312,0.705506296495997,0.358991395823571,0.89457069597777
2,18,4,"Jackknife MVN",NA,NA,NA,NA,NA,NA,NA,NA,NA,NA,NA
2,18,4,"Jackknife Wald",NA,NA,NA,NA,NA,NA,NA,NA,NA,NA,NA
2,19,0,"LEF both",0.931,0.927,0.979279363634115,0.947527555147201,1.0106339140466,0.981645648185023,0.95008012034604,1.01254954648835,0.979279363634115,0.947527555147201,1.0106339140466
2,19,0,"LEF outcome",0.931,0.927,0.979279363634115,0.947527555147201,1.0106339140466,0.981645648185023,0.950080120346039,1.01254954648835,0.979279363634115,0.947527555147201,1.0106339140466
2,19,0,"Bootstrap",0.93,0.927,0.969904410317473,0.939392884146681,0.999398584792849,0.971900561115622,0.941270887161069,1.00115792094491,0.969904410317473,0.939392884146681,0.999398584792849
2,19,0,"Sandwich",0.93,0.93,0.975832941321959,0.945037453098241,1.00637685687946,0.975832941321959,0.945037453098241,1.00637685687946,0.975832941321959,0.945037453098241,1.00637685687946
2,19,0,"Jackknife MVN",NA,NA,NA,NA,NA,NA,NA,NA,NA,NA,NA
2,19,0,"Jackknife Wald",NA,NA,NA,NA,NA,NA,NA,NA,NA,NA,NA
2,19,1,"Sandwich",0.95,0.95,1.02122264410471,0.975358635305681,1.06255508865866,1.02122264410471,0.975358635305681,1.06255508865866,1.02122264410471,0.975358635305681,1.06255508865866
2,19,1,"Bootstrap",0.942,0.938,1.00326709849244,0.960896809135974,1.04484713052965,1.00458942011211,0.963019068795063,1.04695819286925,1.00326709849244,0.960896809135974,1.04484713052965
2,19,1,"LEF both",0.941,0.94,1.0327349045303,0.988856417336272,1.07484645934499,1.03460770738193,0.99109934143713,1.07711864332806,1.0327349045303,0.988856417336272,1.07484645934499
2,19,1,"LEF outcome",0.941,0.94,1.03338422379571,0.989729221789511,1.07590013468769,1.03486306034931,0.991264195646757,1.07760643610342,1.03338422379571,0.989729221789511,1.07590013468769
2,19,1,"Jackknife MVN",NA,NA,NA,NA,NA,NA,NA,NA,NA,NA,NA
2,19,1,"Jackknife Wald",NA,NA,NA,NA,NA,NA,NA,NA,NA,NA,NA
2,19,2,"Sandwich",0.949,0.949,1.06969179937575,0.974483843267936,1.15230059760296,1.06969179937575,0.974483843267936,1.15230059760296,1.06969179937575,0.974483843267936,1.15230059760296
2,19,2,"Bootstrap",0.941,0.941,0.995846506745777,0.904067814947206,1.08076621009337,0.995531587501033,0.903681074955287,1.07723129155827,0.995846506745777,0.904067814947206,1.08076621009337
2,19,2,"LEF both",0.935,0.933,1.14725457862044,1.04084230936919,1.2303408770179,1.14822174665537,1.04128900612957,1.23142369349268,1.14725457862044,1.04084230936919,1.2303408770179
2,19,2,"LEF outcome",0.935,0.933,1.15378603297835,1.04265557602633,1.23377804411065,1.14916287593767,1.04193524568808,1.23293323125789,1.15378603297835,1.04265557602633,1.23377804411065
2,19,2,"Jackknife MVN",NA,NA,NA,NA,NA,NA,NA,NA,NA,NA,NA
2,19,2,"Jackknife Wald",NA,NA,NA,NA,NA,NA,NA,NA,NA,NA,NA
2,19,3,"Sandwich",0.917,0.917,1.15512198442268,0.756981457974057,1.42619346162984,1.15512198442268,0.756981457974057,1.42619346162984,1.15512198442268,0.756981457974057,1.42619346162984
2,19,3,"Bootstrap",0.888,0.891,0.936943403651625,0.663807250235543,1.11025837739618,0.935353610742926,0.665214676534785,1.10469524223223,0.936943403651625,0.663807250235543,1.11025837739618
2,19,3,"LEF both",0.88,0.879,1.4536395744557,0.865050065266717,1.84414906973413,1.4543389107776,0.865721285376743,1.84698471673126,1.4536395744557,0.865050065266717,1.84414906973413
2,19,3,"LEF outcome",0.88,0.879,1.47797555797262,0.883058045241321,1.87695636734728,1.45648837966383,0.868512833828149,1.84648154503604,1.47797555797262,0.883058045241321,1.87695636734728
2,19,3,"Jackknife MVN",NA,NA,NA,NA,NA,NA,NA,NA,NA,NA,NA
2,19,3,"Jackknife Wald",NA,NA,NA,NA,NA,NA,NA,NA,NA,NA,NA
2,19,4,"Sandwich",0.816,0.816,0.769409959608369,0.409678122146338,0.852961550237512,0.769409959608369,0.409678122146338,0.852961550237512,0.769409959608369,0.409678122146338,0.852961550237512
2,19,4,"LEF both",0.782,0.779,0.927607497333018,0.504572252144143,1.10519023948417,0.928012321488709,0.503653130587179,1.1063821825946,0.927607497333018,0.504572252144143,1.10519023948417
2,19,4,"LEF outcome",0.782,0.78,0.943652313245167,0.515510295534857,1.12507922979984,0.929365151985962,0.505184999039506,1.10629924694974,0.943652313245167,0.515510295534857,1.12507922979984
2,19,4,"Bootstrap",0.777,0.777,0.711247000629535,0.342140526064813,0.680264554147974,0.710363637869946,0.341354057196695,0.683571780258779,0.711247000629535,0.342140526064813,0.680264554147974
2,19,4,"Jackknife MVN",NA,NA,NA,NA,NA,NA,NA,NA,NA,NA,NA
2,19,4,"Jackknife Wald",NA,NA,NA,NA,NA,NA,NA,NA,NA,NA,NA
2,20,0,"LEF both",0.946,0.946,1.01117871460403,0.976681629094985,1.04394857420769,1.01303566347635,0.979033036703904,1.04560012882208,1.01117871460403,0.976681629094985,1.04394857420769
2,20,0,"LEF outcome",0.946,0.946,1.01117871460403,0.976681629094984,1.04394857420769,1.01303566347635,0.979033036703904,1.04560012882209,1.01117871460403,0.976681629094984,1.04394857420769
2,20,0,"Sandwich",0.944,0.944,1.00881631488293,0.975856901207599,1.0394774014281,1.00881631488293,0.975856901207599,1.0394774014281,1.00881631488293,0.975856901207599,1.0394774014281
2,20,0,"Bootstrap",0.94,0.942,1.00175781670283,0.967543515058347,1.03489791185479,1.00319113515205,0.969945271955958,1.03583800832188,1.00175781670283,0.967543515058347,1.03489791185479
2,20,0,"Jackknife MVN",NA,NA,NA,NA,NA,NA,NA,NA,NA,NA,NA
2,20,0,"Jackknife Wald",NA,NA,NA,NA,NA,NA,NA,NA,NA,NA,NA
2,20,1,"LEF both",0.948,0.948,0.983459025573097,0.947692527557724,1.01823890497556,0.984923207011793,0.948928081904427,1.02011549285884,0.983459025573097,0.947692527557724,1.01823890497556
2,20,1,"LEF outcome",0.948,0.948,0.983864745937907,0.947989983984292,1.01945666168211,0.984992404526233,0.949006925707272,1.02025134539523,0.983864745937907,0.947989983984292,1.01945666168211
2,20,1,"Sandwich",0.944,0.944,0.979865381169364,0.944130424287831,1.01439523733083,0.979865381169364,0.944130424287831,1.01439523733083,0.979865381169364,0.944130424287831,1.01439523733083
2,20,1,"Bootstrap",0.942,0.943,0.968318433470978,0.934170844866946,1.00258907693296,0.969316289010976,0.934333649890632,1.00430722473693,0.968318433470978,0.934170844866946,1.00258907693296
2,20,1,"Jackknife MVN",NA,NA,NA,NA,NA,NA,NA,NA,NA,NA,NA
2,20,1,"Jackknife Wald",NA,NA,NA,NA,NA,NA,NA,NA,NA,NA,NA
2,20,2,"LEF both",0.947,0.947,0.992253121119903,0.94598767630264,1.03668647430978,0.993306028678015,0.946280412486669,1.03726068817409,0.992253121119903,0.94598767630264,1.03668647430978
2,20,2,"LEF outcome",0.947,0.948,0.993377003866829,0.948071898977279,1.03754104543983,0.993467306682017,0.946446634787122,1.03736457758602,0.993377003866829,0.948071898977279,1.03754104543983
2,20,2,"Bootstrap",0.94,0.94,0.962761826900671,0.917470006356462,1.0091469007593,0.96326096462057,0.917230014554652,1.00961720847786,0.962761826900671,0.917470006356462,1.0091469007593
2,20,2,"Sandwich",0.94,0.94,0.981866806327409,0.940171829231828,1.02857821489155,0.981866806327409,0.940171829231828,1.02857821489155,0.981866806327409,0.940171829231828,1.02857821489155
2,20,2,"Jackknife MVN",NA,NA,NA,NA,NA,NA,NA,NA,NA,NA,NA
2,20,2,"Jackknife Wald",NA,NA,NA,NA,NA,NA,NA,NA,NA,NA,NA
2,20,3,"LEF outcome",0.954,0.952,1.04755004846169,0.98292937123303,1.10937699896155,1.04622633954623,0.98302063313619,1.10758572584071,1.04755004846169,0.98292937123303,1.10937699896155
2,20,3,"LEF both",0.953,0.952,1.04509510206333,0.981772198350591,1.10709328744912,1.04592111495358,0.982846118653017,1.1073791192829,1.04509510206333,0.981772198350591,1.10709328744912
2,20,3,"Sandwich",0.946,0.946,1.01372666200474,0.94999005221196,1.07880808195147,1.01372666200474,0.94999005221196,1.07880808195147,1.01372666200474,0.94999005221196,1.07880808195147
2,20,3,"Bootstrap",0.932,0.931,0.968974305627439,0.904804384046686,1.03544510240455,0.96914559564171,0.905140541163687,1.03553822469529,0.968974305627439,0.904804384046686,1.03544510240455
2,20,3,"Jackknife MVN",NA,NA,NA,NA,NA,NA,NA,NA,NA,NA,NA
2,20,3,"Jackknife Wald",NA,NA,NA,NA,NA,NA,NA,NA,NA,NA,NA
2,20,4,"LEF both",0.973,0.973,1.27797688584637,1.13312751248639,1.36958644291263,1.27868882850696,1.13448897071785,1.36922727670929,1.27797688584637,1.13312751248639,1.36958644291263
2,20,4,"LEF outcome",0.973,0.973,1.282863595992,1.1376732660208,1.37161383010974,1.27928866980248,1.13479315476004,1.36998043881841,1.282863595992,1.1376732660208,1.37161383010974
2,20,4,"Sandwich",0.934,0.934,1.11097475543244,0.997927882320002,1.20291083244414,1.11097475543244,0.997927882320002,1.20291083244414,1.11097475543244,0.997927882320002,1.20291083244414
2,20,4,"Bootstrap",0.917,0.916,0.956719622758651,0.844258913040714,1.06316860842664,0.956581685231953,0.843287791674572,1.06403866989812,0.956719622758651,0.844258913040714,1.06316860842664
2,20,4,"Jackknife MVN",NA,NA,NA,NA,NA,NA,NA,NA,NA,NA,NA
2,20,4,"Jackknife Wald",NA,NA,NA,NA,NA,NA,NA,NA,NA,NA,NA
2,21,0,"Sandwich",0.955867602808425,0.944779116465863,0.993795736528265,0.950929544845661,1.03589406821762,1.03351093750383,0.989880084143824,1.07471515359866,0.993795736528265,0.950929544845661,1.03589406821762
2,21,0,"Bootstrap",0.947,0.941,0.979369386182119,0.938197889578538,1.02144171496338,1.02176565611299,0.979264697451594,1.06382447795628,0.979369386182119,0.938197889578538,1.02144171496338
2,21,0,"LEF both",0.945,0.93993993993994,0.998306144495419,0.957351270725705,1.04105045081511,1.04169992347511,0.998194535171824,1.08587346349337,0.998306144495419,0.957351270725705,1.04105045081511
2,21,0,"LEF outcome",0.945,0.93993993993994,0.998306144495419,0.957351270725705,1.04105045081511,1.04169992347511,0.998194535171824,1.08587346349337,0.998306144495419,0.957351270725705,1.04105045081511
2,21,0,"Jackknife MVN",NA,NA,NA,NA,NA,NA,NA,NA,NA,NA,NA
2,21,0,"Jackknife Wald",NA,NA,NA,NA,NA,NA,NA,NA,NA,NA,NA
2,21,1,"Sandwich",0.950852557673019,0.943775100401606,1.00134553128557,0.923078175963579,1.07586472482047,1.01842031280773,0.948946231392828,1.09213941612962,1.00134553128557,0.923078175963579,1.07586472482047
2,21,1,"Bootstrap",0.923,0.92,0.968266117611479,0.886066907776792,1.04826176477084,0.985914726489792,0.912961841540774,1.06126019907375,0.968266117611479,0.886066907776792,1.04826176477084
2,21,1,"LEF both",0.911,0.906906906906907,1.0258052325443,0.947323594417486,1.09946039697051,1.04597608143624,0.972485958977537,1.11722184978591,1.0258052325443,0.947323594417486,1.09946039697051
2,21,1,"LEF outcome",0.911,0.907907907907908,1.02795173603052,0.949041604422618,1.10306131389651,1.04634289214583,0.972808935489469,1.11758965512509,1.02795173603052,0.949041604422618,1.10306131389651
2,21,1,"Jackknife MVN",NA,NA,NA,NA,NA,NA,NA,NA,NA,NA,NA
2,21,1,"Jackknife Wald",NA,NA,NA,NA,NA,NA,NA,NA,NA,NA,NA
2,21,2,"Sandwich",0.925777331995988,0.911646586345382,1.07795021167868,0.969435248818854,1.21780415651803,1.12643918596869,1.00688228158726,1.27218731332845,1.07795021167868,0.969435248818854,1.21780415651803
2,21,2,"Bootstrap",0.891,0.873,0.951019697876857,0.813380214620819,1.11060856404566,0.992410988574817,0.85020361986656,1.15377066081702,0.951019697876857,0.813380214620819,1.11060856404566
2,21,2,"LEF both",0.856,0.844844844844845,1.21689762169002,1.10536637071692,1.36713879634861,1.28966100154112,1.16255938029567,1.45294327339359,1.21689762169002,1.10536637071692,1.36713879634861
2,21,2,"LEF outcome",0.856,0.845845845845846,1.22761302285949,1.11392504961208,1.38154427807837,1.29100242160871,1.16284957357851,1.45402424853998,1.22761302285949,1.11392504961208,1.38154427807837
2,21,2,"Jackknife MVN",NA,NA,NA,NA,NA,NA,NA,NA,NA,NA,NA
2,21,2,"Jackknife Wald",NA,NA,NA,NA,NA,NA,NA,NA,NA,NA,NA
2,21,3,"Sandwich",0.888665997993982,0.8714859437751,0.955022430978082,0.558327641983856,1.37360068372291,0.96622893422522,0.554121786831274,1.38925204398845,0.955022430978082,0.558327641983856,1.37360068372291
2,21,3,"Bootstrap",0.745,0.756,0.835026017430287,0.467857170937828,1.1985372480342,0.839250409698775,0.465489760170234,1.19689249380414,0.835026017430287,0.467857170937828,1.1985372480342
2,21,3,"LEF both",0.696,0.716716716716717,1.10994998601465,0.637354220722209,1.6006255801604,1.1277446174468,0.642100322095675,1.62562587840436,1.10994998601465,0.637354220722209,1.6006255801604
2,21,3,"LEF outcome",0.696,0.717717717717718,1.12148455108466,0.642876463384444,1.61337453441968,1.12922357070533,0.642206151198767,1.62645142129707,1.12148455108466,0.642876463384444,1.61337453441968
2,21,3,"Jackknife MVN",NA,NA,NA,NA,NA,NA,NA,NA,NA,NA,NA
2,21,3,"Jackknife Wald",NA,NA,NA,NA,NA,NA,NA,NA,NA,NA,NA
2,21,4,"Sandwich",0.743229689067202,0.759036144578313,0.662162098999841,0.324460280736264,0.877909913990392,0.644115960690286,0.314457084829004,0.860027418196861,0.662162098999841,0.324460280736264,0.877909913990392
2,21,4,"Bootstrap",0.564,0.595,0.640483498152269,0.274181234813004,0.795153281059134,0.615765906027737,0.263545857953247,0.757974560768764,0.640483498152269,0.274181234813004,0.795153281059134
2,21,4,"LEF both",0.53,0.556556556556557,0.746936683470774,0.369241463050099,1.02698963174461,0.729863779168774,0.363521700906868,1.00722540276447,0.746936683470774,0.369241463050099,1.02698963174461
2,21,4,"LEF outcome",0.53,0.556556556556557,0.7540453574859,0.37280460822366,1.0340860508199,0.7308013409655,0.363866284576239,1.0084650650321,0.7540453574859,0.37280460822366,1.0340860508199
2,21,4,"Jackknife MVN",NA,NA,NA,NA,NA,NA,NA,NA,NA,NA,NA
2,21,4,"Jackknife Wald",NA,NA,NA,NA,NA,NA,NA,NA,NA,NA,NA
2,22,0,"LEF both",0.945,0.942,0.986094801091125,0.956688622130012,1.01506849815316,0.988940222458176,0.959682146929772,1.01640998085235,0.986094801091125,0.956688622130012,1.01506849815316
2,22,0,"LEF outcome",0.945,0.942,0.986094801091124,0.956688622130012,1.01506849815316,0.988940222458176,0.959682146929772,1.01640998085235,0.986094801091124,0.956688622130012,1.01506849815316
2,22,0,"Bootstrap",0.937,0.935,0.979158859750184,0.948914797977777,1.00712069589888,0.981636849463381,0.951903023087735,1.00960682484534,0.979158859750184,0.948914797977777,1.00712069589888
2,22,0,"Sandwich",0.934,0.934,0.981886405432934,0.951811535721199,1.01311182042636,0.981886405432934,0.951811535721199,1.01311182042636,0.981886405432934,0.951811535721199,1.01311182042636
2,22,0,"Jackknife MVN",NA,NA,NA,NA,NA,NA,NA,NA,NA,NA,NA
2,22,0,"Jackknife Wald",NA,NA,NA,NA,NA,NA,NA,NA,NA,NA,NA
2,22,1,"Bootstrap",0.949,0.946,0.997966914027457,0.94809945119614,1.04361059919792,0.998869198996556,0.948654353449423,1.04344709536912,0.997966914027457,0.94809945119614,1.04361059919792
2,22,1,"LEF outcome",0.948,0.951,1.02736060298866,0.973065496543564,1.07640430052866,1.02825989125942,0.974602940741987,1.07724332594522,1.02736060298866,0.973065496543564,1.07640430052866
2,22,1,"LEF both",0.947,0.948,1.02606558345791,0.971705590524369,1.075092975752,1.02805222780192,0.974291495552351,1.07724788873511,1.02606558345791,0.971705590524369,1.075092975752
2,22,1,"Sandwich",0.946,0.946,1.01389596971065,0.962573714127685,1.05930464711157,1.01389596971065,0.962573714127685,1.05930464711157,1.01389596971065,0.962573714127685,1.05930464711157
2,22,1,"Jackknife MVN",NA,NA,NA,NA,NA,NA,NA,NA,NA,NA,NA
2,22,1,"Jackknife Wald",NA,NA,NA,NA,NA,NA,NA,NA,NA,NA,NA
2,22,2,"Sandwich",0.945,0.945,1.06331102581986,0.919369633135316,1.15601214678976,1.06331102581986,0.919369633135316,1.15601214678976,1.06331102581986,0.919369633135316,1.15601214678976
2,22,2,"Bootstrap",0.937,0.934,0.985704826965353,0.86026311597418,1.07201561547101,0.985077303873226,0.860403535871725,1.07103534338976,0.985704826965353,0.86026311597418,1.07201561547101
2,22,2,"LEF both",0.931,0.927,1.15557166316295,0.975729949099238,1.26149616090935,1.1566130464608,0.978945278354622,1.26151060692419,1.15557166316295,0.975729949099238,1.26149616090935
2,22,2,"LEF outcome",0.931,0.927,1.16351439058953,0.980935975786601,1.26990041395835,1.15792689976387,0.979206473599359,1.26249926633479,1.16351439058953,0.980935975786601,1.26990041395835
2,22,2,"Jackknife MVN",NA,NA,NA,NA,NA,NA,NA,NA,NA,NA,NA
2,22,2,"Jackknife Wald",NA,NA,NA,NA,NA,NA,NA,NA,NA,NA,NA
2,22,3,"Sandwich",0.903,0.903,1.07059374589551,0.664635735177973,1.25127227059264,1.07059374589551,0.664635735177973,1.25127227059264,1.07059374589551,0.664635735177973,1.25127227059264
2,22,3,"Bootstrap",0.89,0.887,0.869562298839016,0.580209811350073,0.988799872044128,0.867902941925087,0.581289837870563,0.986459435555561,0.869562298839016,0.580209811350073,0.988799872044128
2,22,3,"LEF outcome",0.881,0.883,1.35159665699614,0.811977004364831,1.67814141575232,1.3335537708355,0.800710555523674,1.64957500865877,1.35159665699614,0.811977004364831,1.67814141575232
2,22,3,"LEF both",0.88,0.882,1.33087254726474,0.802599274638656,1.64602060982613,1.33137514418529,0.80277905547977,1.64724274189542,1.33087254726474,0.802599274638656,1.64602060982613
2,22,3,"Jackknife MVN",NA,NA,NA,NA,NA,NA,NA,NA,NA,NA,NA
2,22,3,"Jackknife Wald",NA,NA,NA,NA,NA,NA,NA,NA,NA,NA,NA
2,22,4,"Sandwich",0.824,0.824,0.828604722808454,0.431790398640953,0.928131952545593,0.828604722808454,0.431790398640953,0.928131952545593,0.828604722808454,0.431790398640953,0.928131952545593
2,22,4,"LEF both",0.802,0.803,0.986699022019449,0.518314134916176,1.17769205063363,0.987144629821943,0.519405328024216,1.17851364836707,0.986699022019449,0.518314134916176,1.17769205063363
2,22,4,"LEF outcome",0.802,0.804,1.00120021683949,0.52639451494247,1.19685685451384,0.988479381657261,0.518926545465022,1.17844361456156,1.00120021683949,0.52639451494247,1.19685685451384
2,22,4,"Bootstrap",0.784,0.778,0.804658435462154,0.383736145385302,0.763174885892732,0.803720734932272,0.38389610856207,0.762530477788713,0.804658435462154,0.383736145385302,0.763174885892732
2,22,4,"Jackknife MVN",NA,NA,NA,NA,NA,NA,NA,NA,NA,NA,NA
2,22,4,"Jackknife Wald",NA,NA,NA,NA,NA,NA,NA,NA,NA,NA,NA
2,23,0,"LEF both",0.955,0.938938938938939,0.970098016434554,0.938205902672987,1.0025682465711,1.00449648365551,0.970541291967047,1.03756714921945,0.970098016434554,0.938205902672987,1.0025682465711
2,23,0,"LEF outcome",0.955,0.938938938938939,0.970098016434554,0.938205902672987,1.0025682465711,1.00449648365551,0.970541291967047,1.03756714921945,0.970098016434554,0.938205902672987,1.0025682465711
2,23,0,"Sandwich",0.951,0.940940940940941,0.966556742306059,0.933181794348071,0.997332365066987,1.00084535507918,0.966570937104901,1.03504376379204,0.966556742306059,0.933181794348071,0.997332365066987
2,23,0,"Bootstrap",0.95,0.935935935935936,0.962381719319398,0.930074638155967,0.994164438000227,0.996273840965989,0.962351028285814,1.02947976077084,0.962381719319398,0.930074638155967,0.994164438000227
2,23,0,"Jackknife MVN",NA,NA,NA,NA,NA,NA,NA,NA,NA,NA,NA
2,23,0,"Jackknife Wald",NA,NA,NA,NA,NA,NA,NA,NA,NA,NA,NA
2,23,1,"Sandwich",0.947,0.94994994994995,0.994036720151172,0.955403659358271,1.03289417091389,0.979032194111735,0.939561088751094,1.01680010895415,0.994036720151172,0.955403659358271,1.03289417091389
2,23,1,"LEF both",0.939,0.945945945945946,0.99969569332177,0.959168647267629,1.03754042532001,0.987204535240288,0.946891301352192,1.02680714267624,0.99969569332177,0.959168647267629,1.03754042532001
2,23,1,"LEF outcome",0.939,0.943943943943944,1.00075220692929,0.959776461855941,1.03939505219717,0.987386549957424,0.947027302986462,1.02690396183817,1.00075220692929,0.959776461855941,1.03939505219717
2,23,1,"Bootstrap",0.936,0.943943943943944,0.983624970455952,0.944658192246319,1.02211026735536,0.970503353216594,0.93048153105738,1.00988213436563,0.983624970455952,0.944658192246319,1.02211026735536
2,23,1,"Jackknife MVN",NA,NA,NA,NA,NA,NA,NA,NA,NA,NA,NA
2,23,1,"Jackknife Wald",NA,NA,NA,NA,NA,NA,NA,NA,NA,NA,NA
2,23,2,"LEF both",0.939,0.938938938938939,1.04281431883943,0.982625006179818,1.0996441980742,1.02015379162574,0.954537575879199,1.07910100306724,1.04281431883943,0.982625006179818,1.0996441980742
2,23,2,"LEF outcome",0.938,0.940940940940941,1.04518933200036,0.985750962486901,1.10245309737535,1.02052803766763,0.954910869137985,1.0796040432152,1.04518933200036,0.985750962486901,1.10245309737535
2,23,2,"Sandwich",0.937,0.946946946946947,1.02689666023129,0.965546571260558,1.08280062727601,1.00407786567338,0.943354711554664,1.06049767885189,1.02689666023129,0.965546571260558,1.08280062727601
2,23,2,"Bootstrap",0.932,0.93993993993994,1.00391051371152,0.943864670656911,1.05771685235367,0.981753100816459,0.919112196723013,1.03801467603048,1.00391051371152,0.943864670656911,1.05771685235367
2,23,2,"Jackknife MVN",NA,NA,NA,NA,NA,NA,NA,NA,NA,NA,NA
2,23,2,"Jackknife Wald",NA,NA,NA,NA,NA,NA,NA,NA,NA,NA,NA
2,23,3,"Sandwich",0.952,0.955955955955956,1.05086237599737,0.953811975198402,1.12476768443204,1.01742152043136,0.925930435025794,1.09741692442139,1.05086237599737,0.953811975198402,1.12476768443204
2,23,3,"LEF both",0.945,0.946946946946947,1.10117964419895,0.991708533668088,1.18557982233701,1.06435869106381,0.962893384921275,1.15563240668983,1.10117964419895,0.991708533668088,1.18557982233701
2,23,3,"LEF outcome",0.945,0.948948948948949,1.10567191849193,0.995906867854037,1.18974565893302,1.06499190323062,0.96306586785411,1.15634794325862,1.10567191849193,0.995906867854037,1.18974565893302
2,23,3,"Bootstrap",0.928,0.92992992992993,0.9912247267197,0.899738320921817,1.0705606634735,0.963894279532519,0.870706812556588,1.04542989506881,0.9912247267197,0.899738320921817,1.0705606634735
2,23,3,"Jackknife MVN",NA,NA,NA,NA,NA,NA,NA,NA,NA,NA,NA
2,23,3,"Jackknife Wald",NA,NA,NA,NA,NA,NA,NA,NA,NA,NA,NA
2,23,4,"LEF both",0.976,0.971971971971972,1.27795394885708,1.0530041781392,1.4274407587161,1.32201190746069,1.0939203257419,1.47742668307206,1.27795394885708,1.0530041781392,1.4274407587161
2,23,4,"LEF outcome",0.976,0.96996996996997,1.28446950144476,1.05311971321486,1.43617145979341,1.322988459017,1.094453123122,1.47820982771699,1.28446950144476,1.05311971321486,1.43617145979341
2,23,4,"Sandwich",0.942,0.922922922922923,1.10204381957962,0.917493416861302,1.23905333312745,1.13394556121395,0.951012052038195,1.27572696252053,1.10204381957962,0.917493416861302,1.23905333312745
2,23,4,"Bootstrap",0.919,0.910910910910911,0.937101098927449,0.783889919039062,1.0577427531634,0.965722393974686,0.818945609729052,1.09151827792227,0.937101098927449,0.783889919039062,1.0577427531634
2,23,4,"Jackknife MVN",NA,NA,NA,NA,NA,NA,NA,NA,NA,NA,NA
2,23,4,"Jackknife Wald",NA,NA,NA,NA,NA,NA,NA,NA,NA,NA,NA
2,24,0,"Sandwich",0.944944944944945,0.944944944944945,1.00441084891988,0.959343154317788,1.04951653047504,1.00441084891988,0.959343154317788,1.04951653047504,1.00441084891988,0.959343154317788,1.04951653047504
2,24,0,"Bootstrap",0.94,0.937,0.992104824494672,0.946021578449516,1.03415204901831,0.992906614742566,0.9462903621234,1.03522157624213,0.992104824494672,0.946021578449516,1.03415204901831
2,24,0,"LEF both",0.936,0.935,1.00893685050738,0.963450472004705,1.05279467599153,1.01012284228708,0.964333983861011,1.05397324062632,1.00893685050738,0.963450472004705,1.05279467599153
2,24,0,"LEF outcome",0.936,0.935,1.00893685050738,0.963450472004705,1.05279467599153,1.01012284228708,0.964333983861011,1.05397324062632,1.00893685050738,0.963450472004705,1.05279467599153
2,24,0,"Jackknife MVN",NA,NA,NA,NA,NA,NA,NA,NA,NA,NA,NA
2,24,0,"Jackknife Wald",NA,NA,NA,NA,NA,NA,NA,NA,NA,NA,NA
2,24,1,"Sandwich",0.942942942942943,0.942942942942943,0.995026559297697,0.895648028399677,1.0833768234506,0.995026559297697,0.895648028399677,1.0833768234506,0.995026559297697,0.895648028399677,1.0833768234506
2,24,1,"Bootstrap",0.914,0.91,0.956653802290936,0.855332451731484,1.05097375129395,0.956169016474719,0.855920381740066,1.05258228043801,0.956653802290936,0.855332451731484,1.05097375129395
2,24,1,"LEF both",0.892,0.892,1.02471706156476,0.920538160715168,1.11709458132232,1.02542654567787,0.92147918150951,1.11866389269228,1.02471706156476,0.920538160715168,1.11709458132232
2,24,1,"LEF outcome",0.892,0.892,1.02862056296404,0.923328013428672,1.12152424259872,1.02615227845681,0.922131364441054,1.11962396239126,1.02862056296404,0.923328013428672,1.12152424259872
2,24,1,"Jackknife MVN",NA,NA,NA,NA,NA,NA,NA,NA,NA,NA,NA
2,24,1,"Jackknife Wald",NA,NA,NA,NA,NA,NA,NA,NA,NA,NA,NA
2,24,2,"Sandwich",0.897897897897898,0.897897897897898,0.988498375029921,0.798710714743144,1.16318271105257,0.988498375029921,0.798710714743144,1.16318271105257,0.988498375029921,0.798710714743144,1.16318271105257
2,24,2,"Bootstrap",0.854,0.855,0.880621503651404,0.682614597177272,1.05726810366601,0.879514656395261,0.682055319592599,1.05675654708366,0.880621503651404,0.682614597177272,1.05726810366601
2,24,2,"LEF both",0.827,0.826,1.13002137626139,0.91629088220783,1.31961842038587,1.13037197416141,0.91676667890913,1.32081752643111,1.13002137626139,0.91629088220783,1.31961842038587
2,24,2,"LEF outcome",0.827,0.825,1.14108503974033,0.918904572053392,1.33442226033773,1.13196051117036,0.917796745119518,1.32370169544242,1.14108503974033,0.918904572053392,1.33442226033773
2,24,2,"Jackknife MVN",NA,NA,NA,NA,NA,NA,NA,NA,NA,NA,NA
2,24,2,"Jackknife Wald",NA,NA,NA,NA,NA,NA,NA,NA,NA,NA,NA
2,24,3,"Sandwich",0.827827827827828,0.827827827827828,0.842339739044541,0.471191698509817,1.16052248904598,0.842339739044541,0.471191698509817,1.16052248904598,0.842339739044541,0.471191698509817,1.16052248904598
2,24,3,"Bootstrap",0.721,0.722,0.750451989900498,0.397215627251884,1.00234106328279,0.749550743868442,0.396668587423284,0.998374088808744,0.750451989900498,0.397215627251884,1.00234106328279
2,24,3,"LEF both",0.684,0.684,0.976987929923551,0.556096682482898,1.3370910892067,0.977166626542358,0.556091554707146,1.33908031330615,0.976987929923551,0.556096682482898,1.3370910892067
2,24,3,"LEF outcome",0.684,0.685,0.986360481580279,0.560586516840622,1.34731988155197,0.978611333954433,0.556526711146152,1.3406982016998,0.986360481580279,0.560586516840622,1.34731988155197
2,24,3,"Jackknife MVN",NA,NA,NA,NA,NA,NA,NA,NA,NA,NA,NA
2,24,3,"Jackknife Wald",NA,NA,NA,NA,NA,NA,NA,NA,NA,NA,NA
2,24,4,"Sandwich",0.694694694694695,0.694694694694695,0.588045519506127,0.281369856535041,0.769772886632374,0.588045519506127,0.281369856535041,0.769772886632374,0.588045519506127,0.281369856535041,0.769772886632374
2,24,4,"Bootstrap",0.563,0.565,0.584282498632787,0.238080877520091,0.679749731711008,0.583769122824849,0.238415572107046,0.678864023492495,0.584282498632787,0.238080877520091,0.679749731711008
2,24,4,"LEF both",0.541,0.543,0.662905722051098,0.332365141354617,0.889085855392345,0.663039157746478,0.332241897617197,0.889221226950542,0.662905722051098,0.332365141354617,0.889085855392345
2,24,4,"LEF outcome",0.541,0.546,0.668496090463044,0.334314389453215,0.896933152889583,0.663946525393793,0.332624112896837,0.890446923256433,0.668496090463044,0.334314389453215,0.896933152889583
2,24,4,"Jackknife MVN",NA,NA,NA,NA,NA,NA,NA,NA,NA,NA,NA
2,24,4,"Jackknife Wald",NA,NA,NA,NA,NA,NA,NA,NA,NA,NA,NA
2,25,0,"Bootstrap",0.942,0.942,0.995384830891029,0.965205002725094,1.02529427948276,0.998763856122155,0.967446737435218,1.02765989033291,0.995384830891029,0.965205002725094,1.02529427948276
2,25,0,"LEF both",0.941,0.943,0.999376446496977,0.968843483338673,1.02937068866867,1.00307570810732,0.970806107005109,1.03191585905035,0.999376446496977,0.968843483338673,1.02937068866867
2,25,0,"LEF outcome",0.941,0.943,0.999376446496977,0.968843483338674,1.02937068866867,1.00307570810732,0.970806107005109,1.03191585905035,0.999376446496977,0.968843483338674,1.02937068866867
2,25,0,"Sandwich",0.941,0.941,0.997366845314604,0.966674386004946,1.02572006258809,0.997366845314604,0.966674386004946,1.02572006258809,0.997366845314604,0.966674386004946,1.02572006258809
2,25,0,"Jackknife MVN",NA,NA,NA,NA,NA,NA,NA,NA,NA,NA,NA
2,25,0,"Jackknife Wald",NA,NA,NA,NA,NA,NA,NA,NA,NA,NA,NA
2,25,1,"LEF both",0.95,0.949,0.99292707869015,0.936420321774968,1.03504049963666,0.994980870885687,0.939217278330678,1.03760728619074,0.99292707869015,0.936420321774968,1.03504049963666
2,25,1,"LEF outcome",0.95,0.95,0.995008179013144,0.939133568267299,1.03731052996074,0.995116670419471,0.939242943143412,1.03776668564966,0.995008179013144,0.939133568267299,1.03731052996074
2,25,1,"Bootstrap",0.946,0.942,0.973235279806797,0.921701545700089,1.01557396022044,0.973385876094419,0.922720923535653,1.01511171084224,0.973235279806797,0.921701545700089,1.01557396022044
2,25,1,"Sandwich",0.939,0.939,0.988099355703774,0.938544894008166,1.0302392103614,0.988099355703774,0.938544894008166,1.0302392103614,0.988099355703774,0.938544894008166,1.0302392103614
2,25,1,"Jackknife MVN",NA,NA,NA,NA,NA,NA,NA,NA,NA,NA,NA
2,25,1,"Jackknife Wald",NA,NA,NA,NA,NA,NA,NA,NA,NA,NA,NA
2,25,2,"LEF outcome",0.951,0.951,1.10897600416393,0.877557081475428,1.19682988813767,1.1034503231693,0.876832410381007,1.19549374473823,1.10897600416393,0.877557081475428,1.19682988813767
2,25,2,"LEF both",0.95,0.948,1.10098006847873,0.874715040005063,1.19388226006186,1.10194762928979,0.876843442648242,1.19415749285727,1.10098006847873,0.874715040005063,1.19388226006186
2,25,2,"Bootstrap",0.946,0.948,0.955024832002323,0.80369760345184,1.03016987320492,0.953643480710778,0.802518348668736,1.02649014205125,0.955024832002323,0.80369760345184,1.03016987320492
2,25,2,"Sandwich",0.934,0.934,1.02537792597074,0.841858711138312,1.09499818580991,1.02537792597074,0.841858711138312,1.09499818580991,1.02537792597074,0.841858711138312,1.09499818580991
2,25,2,"Jackknife MVN",NA,NA,NA,NA,NA,NA,NA,NA,NA,NA,NA
2,25,2,"Jackknife Wald",NA,NA,NA,NA,NA,NA,NA,NA,NA,NA,NA
2,25,3,"LEF both",0.914,0.915,1.14124408015331,0.711175320765287,1.34464680321746,1.14169277876114,0.710791712411282,1.34488481073395,1.14124408015331,0.711175320765287,1.34464680321746
2,25,3,"LEF outcome",0.914,0.916,1.15691428373499,0.718326112606014,1.36054876208779,1.14361673839521,0.710738394996139,1.3441264061946,1.15691428373499,0.718326112606014,1.36054876208779
2,25,3,"Bootstrap",0.912,0.911,0.822191916199692,0.550407071097923,0.887511524620709,0.820358145657305,0.548926376133113,0.889789339210137,0.822191916199692,0.550407071097923,0.887511524620709
2,25,3,"Sandwich",0.908,0.908,0.954703666903331,0.616744168728946,1.06410398483433,0.954703666903331,0.616744168728946,1.06410398483433,0.954703666903331,0.616744168728946,1.06410398483433
2,25,3,"Jackknife MVN",NA,NA,NA,NA,NA,NA,NA,NA,NA,NA,NA
2,25,3,"Jackknife Wald",NA,NA,NA,NA,NA,NA,NA,NA,NA,NA,NA
2,25,4,"LEF both",0.888,0.889,0.742315453193117,0.386617535422477,0.932965896787422,0.742581220465473,0.387058243989498,0.933406103736548,0.742315453193117,0.386617535422477,0.932965896787422
2,25,4,"LEF outcome",0.888,0.891,0.751200844490525,0.390918118065586,0.952418085367984,0.743583493381203,0.386834054899377,0.935658978530972,0.751200844490525,0.390918118065586,0.952418085367984
2,25,4,"Bootstrap",0.83,0.829,0.733512325473306,0.304098088376703,0.797751703514493,0.732775673337851,0.303685748009395,0.796214151455579,0.733512325473306,0.304098088376703,0.797751703514493
2,25,4,"Sandwich",0.83,0.83,0.650001819717167,0.335343190608601,0.786772739505062,0.650001819717167,0.335343190608601,0.786772739505062,0.650001819717167,0.335343190608601,0.786772739505062
2,25,4,"Jackknife MVN",NA,NA,NA,NA,NA,NA,NA,NA,NA,NA,NA
2,25,4,"Jackknife Wald",NA,NA,NA,NA,NA,NA,NA,NA,NA,NA,NA
2,26,0,"LEF both",0.956,0.954,1.00360088253306,0.968307367579848,1.03771948366633,1.0060761165445,0.970411520505411,1.04016852968271,1.00360088253306,0.968307367579848,1.03771948366633
2,26,0,"LEF outcome",0.956,0.954,1.00360088253306,0.968307367579848,1.03771948366633,1.0060761165445,0.97041152050541,1.0401685296827,1.00360088253306,0.968307367579848,1.03771948366633
2,26,0,"Bootstrap",0.953,0.951,0.998028430383689,0.96278208210641,1.03182329738638,1.00018577710773,0.964605793582851,1.03432922945237,0.998028430383689,0.96278208210641,1.03182329738638
2,26,0,"Sandwich",0.953,0.953,1.00292133775524,0.968637294448776,1.03585605799423,1.00292133775524,0.968637294448776,1.03585605799423,1.00292133775524,0.968637294448776,1.03585605799423
2,26,0,"Jackknife MVN",NA,NA,NA,NA,NA,NA,NA,NA,NA,NA,NA
2,26,0,"Jackknife Wald",NA,NA,NA,NA,NA,NA,NA,NA,NA,NA,NA
2,26,1,"LEF both",0.94,0.938,1.0023630437632,0.937522654045682,1.05417315732207,1.00362283831857,0.93861109685004,1.05525769207165,1.0023630437632,0.937522654045682,1.05417315732207
2,26,1,"LEF outcome",0.94,0.939,1.00589922364812,0.93923771774118,1.05994218562374,1.00418963762904,0.938880672403865,1.05598990247431,1.00589922364812,0.93923771774118,1.05994218562374
2,26,1,"Sandwich",0.933,0.933,0.99700915302696,0.931885340127767,1.05110085529113,0.99700915302696,0.931885340127767,1.05110085529113,0.99700915302696,0.931885340127767,1.05110085529113
2,26,1,"Bootstrap",0.931,0.931,0.980186325917201,0.918795181083012,1.0310445290799,0.979737829293282,0.919193848263694,1.02891455670686,0.980186325917201,0.918795181083012,1.0310445290799
2,26,1,"Jackknife MVN",NA,NA,NA,NA,NA,NA,NA,NA,NA,NA,NA
2,26,1,"Jackknife Wald",NA,NA,NA,NA,NA,NA,NA,NA,NA,NA,NA
2,26,2,"LEF both",0.943,0.941,0.996803472049175,0.866449970162057,1.08306097756548,0.997570056898351,0.86727409304647,1.0825023199653,0.996803472049175,0.866449970162057,1.08306097756548
2,26,2,"LEF outcome",0.943,0.938,1.00262711048399,0.870367035604861,1.08867027014727,0.998529630999897,0.867789796725659,1.08366851300574,1.00262711048399,0.870367035604861,1.08867027014727
2,26,2,"Sandwich",0.934,0.934,0.971464508946936,0.85079828295064,1.05184808960155,0.971464508946936,0.85079828295064,1.05184808960155,0.971464508946936,0.85079828295064,1.05184808960155
2,26,2,"Bootstrap",0.927,0.926,0.939588091773824,0.823035455125519,1.01789914382628,0.938560133489176,0.822184401574532,1.01606403166998,0.939588091773824,0.823035455125519,1.01789914382628
2,26,2,"Jackknife MVN",NA,NA,NA,NA,NA,NA,NA,NA,NA,NA,NA
2,26,2,"Jackknife Wald",NA,NA,NA,NA,NA,NA,NA,NA,NA,NA,NA
2,26,3,"LEF both",0.932,0.932,1.02670388137168,0.831388035864806,1.14650951598124,1.02711795839062,0.831858459569351,1.1478091402144,1.02670388137168,0.831388035864806,1.14650951598124
2,26,3,"LEF outcome",0.932,0.934,1.0344033564431,0.83478042798415,1.15696314385745,1.02844065136208,0.832557689780845,1.14951622962663,1.0344033564431,0.83478042798415,1.15696314385745
2,26,3,"Sandwich",0.916,0.916,0.962806156803885,0.792191681066923,1.07645096128676,0.962806156803885,0.792191681066923,1.07645096128676,0.962806156803885,0.792191681066923,1.07645096128676
2,26,3,"Bootstrap",0.903,0.905,0.897909223629985,0.737998090262505,0.998413889492412,0.896649649307801,0.738350359049435,0.99909268634241,0.897909223629985,0.737998090262505,0.998413889492412
2,26,3,"Jackknife MVN",NA,NA,NA,NA,NA,NA,NA,NA,NA,NA,NA
2,26,3,"Jackknife Wald",NA,NA,NA,NA,NA,NA,NA,NA,NA,NA,NA
2,26,4,"LEF both",0.952,0.95,1.14383713359734,0.887453785501084,1.32583180850979,1.1441887998722,0.888381900991256,1.3267527140301,1.14383713359734,0.887453785501084,1.32583180850979
2,26,4,"LEF outcome",0.952,0.951,1.15089173578919,0.889289656032091,1.33128825880884,1.14548503102953,0.889051260185945,1.32879033612197,1.15089173578919,0.889289656032091,1.33128825880884
2,26,4,"Sandwich",0.902,0.902,1.00505346145732,0.774192422615488,1.14391491235569,1.00505346145732,0.774192422615488,1.14391491235569,1.00505346145732,0.774192422615488,1.14391491235569
2,26,4,"Bootstrap",0.889,0.89,0.874234886528581,0.678019496441442,1.00365731405975,0.873368559533563,0.678809714563335,1.00374597701027,0.874234886528581,0.678019496441442,1.00365731405975
2,26,4,"Jackknife MVN",NA,NA,NA,NA,NA,NA,NA,NA,NA,NA,NA
2,26,4,"Jackknife Wald",NA,NA,NA,NA,NA,NA,NA,NA,NA,NA,NA
2,27,0,"LEF both",0.947,0.950950950950951,1.06311765818817,1.01653647614551,1.10951269346058,1.03946705929199,0.991870871253427,1.08609789488893,1.06311765818817,1.01653647614551,1.10951269346058
2,27,0,"LEF outcome",0.947,0.950950950950951,1.06311765818817,1.01653647614551,1.10951269346058,1.03946705929199,0.991870871253427,1.08609789488893,1.06311765818817,1.01653647614551,1.10951269346058
2,27,0,"Sandwich",0.945945945945946,0.954954954954955,1.0563221739928,1.01406824096769,1.10267632369031,1.0302959926972,0.987980008319199,1.07623207349369,1.0563221739928,1.01406824096769,1.10267632369031
2,27,0,"Bootstrap",0.942,0.947947947947948,1.05387449058151,1.00162338970698,1.09869123874905,1.02905460816742,0.978160424829142,1.0722473964491,1.05387449058151,1.00162338970698,1.09869123874905
2,27,0,"Jackknife MVN",NA,NA,NA,NA,NA,NA,NA,NA,NA,NA,NA
2,27,0,"Jackknife Wald",NA,NA,NA,NA,NA,NA,NA,NA,NA,NA,NA
2,27,1,"Sandwich",0.922922922922923,0.925925925925926,1.00504194541454,0.844819931910636,1.1216154025916,0.983938644711794,0.822649783808156,1.09402280063628,1.00504194541454,0.844819931910636,1.1216154025916
2,27,1,"Bootstrap",0.905,0.902902902902903,0.960151599603133,0.807439050515545,1.06782172336379,0.937590677578951,0.786857565776891,1.04111759364238,0.960151599603133,0.807439050515545,1.06782172336379
2,27,1,"LEF both",0.891,0.882882882882883,1.05157621254087,0.872407469366288,1.16536034794415,1.02830814138898,0.850618567506503,1.14225109761155,1.05157621254087,0.872407469366288,1.16536034794415
2,27,1,"LEF outcome",0.891,0.882882882882883,1.05933664956666,0.875472886515837,1.17603752498335,1.02993969800911,0.851692744081965,1.14387496933175,1.05933664956666,0.875472886515837,1.17603752498335
2,27,1,"Jackknife MVN",NA,NA,NA,NA,NA,NA,NA,NA,NA,NA,NA
2,27,1,"Jackknife Wald",NA,NA,NA,NA,NA,NA,NA,NA,NA,NA,NA
2,27,2,"Sandwich",0.906906906906907,0.902902902902903,0.917267339949565,0.648971380519582,1.09436160114947,0.902901202819679,0.646727875405106,1.07423773812999,0.917267339949565,0.648971380519582,1.09436160114947
2,27,2,"Bootstrap",0.821,0.815815815815816,0.825527855614839,0.572026261413722,0.96681946703729,0.810163482363553,0.570929515569911,0.956834884166648,0.825527855614839,0.572026261413722,0.96681946703729
2,27,2,"LEF both",0.786,0.783783783783784,1.03622482415202,0.734353596226367,1.21380238380472,1.01907308702452,0.729310041014924,1.21561331759485,1.03622482415202,0.734353596226367,1.21380238380472
2,27,2,"LEF outcome",0.786,0.781781781781782,1.04816312868825,0.741237981596741,1.22940903820527,1.02127614040478,0.729659473822512,1.21747274702714,1.04816312868825,0.741237981596741,1.22940903820527
2,27,2,"Jackknife MVN",NA,NA,NA,NA,NA,NA,NA,NA,NA,NA,NA
2,27,2,"Jackknife Wald",NA,NA,NA,NA,NA,NA,NA,NA,NA,NA,NA
2,27,3,"Sandwich",0.802802802802803,0.792792792792793,0.74088046413952,0.409706891801373,0.983982736093627,0.763500520535727,0.424040429426071,1.01695722413535,0.74088046413952,0.409706891801373,0.983982736093627
2,27,3,"Bootstrap",0.683,0.692692692692693,0.681861066936789,0.356368342514411,0.865754477616296,0.698125211464347,0.367831590605513,0.905989169931942,0.681861066936789,0.356368342514411,0.865754477616296
2,27,3,"LEF both",0.646,0.661661661661662,0.846345868192059,0.492256931432737,1.11905836036152,0.876760771010561,0.510167195894672,1.16512131748162,0.846345868192059,0.492256931432737,1.11905836036152
2,27,3,"LEF outcome",0.646,0.65965965965966,0.854688514671759,0.494964110469319,1.13331913910003,0.878439354924567,0.510947561013156,1.16763102199805,0.854688514671759,0.494964110469319,1.13331913910003
2,27,3,"Jackknife MVN",NA,NA,NA,NA,NA,NA,NA,NA,NA,NA,NA
2,27,3,"Jackknife Wald",NA,NA,NA,NA,NA,NA,NA,NA,NA,NA,NA
2,27,4,"Sandwich",0.678678678678679,0.692692692692693,0.571444561026939,0.286658862227683,0.748499438092546,0.582951600541521,0.289999567056455,0.776625973883199,0.571444561026939,0.286658862227683,0.748499438092546
2,27,4,"Bootstrap",0.544,0.544544544544545,0.573041795227825,0.246227690466459,0.690320097007749,0.583018866485377,0.247616080997795,0.720075339531251,0.573041795227825,0.246227690466459,0.690320097007749
2,27,4,"LEF both",0.523,0.525525525525526,0.641495172812867,0.340452073661726,0.844123168979732,0.657439486823849,0.344405837973968,0.868061603789847,0.641495172812867,0.340452073661726,0.844123168979732
2,27,4,"LEF outcome",0.523,0.528528528528528,0.647029336546824,0.342494362242104,0.857277118039481,0.658543441987738,0.345108482397351,0.869738885732347,0.647029336546824,0.342494362242104,0.857277118039481
2,27,4,"Jackknife MVN",NA,NA,NA,NA,NA,NA,NA,NA,NA,NA,NA
2,27,4,"Jackknife Wald",NA,NA,NA,NA,NA,NA,NA,NA,NA,NA,NA
3,1,0,"Jackknife MVN",0.977099236641221,0.977099236641221,1.3438333593329,1.09224087094012,1.23093602153505,1.3438333593329,1.09224087094012,1.23093602153505,1.3438333593329,1.09224087094012,1.23093602153505
3,1,0,"LEF both",0.965,0.953,1.11217428177008,1.03722971253754,1.18161834389959,1.12321722196099,1.04787019581901,1.19282924796501,1.11217428177008,1.03722971253754,1.18161834389959
3,1,0,"LEF outcome",0.965,0.953,1.11217428177008,1.03722971253754,1.18161834389959,1.12321722196099,1.047870195819,1.19282924796501,1.11217428177008,1.03722971253754,1.18161834389959
3,1,0,"Bootstrap",0.954,0.947,0.993201924967991,0.909639614262772,1.07854144460617,0.997522465712304,0.910228803722331,1.08254218135572,0.993201924967991,0.909639614262772,1.07854144460617
3,1,0,"Sandwich",0.953798767967146,0.953798767967146,1.05857663732371,0.97799112479824,1.14223573777824,1.05857663732371,0.97799112479824,1.14223573777824,1.05857663732371,0.97799112479824,1.14223573777824
3,1,0,"Jackknife Wald",0.949,0.942,0.999562935705342,0.917070182356103,1.08375244668574,1.00188686809079,0.922864685125458,1.08420819794406,0.999562935705342,0.917070182356103,1.08375244668574
3,1,1,"LEF both",0.962,0.956,1.28735964651967,1.03018669166903,1.52282474705313,1.29685918519713,1.04364407563215,1.53117207430792,1.28735964651967,1.03018669166903,1.52282474705313
3,1,1,"LEF outcome",0.962,0.958,1.34911046486669,1.0539003801009,1.60584085503932,1.31434767011931,1.04032767304683,1.55566821412766,1.34911046486669,1.0539003801009,1.60584085503932
3,1,1,"Jackknife MVN",0.959923664122137,0.959923664122137,4.26331397920872,1.32480428182963,9.94718329908882,4.26331397920872,1.32480428182963,9.94718329908882,4.26331397920872,1.32480428182963,9.94718329908882
3,1,1,"Jackknife Wald",0.952,0.947,1.01744672214707,0.829066624479587,1.15296821210531,1.01852419885316,0.837413956380918,1.15036130967713,1.01744672214707,0.829066624479587,1.15296821210531
3,1,1,"Bootstrap",0.945,0.938,0.991312584048418,0.816662885860897,1.13399313472155,0.989190770047457,0.820474063218054,1.1266868427791,0.991312584048418,0.816662885860897,1.13399313472155
3,1,1,"Sandwich",0.927104722792608,0.927104722792608,1.12485937001221,0.922894311413419,1.30861743365064,1.12485937001221,0.922894311413419,1.30861743365064,1.12485937001221,0.922894311413419,1.30861743365064
3,1,2,"LEF outcome",0.949,0.943,1.06668092113772,0.765634344085837,1.26398249416819,1.03756633879292,0.751379179684648,1.23485557469228,1.06668092113772,0.765634344085837,1.26398249416819
3,1,2,"LEF both",0.947,0.944,1.01678687039023,0.743249515784802,1.19442944227335,1.02361475133616,0.750003169654935,1.20512906789171,1.01678687039023,0.743249515784802,1.19442944227335
3,1,2,"Jackknife MVN",0.946564885496183,0.946564885496183,3.18438139089981,0.985658277922833,5.25549235925891,3.18438139089981,0.985658277922833,5.25549235925891,3.18438139089981,0.985658277922833,5.25549235925891
3,1,2,"Jackknife Wald",0.934,0.923,0.961192046261568,0.604947893642008,1.06083387324656,0.961509122041014,0.611891306735826,1.05338887778596,0.961192046261568,0.604947893642008,1.06083387324656
3,1,2,"Bootstrap",0.913,0.906,0.925611508988385,0.603038236716612,1.04907809848886,0.922855636225784,0.60634803023744,1.04239686600362,0.925611508988385,0.603038236716612,1.04907809848886
3,1,2,"Sandwich",0.878850102669405,0.878850102669405,0.911324898489695,0.656479948335344,1.05020945725845,0.911324898489695,0.656479948335344,1.05020945725845,0.911324898489695,0.656479948335344,1.05020945725845
3,1,3,"Jackknife MVN",0.958015267175573,0.958015267175573,1.7604884826984,0.641855624774421,2.61240461400469,1.7604884826984,0.641855624774421,2.61240461400469,1.7604884826984,0.641855624774421,2.61240461400469
3,1,3,"Jackknife Wald",0.938,0.928,0.853074018236094,0.3974777838089,0.797918158139838,0.853848483218682,0.406415228358325,0.792379458373863,0.853074018236094,0.3974777838089,0.797918158139838
3,1,3,"LEF outcome",0.913,0.911,0.627248914998802,0.469579148613296,0.738170035113055,0.614680603320089,0.46146434335939,0.711956398444316,0.627248914998802,0.469579148613296,0.738170035113055
3,1,3,"LEF both",0.911,0.908,0.603667762837725,0.455430537782741,0.700216312786921,0.608364719206469,0.460593385533983,0.702143988780761,0.603667762837725,0.455430537782741,0.700216312786921
3,1,3,"Bootstrap",0.845,0.843,0.732320549409888,0.428985075657845,0.847299392659702,0.731623197116315,0.429769074404334,0.84245627142716,0.732320549409888,0.428985075657845,0.847299392659702
3,1,3,"Sandwich",0.82135523613963,0.82135523613963,0.544695556575739,0.401546215279011,0.625548700914865,0.544695556575739,0.401546215279011,0.625548700914865,0.544695556575739,0.401546215279011,0.625548700914865
3,1,4,"Jackknife MVN",0.977099236641221,0.977099236641221,1.30744860816319,0.516597178720522,1.91866145054832,1.30744860816319,0.516597178720522,1.91866145054832,1.30744860816319,0.516597178720522,1.91866145054832
3,1,4,"Jackknife Wald",0.972,0.968,0.890815859732907,0.378117095170502,0.809860428157329,0.891263718248346,0.381241020339026,0.812306871122639,0.890815859732907,0.378117095170502,0.809860428157329
3,1,4,"LEF outcome",0.902,0.899,0.525526272265911,0.397530545301207,0.617026689815849,0.517459702653496,0.396570989169344,0.596225812718829,0.525526272265911,0.397530545301207,0.617026689815849
3,1,4,"LEF both",0.896,0.896,0.508505577033008,0.391868541113589,0.587641104965514,0.512906492662619,0.395089062082313,0.590942894531618,0.508505577033008,0.391868541113589,0.587641104965514
3,1,4,"Bootstrap",0.838,0.837,0.663045339478943,0.388160626447094,0.771976201646015,0.662829197040307,0.388345315510125,0.770776118737117,0.663045339478943,0.388160626447094,0.771976201646015
3,1,4,"Sandwich",0.804928131416838,0.804928131416838,0.461374125227454,0.355916029925637,0.521335825409838,0.461374125227454,0.355916029925637,0.521335825409838,0.461374125227454,0.355916029925637,0.521335825409838
3,2,0,"LEF both",0.977,0.973,1.09023352763835,1.00549194200308,1.16547904606703,1.10090623284257,1.01689625802427,1.17829916090352,1.09023352763835,1.00549194200308,1.16547904606703
3,2,0,"LEF outcome",0.977,0.973,1.09023352763834,1.00549194200308,1.16547904606703,1.10090623284257,1.01689625802427,1.17829916090352,1.09023352763834,1.00549194200308,1.16547904606703
3,2,0,"Jackknife MVN",0.970863683662851,0.970863683662851,1.2670104251369,1.06293857827864,1.2146601498399,1.2670104251369,1.06293857827864,1.2146601498399,1.2670104251369,1.06293857827864,1.2146601498399
3,2,0,"Sandwich",0.950959488272921,0.950959488272921,1.04594251127143,0.96515031159636,1.12310719653501,1.04594251127143,0.96515031159636,1.12310719653501,1.04594251127143,0.96515031159636,1.12310719653501
3,2,0,"Jackknife Wald",0.95,0.945,0.999814010641748,0.914224550101216,1.08474978717157,0.999775482821394,0.910878462163031,1.08477206993612,0.999814010641748,0.914224550101216,1.08474978717157
3,2,0,"Bootstrap",0.947,0.944,0.991385493980592,0.905431955841344,1.08247115895638,0.994399124085603,0.907503271208523,1.08498901681468,0.991385493980592,0.905431955841344,1.08247115895638
3,2,1,"Jackknife MVN",0.984391259105099,0.984391259105099,2.52148856557643,1.26119425794076,1.65794056979683,2.52148856557643,1.26119425794076,1.65794056979683,2.52148856557643,1.26119425794076,1.65794056979683
3,2,1,"LEF both",0.968,0.963,1.19843454905687,1.09455231904583,1.28481393733831,1.20815812167387,1.10045001017479,1.2948404658911,1.19843454905687,1.09455231904583,1.28481393733831
3,2,1,"LEF outcome",0.967,0.966,1.21205609293422,1.10439012427149,1.30162810357749,1.21055635253689,1.10221969800055,1.29686736523826,1.21205609293422,1.10439012427149,1.30162810357749
3,2,1,"Sandwich",0.958422174840085,0.958422174840085,1.09823790166152,1.00303959738779,1.18368582359584,1.09823790166152,1.00303959738779,1.18368582359584,1.09823790166152,1.00303959738779,1.18368582359584
3,2,1,"Jackknife Wald",0.943,0.942,1.03759805846056,0.925178781570884,1.13692661279046,1.0365398328954,0.924661209116977,1.13397148290996,1.03759805846056,0.925178781570884,1.13692661279046
3,2,1,"Bootstrap",0.926,0.925,1.00576895161757,0.906575176107494,1.10906363076966,1.00660292022816,0.906806786371538,1.10585002005132,1.00576895161757,0.906575176107494,1.10906363076966
3,2,2,"Jackknife MVN",0.972944849115505,0.972944849115505,3.56248618142025,1.61832523627247,5.27718853811026,3.56248618142025,1.61832523627247,5.27718853811026,3.56248618142025,1.61832523627247,5.27718853811026
3,2,2,"LEF outcome",0.95,0.952,1.19160768488129,1.04401986762359,1.34533568519853,1.18242937203944,1.03393705621639,1.32853871384995,1.19160768488129,1.04401986762359,1.34533568519853
3,2,2,"LEF both",0.949,0.949,1.16990075319079,1.02049446746319,1.31663290655009,1.17870945108938,1.02838324005303,1.32153775176944,1.16990075319079,1.02049446746319,1.31663290655009
3,2,2,"Sandwich",0.929637526652452,0.929637526652452,1.04917751464582,0.917609240631935,1.17481724365382,1.04917751464582,0.917609240631935,1.17481724365382,1.04917751464582,0.917609240631935,1.17481724365382
3,2,2,"Jackknife Wald",0.927,0.926,1.07013694107771,0.862447630328525,1.21623599647165,1.06744284262228,0.854742125062146,1.21386469565625,1.07013694107771,0.862447630328525,1.21623599647165
3,2,2,"Bootstrap",0.897,0.9,0.977334588562711,0.82563910042192,1.10474231339371,0.977506366523315,0.824884916292115,1.10508522532001,0.977334588562711,0.82563910042192,1.10474231339371
3,2,3,"Jackknife MVN",0.968782518210198,0.968782518210198,2.49591975009466,1.52409639421453,3.28123138335903,2.49591975009466,1.52409639421453,3.28123138335903,2.49591975009466,1.52409639421453,3.28123138335903
3,2,3,"Jackknife Wald",0.941,0.941,1.13647710650538,0.738550055241606,1.39415126944914,1.13323044357765,0.740460821409072,1.38274210300648,1.13647710650538,0.738550055241606,1.39415126944914
3,2,3,"LEF both",0.878,0.869,0.881171560135779,0.687227774795282,1.05667187649232,0.89134138650865,0.697824212193885,1.06403784133785,0.881171560135779,0.687227774795282,1.05667187649232
3,2,3,"LEF outcome",0.877,0.874,0.898776139195682,0.697718998385292,1.07891288798794,0.894231505712131,0.699073509046885,1.06728266720773,0.898776139195682,0.697718998385292,1.07891288798794
3,2,3,"Bootstrap",0.837,0.833,0.90849619173831,0.680713150219163,1.08513867026036,0.910528977080305,0.685073918448843,1.08780622994787,0.90849619173831,0.680713150219163,1.08513867026036
3,2,3,"Sandwich",0.819829424307036,0.819829424307036,0.801495993609219,0.607773141070583,0.965427532630382,0.801495993609219,0.607773141070583,0.965427532630382,0.801495993609219,0.607773141070583,0.965427532630382
3,2,4,"Jackknife MVN",0.976066597294485,0.976066597294485,1.74768226649225,1.191222151308,2.25954653193776,1.74768226649225,1.191222151308,2.25954653193776,1.74768226649225,1.191222151308,2.25954653193776
3,2,4,"Jackknife Wald",0.941,0.943,1.24157928071702,0.604809816948661,1.60211604951692,1.23864620027513,0.608167867742232,1.59996728624684,1.24157928071702,0.604809816948661,1.60211604951692
3,2,4,"Bootstrap",0.792,0.792,0.862632658422541,0.552043145122732,1.09290933711407,0.864935599804296,0.555423719599546,1.09618774970588,0.862632658422541,0.552043145122732,1.09290933711407
3,2,4,"LEF outcome",0.761,0.754,0.627470696630601,0.46935669885262,0.759926408039754,0.628443128263337,0.472773878677629,0.758341550260812,0.627470696630601,0.46935669885262,0.759926408039754
3,2,4,"LEF both",0.759,0.746,0.615444856675205,0.462054432247951,0.74821886747802,0.626473289282651,0.47115619559326,0.754742152224555,0.615444856675205,0.462054432247951,0.74821886747802
3,2,4,"Sandwich",0.702558635394456,0.702558635394456,0.562805286870733,0.408772724518468,0.689928221116178,0.562805286870733,0.408772724518468,0.689928221116178,0.562805286870733,0.408772724518468,0.689928221116178
3,3,0,"Jackknife MVN",0.968253968253968,0.968253968253968,2.12725545549809,1.2377638876749,1.58278747019259,2.12725545549809,1.2377638876749,1.58278747019259,2.12725545549809,1.2377638876749,1.58278747019259
3,3,0,"Sandwich",0.962843295638126,0.962843295638126,1.13385074097079,1.00923678003288,1.24790128654343,1.13385074097079,1.00923678003288,1.24790128654343,1.13385074097079,1.00923678003288,1.24790128654343
3,3,0,"LEF both",0.949,0.944,1.23512256521682,1.10947841637765,1.36067063520943,1.24553940345759,1.12165147200228,1.36892417914021,1.23512256521682,1.10947841637765,1.36067063520943
3,3,0,"LEF outcome",0.949,0.944,1.23512256499113,1.10947841637765,1.36067063520943,1.24553940338535,1.12165147200228,1.36892417914021,1.23512256499113,1.10947841637765,1.36067063520943
3,3,0,"Jackknife Wald",0.925,0.924,1.04601760708632,0.896077762551236,1.1933331539242,1.04326160763366,0.892543993526897,1.19040248893546,1.04601760708632,0.896077762551236,1.1933331539242
3,3,0,"Bootstrap",0.906,0.906,1.02455954326504,0.882774111295659,1.16829449697588,1.02615555150708,0.883639508226114,1.17319865326235,1.02455954326504,0.882774111295659,1.16829449697588
3,3,1,"Jackknife MVN",0.96031746031746,0.96031746031746,2.98725752477808,1.03570107140405,5.34181066789516,2.98725752477808,1.03570107140405,5.34181066789516,2.98725752477808,1.03570107140405,5.34181066789516
3,3,1,"Sandwich",0.882067851373183,0.882067851373183,0.986441484569556,0.648374363314211,1.22018175640962,0.986441484569556,0.648374363314211,1.22018175640962,0.986441484569556,0.648374363314211,1.22018175640962
3,3,1,"LEF both",0.868,0.859,1.00374521407176,0.649644660305429,1.30553796677128,1.01121540126895,0.660515667070742,1.31241070701962,1.00374521407176,0.649644660305429,1.30553796677128
3,3,1,"LEF outcome",0.868,0.859,1.02751540706288,0.650358678004009,1.34163163923609,1.0169596175049,0.66043645502701,1.32158269007179,1.02751540706288,0.650358678004009,1.34163163923609
3,3,1,"Jackknife Wald",0.806,0.807,0.977929202512284,0.499847774024852,1.30683572719117,0.975519701273455,0.496194236414837,1.30619279878707,0.977929202512284,0.499847774024852,1.30683572719117
3,3,1,"Bootstrap",0.779,0.779,0.899270422525034,0.516233574311911,1.19140906134118,0.898100833959124,0.516612219890255,1.19075528074194,0.899270422525034,0.516233574311911,1.19140906134118
3,3,2,"Jackknife MVN",0.853174603174603,0.853174603174603,2.10714540021454,1.06999917743217,2.94840608272887,2.10714540021454,1.06999917743217,2.94840608272887,2.10714540021454,1.06999917743217,2.94840608272887
3,3,2,"LEF both",0.776,0.758,0.650420211625478,0.408756167890398,0.815741750882373,0.65591439849604,0.416703494473711,0.820007607496808,0.650420211625478,0.408756167890398,0.815741750882373
3,3,2,"LEF outcome",0.772,0.762,0.66430309098498,0.409688919162337,0.83791161619847,0.659517814844037,0.415974434295909,0.827330004885768,0.66430309098498,0.409688919162337,0.83791161619847
3,3,2,"Sandwich",0.74313408723748,0.74313408723748,0.655269687883929,0.396517770768564,0.794400363900132,0.655269687883929,0.396517770768564,0.794400363900132,0.655269687883929,0.396517770768564,0.794400363900132
3,3,2,"Jackknife Wald",0.703,0.705,0.885515361533732,0.310022088769578,1.05657001934712,0.883594009418686,0.308777845703116,1.05125254137923,0.885515361533732,0.310022088769578,1.05657001934712
3,3,2,"Bootstrap",0.612,0.614,0.819219845365984,0.492955197565977,1.03201103611394,0.81868834548714,0.493299544096362,1.02863493046394,0.819219845365984,0.492955197565977,1.03201103611394
3,3,3,"Jackknife MVN",0.867063492063492,0.867063492063492,1.53006097458144,0.836617102985689,2.06938378454081,1.53006097458144,0.836617102985689,2.06938378454081,1.53006097458144,0.836617102985689,2.06938378454081
3,3,3,"Jackknife Wald",0.771,0.771,0.986550012034319,0.3795714954573,1.14597757926725,0.984714680341918,0.37749002130409,1.13638984173604,0.986550012034319,0.3795714954573,1.14597757926725
3,3,3,"Sandwich",0.747980613893376,0.747980613893376,0.530017770525307,0.382478416166747,0.632973709294439,0.530017770525307,0.382478416166747,0.632973709294439,0.530017770525307,0.382478416166747,0.632973709294439
3,3,3,"LEF outcome",0.732,0.739,0.535002455155242,0.37106578195994,0.651918938742022,0.53266285886987,0.369918777206136,0.646166111133758,0.535002455155242,0.37106578195994,0.651918938742022
3,3,3,"LEF both",0.731,0.727,0.525544834652326,0.367045723656892,0.637075046694308,0.530533600582016,0.371041060267787,0.640753747156605,0.525544834652326,0.367045723656892,0.637075046694308
3,3,3,"Bootstrap",0.566,0.568,0.790610123796721,0.538386041209688,0.975964959947745,0.790431374867341,0.535009291643365,0.979919009770506,0.790610123796721,0.538386041209688,0.975964959947745
3,3,4,"Jackknife MVN",0.882936507936508,0.882936507936508,1.28590674886549,0.778043658465635,1.67334147119631,1.28590674886549,0.778043658465635,1.67334147119631,1.28590674886549,0.778043658465635,1.67334147119631
3,3,4,"Jackknife Wald",0.819,0.82,1.0774682917207,0.439217326132694,1.21468456394001,1.07555996461849,0.438973369325426,1.22114545811779,1.0774682917207,0.439217326132694,1.21468456394001
3,3,4,"Sandwich",0.789983844911147,0.789983844911147,0.533569405590052,0.414473135102544,0.628036961833378,0.533569405590052,0.414473135102544,0.628036961833378,0.533569405590052,0.414473135102544,0.628036961833378
3,3,4,"LEF both",0.73,0.723,0.519085770019654,0.390029018223946,0.622864312627967,0.523829264329356,0.394826940854909,0.624581309417204,0.519085770019654,0.390029018223946,0.622864312627967
3,3,4,"LEF outcome",0.729,0.72,0.526689849468541,0.396450361114261,0.632601552290383,0.525351617696888,0.394368130819852,0.626150648253849,0.526689849468541,0.396450361114261,0.632601552290383
3,3,4,"Bootstrap",0.6,0.6,0.791434990313619,0.540639679240769,0.977779228149732,0.791754166008765,0.539746230217315,0.979639233060632,0.791434990313619,0.540639679240769,0.977779228149732
3,4,0,"LEF both",0.961,0.954,1.05312920732028,0.973982727594858,1.13392505986778,1.0644811054878,0.983311925817273,1.14535105509127,1.05312920732028,0.973982727594858,1.13392505986778
3,4,0,"LEF outcome",0.961,0.954,1.05312920732028,0.973982727594858,1.13392505986778,1.0644811054878,0.983311925817273,1.14535105509127,1.05312920732028,0.973982727594858,1.13392505986778
3,4,0,"Jackknife MVN",0.957364341085271,0.957364341085271,1.19438273834693,1.00563458582206,1.17007572068203,1.19438273834693,1.00563458582206,1.17007572068203,1.19438273834693,1.00563458582206,1.17007572068203
3,4,0,"Sandwich",0.941237113402062,0.941237113402062,1.01603723188246,0.933583934536865,1.10036518116352,1.01603723188246,0.933583934536865,1.10036518116352,1.01603723188246,0.933583934536865,1.10036518116352
3,4,0,"Bootstrap",0.939,0.935,0.972244629972681,0.88736282291011,1.05255630645451,0.977555759411,0.895557111687327,1.05441718308841,0.972244629972681,0.88736282291011,1.05255630645451
3,4,0,"Jackknife Wald",0.939,0.934,0.978256731319907,0.893820120433581,1.06275603472319,0.981645952505398,0.900792617437809,1.06208826791197,0.978256731319907,0.893820120433581,1.06275603472319
3,4,1,"LEF both",0.959,0.95,1.2137703743199,0.988096595747487,1.40817047176737,1.22246440062718,0.993701927720112,1.41390128070186,1.2137703743199,0.988096595747487,1.40817047176737
3,4,1,"LEF outcome",0.959,0.953,1.26190469854426,1.00651366117628,1.48159707563198,1.2305718938316,0.98150895188812,1.43088765953044,1.26190469854426,1.00651366117628,1.48159707563198
3,4,1,"Jackknife Wald",0.941,0.924,0.977273560708511,0.794163696131156,1.09326932722549,0.979860567473057,0.80261668328236,1.08967495204562,0.977273560708511,0.794163696131156,1.09326932722549
3,4,1,"Jackknife MVN",0.932170542635659,0.932170542635659,3.81139632420974,1.17431557635966,9.03416500383234,3.81139632420974,1.17431557635966,9.03416500383234,3.81139632420974,1.17431557635966,9.03416500383234
3,4,1,"Bootstrap",0.925,0.921,0.953898070644599,0.781595793181829,1.07926880971971,0.951264656823774,0.783518312240617,1.06909783236255,0.953898070644599,0.781595793181829,1.07926880971971
3,4,1,"Sandwich",0.901030927835052,0.901030927835052,1.07106818708472,0.875254650544586,1.20626702287914,1.07106818708472,0.875254650544586,1.20626702287914,1.07106818708472,0.875254650544586,1.20626702287914
3,4,2,"LEF outcome",0.94,0.933,0.928866987079434,0.656838803383551,1.11278440447303,0.908223927116494,0.647936692975505,1.07695543763557,0.928866987079434,0.656838803383551,1.11278440447303
3,4,2,"LEF both",0.938,0.922,0.893167157567687,0.642925936387286,1.06018344524572,0.899305632379715,0.648182055360671,1.06854045117006,0.893167157567687,0.642925936387286,1.06018344524572
3,4,2,"Jackknife MVN",0.918604651162791,0.918604651162791,2.57565370603039,0.862285483689233,4.39857946209358,2.57565370603039,0.862285483689233,4.39857946209358,2.57565370603039,0.862285483689233,4.39857946209358
3,4,2,"Jackknife Wald",0.901,0.898,0.884699644301826,0.534353135669147,0.905730006556588,0.88657419759432,0.543648948596976,0.896717903949042,0.884699644301826,0.534353135669147,0.905730006556588
3,4,2,"Bootstrap",0.888,0.88,0.85428887065492,0.538256871263938,0.95595197552901,0.852561974116816,0.542331932232758,0.951123648124082,0.85428887065492,0.538256871263938,0.95595197552901
3,4,2,"Sandwich",0.857731958762887,0.857731958762887,0.798033316775264,0.571136073265662,0.920029434494548,0.798033316775264,0.571136073265662,0.920029434494548,0.798033316775264,0.571136073265662,0.920029434494548
3,4,3,"Jackknife MVN",0.930232558139535,0.930232558139535,1.58959275783576,0.58944889749197,2.46772938431579,1.58959275783576,0.58944889749197,2.46772938431579,1.58959275783576,0.58944889749197,2.46772938431579
3,4,3,"Jackknife Wald",0.929,0.923,0.8967354803447,0.403156190462367,0.831846203104064,0.89789775554984,0.409022196222203,0.83842067519811,0.8967354803447,0.403156190462367,0.831846203104064
3,4,3,"LEF outcome",0.907,0.905,0.613457485479853,0.449534270600731,0.730465010434381,0.604295138772838,0.449545001972486,0.712772628331477,0.613457485479853,0.449534270600731,0.730465010434381
3,4,3,"LEF both",0.905,0.905,0.594474178184336,0.443744756753706,0.699696758839507,0.599474886112061,0.449779684817292,0.703794740076948,0.594474178184336,0.443744756753706,0.699696758839507
3,4,3,"Bootstrap",0.812,0.811,0.738089422244661,0.427634841857151,0.904871532246626,0.738130824396538,0.430150779011853,0.897806218170986,0.738089422244661,0.427634841857151,0.904871532246626
3,4,3,"Sandwich",0.797938144329897,0.797938144329897,0.532680293211234,0.391162582127632,0.599295828491289,0.532680293211234,0.391162582127632,0.599295828491289,0.532680293211234,0.391162582127632,0.599295828491289
3,4,4,"Jackknife Wald",0.962,0.953,0.940900258209868,0.405060715197818,0.863826651219691,0.941573252559291,0.406177039178621,0.859494941104131,0.940900258209868,0.405060715197818,0.863826651219691
3,4,4,"Jackknife MVN",0.943798449612403,0.943798449612403,1.26071416495784,0.495076706081059,1.89148056023904,1.26071416495784,0.495076706081059,1.89148056023904,1.26071416495784,0.495076706081059,1.89148056023904
3,4,4,"LEF outcome",0.896,0.896,0.551904000217248,0.415134721487662,0.651161265363553,0.54566303754549,0.414131261668846,0.635886360099487,0.551904000217248,0.415134721487662,0.651161265363553
3,4,4,"LEF both",0.893,0.889,0.537142778210947,0.409843856990718,0.625041346567507,0.541804883593147,0.414751268166649,0.628653072964402,0.537142778210947,0.409843856990718,0.625041346567507
3,4,4,"Bootstrap",0.823,0.826,0.70139286090814,0.402990222675968,0.856801961665877,0.701708171683099,0.404093495107796,0.853509663295384,0.70139286090814,0.402990222675968,0.856801961665877
3,4,4,"Sandwich",0.812371134020619,0.812371134020619,0.486114351569402,0.366401112808362,0.556564752111856,0.486114351569402,0.366401112808362,0.556564752111856,0.486114351569402,0.366401112808362,0.556564752111856
3,5,0,"Jackknife MVN",0.968236582694414,0.968236582694414,1.20127215910362,1.06741740178562,1.22467663233527,1.20127215910362,1.06741740178562,1.22467663233527,1.20127215910362,1.06741740178562,1.22467663233527
3,5,0,"LEF both",0.967,0.962,1.09930018475596,1.01385443789734,1.17487263803634,1.11010155656645,1.02274302601024,1.18591923889674,1.09930018475596,1.01385443789734,1.17487263803634
3,5,0,"LEF outcome",0.967,0.962,1.09930018475596,1.01385443789734,1.17487263803634,1.11010155656645,1.02274302601024,1.18591923889674,1.09930018475596,1.01385443789734,1.17487263803634
3,5,0,"Jackknife Wald",0.952,0.949,1.03049800368143,0.940722137494758,1.11439225188022,1.03130572501682,0.941118911195981,1.11496482623231,1.03049800368143,0.940722137494758,1.11439225188022
3,5,0,"Sandwich",0.949260042283298,0.949260042283298,1.06279011456103,0.979324249985638,1.14266914962138,1.06279011456103,0.979324249985638,1.14266914962138,1.06279011456103,0.979324249985638,1.14266914962138
3,5,0,"Bootstrap",0.949,0.945,1.0200590343767,0.930284837849398,1.10380557289303,1.02419314000851,0.937347833950569,1.10640161695602,1.0200590343767,0.930284837849398,1.10380557289303
3,5,1,"Jackknife MVN",0.980284775465498,0.980284775465498,2.36489118528772,1.25523935226616,1.76792659559828,2.36489118528772,1.25523935226616,1.76792659559828,2.36489118528772,1.25523935226616,1.76792659559828
3,5,1,"LEF both",0.967,0.965,1.19029855061598,1.05583192155952,1.30132074126103,1.19945056438284,1.06132814936094,1.31363100602419,1.19029855061598,1.05583192155952,1.30132074126103
3,5,1,"LEF outcome",0.967,0.968,1.21095617286887,1.06590714392303,1.32897909025584,1.20407416085577,1.06534051841748,1.31805617896747,1.21095617286887,1.06590714392303,1.32897909025584
3,5,1,"Sandwich",0.949260042283298,0.949260042283298,1.10004242255418,0.985515684558622,1.19972804091692,1.10004242255418,0.985515684558622,1.19972804091692,1.10004242255418,0.985515684558622,1.19972804091692
3,5,1,"Jackknife Wald",0.946,0.945,1.05862713338776,0.91868332088144,1.18111066208584,1.05766651113506,0.917972074970126,1.1817365963259,1.05862713338776,0.91868332088144,1.18111066208584
3,5,1,"Bootstrap",0.932,0.934,1.01530078099008,0.894838532403948,1.12719131551083,1.01577329536999,0.894176243281552,1.12981080470481,1.01530078099008,0.894838532403948,1.12719131551083
3,5,2,"Jackknife MVN",0.976998904709748,0.976998904709748,3.03607287674137,1.53061989866602,4.62713106631422,3.03607287674137,1.53061989866602,4.62713106631422,3.03607287674137,1.53061989866602,4.62713106631422
3,5,2,"LEF both",0.95,0.943,1.08418015617743,0.920867873443745,1.25387694015738,1.09311997756982,0.928676601845672,1.26294916400959,1.08418015617743,0.920867873443745,1.25387694015738
3,5,2,"LEF outcome",0.95,0.945,1.10578641964376,0.930794188054538,1.28708739919286,1.09765594332033,0.928360763565137,1.26763407319029,1.10578641964376,0.930794188054538,1.28708739919286
3,5,2,"Jackknife Wald",0.936,0.937,1.06029367864722,0.822481955055774,1.22832798741346,1.05845551380484,0.821854700580371,1.22380825885297,1.06029367864722,0.822481955055774,1.22832798741346
3,5,2,"Bootstrap",0.908,0.9,0.940041039568031,0.772736949089101,1.08186837018828,0.940782381943356,0.776963988588533,1.08421864228285,0.940041039568031,0.772736949089101,1.08186837018828
3,5,2,"Sandwich",0.891120507399577,0.891120507399577,0.982680304773341,0.818509920389767,1.11985150597181,0.982680304773341,0.818509920389767,1.11985150597181,0.982680304773341,0.818509920389767,1.11985150597181
3,5,3,"Jackknife MVN",0.967141292442497,0.967141292442497,2.1970039912358,1.42435061596899,2.89520013610117,2.1970039912358,1.42435061596899,2.89520013610117,2.1970039912358,1.42435061596899,2.89520013610117
3,5,3,"Jackknife Wald",0.932,0.932,1.13461937990066,0.70352348114714,1.41763720860373,1.13187142929024,0.704043111530629,1.41322346416962,1.13461937990066,0.70352348114714,1.41763720860373
3,5,3,"LEF outcome",0.84,0.837,0.828720577768753,0.624768223797101,1.00020483318223,0.827392789405582,0.625195193545666,0.998117694333542,0.828720577768753,0.624768223797101,1.00020483318223
3,5,3,"LEF both",0.839,0.827,0.814251698437642,0.614473028352997,0.98931919939379,0.824399486006685,0.623934387211346,0.992572846389919,0.814251698437642,0.614473028352997,0.98931919939379
3,5,3,"Bootstrap",0.827,0.824,0.881922499461711,0.647184984900367,1.07247884027884,0.88368603340145,0.65052653403196,1.07240124526083,0.881922499461711,0.647184984900367,1.07247884027884
3,5,3,"Sandwich",0.784355179704017,0.784355179704017,0.748069004471444,0.548865810709859,0.910502317335317,0.748069004471444,0.548865810709859,0.910502317335317,0.748069004471444,0.548865810709859,0.910502317335317
3,5,4,"Jackknife MVN",0.971522453450164,0.971522453450164,1.47589472426155,1.02314353513015,1.8805608004418,1.47589472426155,1.02314353513015,1.8805608004418,1.47589472426155,1.02314353513015,1.8805608004418
3,5,4,"Jackknife Wald",0.938,0.933,1.18481525436144,0.557255982156205,1.51745893036281,1.18275837843482,0.556105867659305,1.51330223240214,1.18481525436144,0.557255982156205,1.51745893036281
3,5,4,"Bootstrap",0.771,0.774,0.778102592013794,0.495702603601478,0.997193787398376,0.780238877213352,0.498614247800312,0.998195932657066,0.778102592013794,0.495702603601478,0.997193787398376
3,5,4,"LEF outcome",0.717,0.716,0.544878835305485,0.383970598790114,0.670285130445112,0.54816029430473,0.394073849794696,0.671256524484656,0.544878835305485,0.383970598790114,0.670285130445112
3,5,4,"LEF both",0.716,0.705,0.535675613466319,0.378633034868729,0.657802012681473,0.546353136549613,0.393407557479672,0.665115335258932,0.535675613466319,0.378633034868729,0.657802012681473
3,5,4,"Sandwich",0.668076109936575,0.668076109936575,0.496742029732252,0.346762266835723,0.609330036835482,0.496742029732252,0.346762266835723,0.609330036835482,0.496742029732252,0.346762266835723,0.609330036835482
3,6,0,"Sandwich",0.966841186736475,0.966841186736475,1.08040489970369,0.956495548443176,1.18397973622007,1.08040489970369,0.956495548443176,1.18397973622007,1.08040489970369,0.956495548443176,1.18397973622007
3,6,0,"Jackknife MVN",0.961693548387097,0.961693548387097,2.13323869183191,1.17201087824825,1.51191886587142,2.13323869183191,1.17201087824825,1.51191886587142,2.13323869183191,1.17201087824825,1.51191886587142
3,6,0,"LEF both",0.925,0.92,1.17999559204779,1.05239731892747,1.3007494042497,1.19005933703203,1.06434323114322,1.30484334822322,1.17999559204779,1.05239731892747,1.3007494042497
3,6,0,"LEF outcome",0.925,0.92,1.17999559206718,1.05239731892747,1.3007494042497,1.1900593371059,1.06434323114322,1.30484334822322,1.17999559206718,1.05239731892747,1.3007494042497
3,6,0,"Jackknife Wald",0.921,0.917,1.01638297833605,0.870971003293202,1.15784366563584,1.01452183439739,0.869742086662465,1.15191800150266,1.01638297833605,0.870971003293202,1.15784366563584
3,6,0,"Bootstrap",0.9,0.899,0.992720908585359,0.852459683161401,1.12261424233351,0.99560218538443,0.854349313595614,1.12615468117998,0.992720908585359,0.852459683161401,1.12261424233351
3,6,1,"Jackknife MVN",0.957661290322581,0.957661290322581,2.87516722627855,0.997885194881565,4.81462666446065,2.87516722627855,0.997885194881565,4.81462666446065,2.87516722627855,0.997885194881565,4.81462666446065
3,6,1,"Sandwich",0.858638743455497,0.858638743455497,0.933372602555682,0.600528578246197,1.14792434189597,0.933372602555682,0.600528578246197,1.14792434189597,0.933372602555682,0.600528578246197,1.14792434189597
3,6,1,"LEF outcome",0.846,0.84,0.972198137640109,0.610180867565808,1.25247342426163,0.961301841225815,0.615730165107272,1.2330729611702,0.972198137640109,0.610180867565808,1.25247342426163
3,6,1,"LEF both",0.845,0.835,0.946473484938578,0.609142350344069,1.21891741669208,0.953578813177272,0.616014055360626,1.22161218801018,0.946473484938578,0.609142350344069,1.21891741669208
3,6,1,"Jackknife Wald",0.804,0.806,0.974502213648455,0.497190562804641,1.29399713217806,0.97223817599983,0.49039578002588,1.28483907881136,0.974502213648455,0.497190562804641,1.29399713217806
3,6,1,"Bootstrap",0.749,0.748,0.869773139263681,0.508915188774162,1.1094629149667,0.869564953596462,0.509634900164049,1.10863241092366,0.869773139263681,0.508915188774162,1.1094629149667
3,6,2,"Jackknife MVN",0.830645161290323,0.830645161290323,1.97215399110079,0.975148035247722,2.72347879639377,1.97215399110079,0.975148035247722,2.72347879639377,1.97215399110079,0.975148035247722,2.72347879639377
3,6,2,"LEF both",0.736,0.729,0.616355464846138,0.40126443613345,0.768601652466979,0.622504204733794,0.408266615740901,0.775116961485725,0.616355464846138,0.40126443613345,0.768601652466979
3,6,2,"LEF outcome",0.735,0.735,0.630607284789133,0.401704078211367,0.790393710832588,0.626784291023226,0.408195175386559,0.77935950685109,0.630607284789133,0.401704078211367,0.790393710832588
3,6,2,"Jackknife Wald",0.71,0.707,0.929064588273623,0.313723863820613,1.16486655239071,0.927172889257747,0.313122903919681,1.16443333222955,0.929064588273623,0.313723863820613,1.16486655239071
3,6,2,"Sandwich",0.68586387434555,0.68586387434555,0.620067770976517,0.368962785118729,0.798958002484126,0.620067770976517,0.368962785118729,0.798958002484126,0.620067770976517,0.368962785118729,0.798958002484126
3,6,2,"Bootstrap",0.608,0.606,0.787017277011891,0.479838537087332,0.992451143033357,0.786956106188834,0.477569868461308,0.992901470584561,0.787017277011891,0.479838537087332,0.992451143033357
3,6,3,"Jackknife MVN",0.879032258064516,0.879032258064516,1.55925997448511,0.953432710153429,2.09039428670688,1.55925997448511,0.953432710153429,2.09039428670688,1.55925997448511,0.953432710153429,2.09039428670688
3,6,3,"Jackknife Wald",0.774,0.774,1.11864761756086,0.40006198687247,1.52083425001656,1.11660353223587,0.398768398771206,1.5209588804357,1.11864761756086,0.40006198687247,1.52083425001656
3,6,3,"LEF both",0.707,0.693,0.525992484524442,0.369958182805271,0.645722415257215,0.531830925502274,0.377022068950323,0.648383973753382,0.525992484524442,0.369958182805271,0.645722415257215
3,6,3,"Sandwich",0.706806282722513,0.706806282722513,0.532636460408556,0.369658402381912,0.660269072692698,0.532636460408556,0.369658402381912,0.660269072692698,0.532636460408556,0.369658402381912,0.660269072692698
3,6,3,"LEF outcome",0.705,0.701,0.536221254123199,0.37256980670496,0.662664609981203,0.534488294789558,0.376836942684671,0.652041064850879,0.536221254123199,0.37256980670496,0.662664609981203
3,6,3,"Bootstrap",0.572,0.574,0.808410928881232,0.528733885373581,1.01896531907738,0.80873927324696,0.530612066209434,1.02042568839338,0.808410928881232,0.528733885373581,1.01896531907738
3,6,4,"Jackknife MVN",0.891129032258065,0.891129032258065,1.26284408664246,0.772463007848916,1.68354752851848,1.26284408664246,0.772463007848916,1.68354752851848,1.26284408664246,0.772463007848916,1.68354752851848
3,6,4,"Jackknife Wald",0.83,0.83,1.19519085077952,0.457797537354337,1.72309714646741,1.19330191558142,0.456008836024497,1.7167588424065,1.19519085077952,0.457797537354337,1.72309714646741
3,6,4,"Sandwich",0.767888307155323,0.767888307155323,0.510547116113526,0.389046023185447,0.609952438317039,0.510547116113526,0.389046023185447,0.609952438317039,0.510547116113526,0.389046023185447,0.609952438317039
3,6,4,"LEF both",0.688,0.683,0.496456670298022,0.371773796336139,0.602021195898907,0.501879072000183,0.378047679731371,0.604879968272401,0.496456670298022,0.371773796336139,0.602021195898907
3,6,4,"LEF outcome",0.688,0.682,0.504356927861398,0.377065625565103,0.614461589483077,0.503717545322019,0.377225028637726,0.607326000792251,0.504356927861398,0.377065625565103,0.614461589483077
3,6,4,"Bootstrap",0.586,0.586,0.785700984446267,0.539538551514233,0.998666507258915,0.786242669685579,0.539500018285,0.996441025812503,0.785700984446267,0.539538551514233,0.998666507258915
3,7,0,"LEF both",0.969,0.953,1.03528338676505,0.949662782856801,1.1161940110015,1.04745665250017,0.957739080127779,1.12896003331702,1.03528338676505,0.949662782856801,1.1161940110015
3,7,0,"LEF outcome",0.969,0.953,1.03528338676505,0.949662782856801,1.1161940110015,1.04745665250017,0.957739080127778,1.12896003331702,1.03528338676505,0.949662782856801,1.1161940110015
3,7,0,"Bootstrap",0.959,0.946,0.991087905645426,0.904581789143596,1.07217716015385,0.998459003736059,0.914679000516459,1.07929796348949,0.991087905645426,0.904581789143596,1.07217716015385
3,7,0,"Jackknife Wald",0.957,0.948,0.997981670490475,0.913324276022666,1.08076658246873,1.00298896577981,0.92235105017418,1.0847667925762,0.997981670490475,0.913324276022666,1.08076658246873
3,7,0,"Sandwich",0.95,0.95,1.01743346056887,0.931745762755378,1.09529786958581,1.01743346056887,0.931745762755378,1.09529786958581,1.01743346056887,0.931745762755378,1.09529786958581
3,7,0,"Jackknife MVN",0.941634241245136,0.941634241245136,1.10230859968368,0.978644384860346,1.1403171708911,1.10230859968368,0.978644384860346,1.1403171708911,1.10230859968368,0.978644384860346,1.1403171708911
3,7,1,"LEF outcome",0.956,0.956,1.14592370940227,0.935101288441812,1.27320272607049,1.11998281497928,0.919856063601992,1.24157684342179,1.14592370940227,0.935101288441812,1.27320272607049
3,7,1,"LEF both",0.955,0.952,1.1128794611044,0.926354494593143,1.24215387269137,1.12066339669018,0.930832462731767,1.24819324783828,1.1128794611044,0.926354494593143,1.24215387269137
3,7,1,"Jackknife MVN",0.953307392996109,0.953307392996109,2.70849669756318,1.05678095648851,2.27706367187513,2.70849669756318,1.05678095648851,2.27706367187513,2.70849669756318,1.05678095648851,2.27706367187513
3,7,1,"Jackknife Wald",0.945,0.941,0.95576550374951,0.779295650745301,1.03448869329151,0.959497282728453,0.788411400833837,1.04208819848496,0.95576550374951,0.779295650745301,1.03448869329151
3,7,1,"Bootstrap",0.937,0.935,0.93028683490884,0.767701519085877,1.03069485218386,0.92580192344071,0.769423830172293,1.01740984603885,0.93028683490884,0.767701519085877,1.03069485218386
3,7,1,"Sandwich",0.919791666666667,0.919791666666667,1.01155761043406,0.844171006741388,1.11768262576019,1.01155761043406,0.844171006741388,1.11768262576019,1.01155761043406,0.844171006741388,1.11768262576019
3,7,2,"Jackknife MVN",0.957198443579767,0.957198443579767,2.47086220657586,0.896099978796812,3.98373664206703,2.47086220657586,0.896099978796812,3.98373664206703,2.47086220657586,0.896099978796812,3.98373664206703
3,7,2,"LEF outcome",0.941,0.942,0.926301888222971,0.677344059988213,1.12815152953615,0.908284801203572,0.663943670005091,1.08573768898432,0.926301888222971,0.677344059988213,1.12815152953615
3,7,2,"LEF both",0.94,0.939,0.901355220272988,0.662700026446625,1.09281577574554,0.906802087955914,0.668383743882589,1.09400984183768,0.901355220272988,0.662700026446625,1.09281577574554
3,7,2,"Jackknife Wald",0.939,0.931,0.929108939778027,0.572393922320439,1.001361439722,0.931209367152824,0.582276214605358,0.999404004172091,0.929108939778027,0.572393922320439,1.001361439722
3,7,2,"Bootstrap",0.912,0.913,0.891569126448241,0.577945787457454,1.05724207621238,0.887997165613117,0.580188314766141,1.04717335106517,0.891569126448241,0.577945787457454,1.05724207621238
3,7,2,"Sandwich",0.870833333333333,0.870833333333333,0.812794198965768,0.599628475386973,0.954145471792371,0.812794198965768,0.599628475386973,0.954145471792371,0.812794198965768,0.599628475386973,0.954145471792371
3,7,3,"Jackknife MVN",0.972762645914397,0.972762645914397,1.36722004847486,0.604307800584141,1.99462125120212,1.36722004847486,0.604307800584141,1.99462125120212,1.36722004847486,0.604307800584141,1.99462125120212
3,7,3,"Jackknife Wald",0.952,0.949,0.903135845358503,0.379656699024825,0.826127994039342,0.904278115668685,0.381843280468598,0.823779675576748,0.903135845358503,0.379656699024825,0.826127994039342
3,7,3,"LEF outcome",0.885,0.884,0.540553048167697,0.396151565020302,0.644679297311944,0.533830693671206,0.395680795447798,0.630930286818422,0.540553048167697,0.396151565020302,0.644679297311944
3,7,3,"LEF both",0.879,0.874,0.529050729086993,0.390986738834406,0.629877850604101,0.532988894186767,0.394072756631415,0.633144657984215,0.529050729086993,0.390986738834406,0.629877850604101
3,7,3,"Bootstrap",0.821,0.82,0.690064207779074,0.416155944741069,0.804256849813384,0.689569931562288,0.415928966378349,0.80294884119304,0.690064207779074,0.416155944741069,0.804256849813384
3,7,3,"Sandwich",0.814583333333333,0.814583333333333,0.480981782148481,0.351420572356543,0.557967385738116,0.480981782148481,0.351420572356543,0.557967385738116,0.480981782148481,0.351420572356543,0.557967385738116
3,7,4,"Jackknife Wald",0.97,0.969,0.935343445856436,0.375606457970254,1.00136830307777,0.936026173202616,0.378131535816053,1.00746580273428,0.935343445856436,0.375606457970254,1.00136830307777
3,7,4,"Jackknife MVN",0.949416342412451,0.949416342412451,1.06951033488974,0.448075592904915,1.51439667916234,1.06951033488974,0.448075592904915,1.51439667916234,1.06951033488974,0.448075592904915,1.51439667916234
3,7,4,"LEF outcome",0.855,0.862,0.482323214440649,0.360631388396915,0.574326282147575,0.477883888108395,0.359363922308077,0.56320897548971,0.482323214440649,0.360631388396915,0.574326282147575
3,7,4,"LEF both",0.851,0.846,0.473511033120743,0.356461826290939,0.560668518856783,0.477360023012469,0.360221637356043,0.563999975733573,0.473511033120743,0.356461826290939,0.560668518856783
3,7,4,"Bootstrap",0.813,0.81,0.651822380209562,0.387239501594002,0.794163515931102,0.651748631391226,0.390359795745334,0.793519503053202,0.651822380209562,0.387239501594002,0.794163515931102
3,7,4,"Sandwich",0.80625,0.80625,0.431547359910049,0.322688160669791,0.501434487612511,0.431547359910049,0.322688160669791,0.501434487612511,0.431547359910049,0.322688160669791,0.501434487612511
3,8,0,"Jackknife MVN",0.968347010550996,0.968347010550996,1.27697506685071,1.02129276017796,1.19558779980471,1.27697506685071,1.02129276017796,1.19558779980471,1.27697506685071,1.02129276017796,1.19558779980471
3,8,0,"LEF both",0.962,0.958,1.06257735224283,0.974260327771864,1.15017741759038,1.07288557557837,0.984801537365473,1.15822891095457,1.06257735224283,0.974260327771864,1.15017741759038
3,8,0,"LEF outcome",0.962,0.958,1.06257735224283,0.974260327771864,1.15017741759038,1.07288557557837,0.984801537365473,1.15822891095457,1.06257735224283,0.974260327771864,1.15017741759038
3,8,0,"Jackknife Wald",0.96,0.958,1.02425915640545,0.935050914934119,1.11250315948722,1.02528031597683,0.935873422349193,1.1109418513292,1.02425915640545,0.935050914934119,1.11250315948722
3,8,0,"Sandwich",0.958730158730159,0.958730158730159,1.03672403333618,0.951711692021682,1.12132163071128,1.03672403333618,0.951711692021682,1.12132163071128,1.03672403333618,0.951711692021682,1.12132163071128
3,8,0,"Bootstrap",0.949,0.945,1.00989455304851,0.925830677355557,1.09911129878529,1.01513704901137,0.927323692211978,1.10604084688415,1.00989455304851,0.925830677355557,1.09911129878529
3,8,1,"Jackknife MVN",0.969519343493552,0.969519343493552,2.07400558464503,1.14998904843778,1.72184575344475,2.07400558464503,1.14998904843778,1.72184575344475,2.07400558464503,1.14998904843778,1.72184575344475
3,8,1,"LEF both",0.951,0.947,1.0925141695248,0.950486937859945,1.21136783485575,1.10051119522874,0.957514191906325,1.2161784808703,1.0925141695248,0.950486937859945,1.21136783485575
3,8,1,"LEF outcome",0.95,0.951,1.12089302228256,0.957308235902663,1.24374380420843,1.10869547158652,0.957207520219116,1.22688822558642,1.12089302228256,0.957308235902663,1.24374380420843
3,8,1,"Jackknife Wald",0.935,0.935,1.02166401814783,0.847986120992495,1.16920716783955,1.02154819863029,0.845534014625427,1.17226120559676,1.02166401814783,0.847986120992495,1.16920716783955
3,8,1,"Sandwich",0.929100529100529,0.929100529100529,1.02353750662198,0.881292543588237,1.1450847256176,1.02353750662198,0.881292543588237,1.1450847256176,1.02353750662198,0.881292543588237,1.1450847256176
3,8,1,"Bootstrap",0.912,0.912,0.965722746905478,0.824024619063582,1.09295571251562,0.965544332855224,0.825579466678525,1.0927160509428,0.965722746905478,0.824024619063582,1.09295571251562
3,8,2,"Jackknife MVN",0.967174677608441,0.967174677608441,2.64879216677531,1.39052833319526,3.86565921333697,2.64879216677531,1.39052833319526,3.86565921333697,2.64879216677531,1.39052833319526,3.86565921333697
3,8,2,"LEF outcome",0.927,0.922,1.01630840195434,0.829938094481051,1.1738103768784,1.00830903196017,0.830613429671334,1.16529628915989,1.01630840195434,0.829938094481051,1.1738103768784
3,8,2,"LEF both",0.921,0.906,0.995424074698152,0.823358068312657,1.15031546116806,1.00283822438922,0.831637289157672,1.15457093744463,0.995424074698152,0.823358068312657,1.15031546116806
3,8,2,"Jackknife Wald",0.919,0.918,1.04410896101932,0.777487189963852,1.22224572800371,1.04281867143009,0.778526384718433,1.21858932334594,1.04410896101932,0.777487189963852,1.22224572800371
3,8,2,"Sandwich",0.885714285714286,0.885714285714286,0.914411418742957,0.748516625669698,1.0567310337435,0.914411418742957,0.748516625669698,1.0567310337435,0.914411418742957,0.748516625669698,1.0567310337435
3,8,2,"Bootstrap",0.861,0.862,0.906574375582734,0.742563821387301,1.04663743256463,0.907074146627925,0.746023002225387,1.04169213205468,0.906574375582734,0.742563821387301,1.04663743256463
3,8,3,"Jackknife MVN",0.967174677608441,0.967174677608441,1.85775506595069,1.24474631562201,2.43182350729181,1.85775506595069,1.24474631562201,2.43182350729181,1.85775506595069,1.24474631562201,2.43182350729181
3,8,3,"Jackknife Wald",0.929,0.924,1.1676252638034,0.70656071547813,1.46576651520474,1.1655604941926,0.705927457419678,1.46169115269811,1.1676252638034,0.70656071547813,1.46576651520474
3,8,3,"LEF outcome",0.78,0.775,0.740818515666115,0.557164567743258,0.892655748104495,0.740737406105409,0.562578846068631,0.884061923419179,0.740818515666115,0.557164567743258,0.892655748104495
3,8,3,"LEF both",0.778,0.77,0.728969452545546,0.549741814480148,0.874421917941947,0.737903423943445,0.55982677759787,0.879958618002726,0.728969452545546,0.549741814480148,0.874421917941947
3,8,3,"Bootstrap",0.776,0.77,0.848358719840191,0.643283089798726,1.02729053490684,0.850982120150302,0.644230526102151,1.02982896269806,0.848358719840191,0.643283089798726,1.02729053490684
3,8,3,"Sandwich",0.771428571428571,0.771428571428571,0.679605232303611,0.497303201210545,0.82297978206045,0.679605232303611,0.497303201210545,0.82297978206045,0.679605232303611,0.497303201210545,0.82297978206045
3,8,4,"Jackknife MVN",0.966002344665885,0.966002344665885,1.39643236963258,0.99369646080028,1.7998788895982,1.39643236963258,0.99369646080028,1.7998788895982,1.39643236963258,0.99369646080028,1.7998788895982
3,8,4,"Jackknife Wald",0.927,0.927,1.23554151303065,0.611065948649292,1.54996872422844,1.23350292530174,0.611732032507683,1.54633095505847,1.23554151303065,0.611065948649292,1.54996872422844
3,8,4,"Bootstrap",0.733,0.723,0.793963175652163,0.536534579798184,0.987663606998567,0.796606693783172,0.539223271027979,0.988197194666902,0.793963175652163,0.536534579798184,0.987663606998567
3,8,4,"Sandwich",0.661375661375661,0.661375661375661,0.492247646254222,0.34940681721812,0.60014643816185,0.492247646254222,0.34940681721812,0.60014643816185,0.492247646254222,0.34940681721812,0.60014643816185
3,8,4,"LEF outcome",0.658,0.65,0.535045799012971,0.386310880797284,0.657631582820398,0.538792093570033,0.392738524625597,0.651391906092194,0.535045799012971,0.386310880797284,0.657631582820398
3,8,4,"LEF both",0.654,0.65,0.526720162045801,0.381125026503484,0.642223747031926,0.536868230851063,0.393908241647091,0.647055794943733,0.526720162045801,0.381125026503484,0.642223747031926
3,9,0,"Sandwich",0.960276338514681,0.960276338514681,1.01688704096431,0.896115842955099,1.13566289302947,1.01688704096431,0.896115842955099,1.13566289302947,1.01688704096431,0.896115842955099,1.13566289302947
3,9,0,"Jackknife MVN",0.95850622406639,0.95850622406639,1.65537492100967,1.0730965911654,1.37082705574618,1.65537492100967,1.0730965911654,1.37082705574618,1.65537492100967,1.0730965911654,1.37082705574618
3,9,0,"Jackknife Wald",0.923,0.924,0.994213106775991,0.851080635564293,1.13376676410518,0.994382777636713,0.849792015710439,1.13618820589836,0.994213106775991,0.851080635564293,1.13376676410518
3,9,0,"LEF both",0.91,0.9,1.08968699049415,0.967392421860063,1.21121572706032,1.09971708089879,0.975191587423758,1.22179227704249,1.08968699049415,0.967392421860063,1.21121572706032
3,9,0,"LEF outcome",0.91,0.9,1.08968699052537,0.967392421860063,1.21121572706032,1.09971708102079,0.975191587423758,1.22179227704249,1.08968699052537,0.967392421860063,1.21121572706032
3,9,0,"Bootstrap",0.894,0.893,0.963845727195059,0.82822093062697,1.09929036889313,0.969098323805382,0.830950538360247,1.10367898155047,0.963845727195059,0.82822093062697,1.09929036889313
3,9,1,"Jackknife MVN",0.935684647302905,0.935684647302905,2.5460748438984,0.868717098381409,4.3776214288,2.5460748438984,0.868717098381409,4.3776214288,2.5460748438984,0.868717098381409,4.3776214288
3,9,1,"Sandwich",0.873920552677029,0.873920552677029,0.866894325890656,0.597387658959474,1.05907188383475,0.866894325890656,0.597387658959474,1.05907188383475,0.866894325890656,0.597387658959474,1.05907188383475
3,9,1,"LEF both",0.788,0.779,0.876325885215603,0.597175767534509,1.10620998049104,0.883510211261192,0.604253780967856,1.10779958360675,0.876325885215603,0.597175767534509,1.10620998049104
3,9,1,"LEF outcome",0.788,0.785,0.899207139764009,0.599199945387073,1.12982609062658,0.891581215953856,0.603878531636793,1.11871388677647,0.899207139764009,0.599199945387073,1.12982609062658
3,9,1,"Jackknife Wald",0.782,0.783,0.921513783619859,0.49642239300819,1.17719804395369,0.920199738352558,0.496129148960535,1.183447243268,0.921513783619859,0.49642239300819,1.17719804395369
3,9,1,"Bootstrap",0.728,0.729,0.809285297341595,0.502577680849347,1.05146258917991,0.809856258743001,0.504655299698949,1.04600683751958,0.809285297341595,0.502577680849347,1.05146258917991
3,9,2,"Jackknife MVN",0.794605809128631,0.794605809128631,1.96939876497749,0.914102166748184,2.75685975895295,1.96939876497749,0.914102166748184,2.75685975895295,1.96939876497749,0.914102166748184,2.75685975895295
3,9,2,"Sandwich",0.708117443868739,0.708117443868739,0.655164486648886,0.433982247440833,0.845562292087274,0.655164486648886,0.433982247440833,0.845562292087274,0.655164486648886,0.433982247440833,0.845562292087274
3,9,2,"LEF outcome",0.694,0.698,0.659911238651468,0.431007525948871,0.822372991502731,0.657134144420402,0.436370736343575,0.817898284654594,0.659911238651468,0.431007525948871,0.822372991502731
3,9,2,"LEF both",0.69,0.684,0.646357133640026,0.430539660621778,0.801915034004652,0.65253232691431,0.437219205289725,0.80655208634135,0.646357133640026,0.430539660621778,0.801915034004652
3,9,2,"Jackknife Wald",0.672,0.672,0.918185244045612,0.35051474371709,1.18545040957616,0.916216928386579,0.347828219785395,1.1813819175846,0.918185244045612,0.35051474371709,1.18545040957616
3,9,2,"Bootstrap",0.582,0.578,0.785973684082042,0.486245087865996,1.00027479493887,0.786309468706986,0.482486250376128,0.998135847366586,0.785973684082042,0.486245087865996,1.00027479493887
3,9,3,"Jackknife MVN",0.809128630705394,0.809128630705394,1.503038102874,0.900067756801161,2.01248037402087,1.503038102874,0.900067756801161,2.01248037402087,1.503038102874,0.900067756801161,2.01248037402087
3,9,3,"Jackknife Wald",0.741,0.741,1.10150639931929,0.40692243198223,1.44035646498749,1.09918451366639,0.406220939491282,1.44573775244792,1.10150639931929,0.40692243198223,1.44035646498749
3,9,3,"Sandwich",0.692573402417962,0.692573402417962,0.528348245917335,0.381649108472085,0.658889181985175,0.528348245917335,0.381649108472085,0.658889181985175,0.528348245917335,0.381649108472085,0.658889181985175
3,9,3,"LEF both",0.654,0.643,0.523996560160823,0.378311480178319,0.64258771436663,0.530110275035734,0.386637811184811,0.644950190871359,0.523996560160823,0.378311480178319,0.64258771436663
3,9,3,"LEF outcome",0.653,0.642,0.532478341133729,0.378904132510185,0.658023857052452,0.532620287731294,0.3854566563557,0.650021610429318,0.532478341133729,0.378904132510185,0.658023857052452
3,9,3,"Bootstrap",0.514,0.514,0.803012030799338,0.544211434977035,1.00998542092235,0.803200971866416,0.54047657676173,1.01545404387541,0.803012030799338,0.544211434977035,1.00998542092235
3,9,4,"Jackknife MVN",0.825726141078838,0.825726141078838,1.19348489061357,0.731567478934289,1.58307504641411,1.19348489061357,0.731567478934289,1.58307504641411,1.19348489061357,0.731567478934289,1.58307504641411
3,9,4,"Jackknife Wald",0.793,0.792,1.15484461950685,0.437537574446365,1.54034504664926,1.15293488241346,0.436761485601883,1.54387086072469,1.15484461950685,0.437537574446365,1.54034504664926
3,9,4,"Sandwich",0.706390328151986,0.706390328151986,0.486026263392489,0.365096724856671,0.593223431996129,0.486026263392489,0.365096724856671,0.593223431996129,0.486026263392489,0.365096724856671,0.593223431996129
3,9,4,"LEF both",0.621,0.612,0.478487040701438,0.355781962401086,0.587135046232052,0.4842520900002,0.358934134802332,0.588302272622724,0.478487040701438,0.355781962401086,0.587135046232052
3,9,4,"LEF outcome",0.619,0.614,0.4847018892186,0.359736596817534,0.590261853710645,0.485848839178289,0.36078253870894,0.5886024006622,0.4847018892186,0.359736596817534,0.590261853710645
3,9,4,"Bootstrap",0.507,0.51,0.754838699870102,0.518201331777928,0.945895036485853,0.755300448180993,0.520790767615793,0.942352336190567,0.754838699870102,0.518201331777928,0.945895036485853
3,10,0,"LEF both",0.953,0.949,1.0217961562804,0.977415510368204,1.06393883670561,1.02582138381678,0.981371448076354,1.06708490716998,1.0217961562804,0.977415510368204,1.06393883670561
3,10,0,"LEF outcome",0.953,0.949,1.0217961562804,0.977415510368204,1.06393883670561,1.02582138381678,0.981371448076354,1.06708490716998,1.0217961562804,0.977415510368204,1.06393883670561
3,10,0,"Bootstrap",0.951,0.948,1.00149221299975,0.956783311693467,1.04414225313096,1.00423223266269,0.960968156164906,1.0447597541195,1.00149221299975,0.956783311693467,1.04414225313096
3,10,0,"Sandwich",0.942,0.942,1.01139183297434,0.967513238325489,1.05397092770264,1.01139183297434,0.967513238325489,1.05397092770264,1.01139183297434,0.967513238325489,1.05397092770264
3,10,0,"Jackknife MVN",NA,NA,NA,NA,NA,NA,NA,NA,NA,NA,NA
3,10,0,"Jackknife Wald",NA,NA,NA,NA,NA,NA,NA,NA,NA,NA,NA
3,10,1,"Sandwich",0.948,0.948,1.02568212794947,0.958242368760614,1.08993789334319,1.02568212794947,0.958242368760614,1.08993789334319,1.02568212794947,0.958242368760614,1.08993789334319
3,10,1,"LEF both",0.947,0.944,1.06252393590773,0.995728290194694,1.1261325556989,1.06501003020282,0.998221951539904,1.12918991207243,1.06252393590773,0.995728290194694,1.1261325556989
3,10,1,"LEF outcome",0.947,0.943,1.06820899011498,1.00052219873113,1.130756663916,1.06681030948475,0.999443341427538,1.13095222643043,1.06820899011498,1.00052219873113,1.130756663916
3,10,1,"Bootstrap",0.937,0.938,0.98776283084663,0.920765169286006,1.0486890650888,0.987802253714654,0.920561744579696,1.04899087458234,0.98776283084663,0.920765169286006,1.0486890650888
3,10,1,"Jackknife MVN",NA,NA,NA,NA,NA,NA,NA,NA,NA,NA,NA
3,10,1,"Jackknife Wald",NA,NA,NA,NA,NA,NA,NA,NA,NA,NA,NA
3,10,2,"Sandwich",0.941,0.941,1.16082416774104,0.970483705346516,1.32816374001598,1.16082416774104,0.970483705346516,1.32816374001598,1.16082416774104,0.970483705346516,1.32816374001598
3,10,2,"Bootstrap",0.925,0.927,1.01859176226436,0.837299020435347,1.15009594027686,1.01442754770099,0.837075327595848,1.1439026913352,1.01859176226436,0.837299020435347,1.15009594027686
3,10,2,"LEF both",0.924,0.923,1.35183221731076,1.10938704159514,1.5617962893622,1.35331267682468,1.11329670688658,1.56393189537074,1.35183221731076,1.10938704159514,1.5617962893622
3,10,2,"LEF outcome",0.924,0.92,1.391743464653,1.14886837278544,1.61738583419768,1.36020773203292,1.11269321221396,1.57660299092981,1.391743464653,1.14886837278544,1.61738583419768
3,10,2,"Jackknife MVN",NA,NA,NA,NA,NA,NA,NA,NA,NA,NA,NA
3,10,2,"Jackknife Wald",NA,NA,NA,NA,NA,NA,NA,NA,NA,NA,NA
3,10,3,"Sandwich",0.892,0.892,0.922985302381713,0.605466477291278,1.14279879484855,0.922985302381713,0.605466477291278,1.14279879484855,0.922985302381713,0.605466477291278,1.14279879484855
3,10,3,"Bootstrap",0.878,0.878,0.888453347775819,0.5318419777301,1.0707724258036,0.885219167878682,0.530376911909653,1.06792232932553,0.888453347775819,0.5318419777301,1.0707724258036
3,10,3,"LEF outcome",0.876,0.875,1.08343667000958,0.706382163266769,1.3736018266615,1.05708808605324,0.691390230393312,1.31447682084987,1.08343667000958,0.706382163266769,1.3736018266615
3,10,3,"LEF both",0.875,0.871,1.05033210009581,0.689049929712901,1.30346987606393,1.05138097378008,0.688857210040053,1.30167947270429,1.05033210009581,0.689049929712901,1.30346987606393
3,10,3,"Jackknife MVN",NA,NA,NA,NA,NA,NA,NA,NA,NA,NA,NA
3,10,3,"Jackknife Wald",NA,NA,NA,NA,NA,NA,NA,NA,NA,NA,NA
3,10,4,"LEF outcome",0.843,0.842,0.530152149292233,0.343211331318664,0.67648252801978,0.518648391267475,0.338602723551837,0.647885653447369,0.530152149292233,0.343211331318664,0.67648252801978
3,10,4,"LEF both",0.842,0.838,0.515519764647185,0.335783451750643,0.644142581293067,0.51619334577251,0.337446663114268,0.644958635494605,0.515519764647185,0.335783451750643,0.644142581293067
3,10,4,"Sandwich",0.833,0.833,0.460101602455972,0.296609958646291,0.558301893187115,0.460101602455972,0.296609958646291,0.558301893187115,0.460101602455972,0.296609958646291,0.558301893187115
3,10,4,"Bootstrap",0.781,0.783,0.569422485142232,0.291229881219568,0.596678088673453,0.568112833199654,0.291025212527127,0.59574672340755,0.569422485142232,0.291229881219568,0.596678088673453
3,10,4,"Jackknife MVN",NA,NA,NA,NA,NA,NA,NA,NA,NA,NA,NA
3,10,4,"Jackknife Wald",NA,NA,NA,NA,NA,NA,NA,NA,NA,NA,NA
3,11,0,"LEF both",0.959,0.955,1.06708024158889,1.019724491637,1.1168062502606,1.07055056485828,1.02350994171498,1.11883658258808,1.06708024158889,1.019724491637,1.1168062502606
3,11,0,"LEF outcome",0.959,0.955,1.06708024158889,1.019724491637,1.1168062502606,1.07055056485828,1.02350994171498,1.11883658258808,1.06708024158889,1.019724491637,1.1168062502606
3,11,0,"Sandwich",0.950803212851406,0.950803212851406,1.05911539847762,1.01510218409906,1.10479342675507,1.05911539847762,1.01510218409906,1.10479342675507,1.05911539847762,1.01510218409906,1.10479342675507
3,11,0,"Bootstrap",0.948,0.945,1.04926239399363,1.00114249035968,1.0975020025769,1.05129516469836,1.00250151560047,1.09864721234758,1.04926239399363,1.00114249035968,1.0975020025769
3,11,0,"Jackknife MVN",NA,NA,NA,NA,NA,NA,NA,NA,NA,NA,NA
3,11,0,"Jackknife Wald",NA,NA,NA,NA,NA,NA,NA,NA,NA,NA,NA
3,11,1,"LEF both",0.946,0.943,1.04287463420111,0.994853652373665,1.09254959337772,1.04541511193404,0.997777561303688,1.09504201512081,1.04287463420111,0.994853652373665,1.09254959337772
3,11,1,"LEF outcome",0.945,0.944,1.04467923119608,0.996699613767158,1.09466728368465,1.04574635173643,0.998020933994217,1.09547359165354,1.04467923119608,0.996699613767158,1.09466728368465
3,11,1,"Sandwich",0.944779116465863,0.944779116465863,1.03100887969835,0.985963480318623,1.0770531373247,1.03100887969835,0.985963480318623,1.0770531373247,1.03100887969835,0.985963480318623,1.0770531373247
3,11,1,"Bootstrap",0.939,0.936,1.01507979379929,0.968046985703504,1.0622669082668,1.01607157131657,0.968630366928198,1.06436152211495,1.01507979379929,0.968046985703504,1.0622669082668
3,11,1,"Jackknife MVN",NA,NA,NA,NA,NA,NA,NA,NA,NA,NA,NA
3,11,1,"Jackknife Wald",NA,NA,NA,NA,NA,NA,NA,NA,NA,NA,NA
3,11,2,"LEF both",0.954,0.953,1.06738366268773,1.00768773242079,1.12426627395039,1.06917633880914,1.00882003763127,1.1269927735372,1.06738366268773,1.00768773242079,1.12426627395039
3,11,2,"LEF outcome",0.954,0.952,1.07219097895612,1.01031183017148,1.131156433523,1.06998721529193,1.00940739285934,1.12855023931058,1.07219097895612,1.01031183017148,1.131156433523
3,11,2,"Sandwich",0.942771084337349,0.942771084337349,1.0379498963973,0.980409533162287,1.09610986070683,1.0379498963973,0.980409533162287,1.09610986070683,1.0379498963973,0.980409533162287,1.09610986070683
3,11,2,"Bootstrap",0.936,0.935,1.0059848259088,0.944106195742787,1.07093254403566,1.00598555506558,0.944905344053236,1.0703279366148,1.0059848259088,0.944106195742787,1.07093254403566
3,11,2,"Jackknife MVN",NA,NA,NA,NA,NA,NA,NA,NA,NA,NA,NA
3,11,2,"Jackknife Wald",NA,NA,NA,NA,NA,NA,NA,NA,NA,NA,NA
3,11,3,"LEF both",0.96,0.963,1.15667855263045,1.05328651406903,1.23725088036668,1.15812294708352,1.05373390577243,1.23986584348512,1.15667855263045,1.05328651406903,1.23725088036668
3,11,3,"LEF outcome",0.96,0.963,1.16673879519616,1.06201409238081,1.25053027760299,1.159612870424,1.05511992256319,1.24178523901378,1.16673879519616,1.06201409238081,1.25053027760299
3,11,3,"Sandwich",0.94578313253012,0.94578313253012,1.06044305279857,0.976446369119463,1.13843607878117,1.06044305279857,0.976446369119463,1.13843607878117,1.06044305279857,0.976446369119463,1.13843607878117
3,11,3,"Bootstrap",0.918,0.921,0.979345114435478,0.89617823794134,1.06784932769845,0.978622030202785,0.895337705755506,1.06671275585444,0.979345114435478,0.89617823794134,1.06784932769845
3,11,3,"Jackknife MVN",NA,NA,NA,NA,NA,NA,NA,NA,NA,NA,NA
3,11,3,"Jackknife Wald",NA,NA,NA,NA,NA,NA,NA,NA,NA,NA,NA
3,11,4,"LEF outcome",0.929,0.932,1.05419325859168,0.822078065225808,1.24637917096898,1.04738533491188,0.814790785044655,1.24430130211645,1.05419325859168,0.822078065225808,1.24637917096898
3,11,4,"LEF both",0.928,0.926,1.04419036530397,0.813555320198119,1.24175860615852,1.04601675017444,0.814515511945576,1.24178533949547,1.04419036530397,0.813555320198119,1.24175860615852
3,11,4,"Bootstrap",0.875,0.88,0.920003649168406,0.738295042313236,1.07199657576428,0.919438093716452,0.737869289413911,1.0695963338519,0.920003649168406,0.738295042313236,1.07199657576428
3,11,4,"Sandwich",0.858433734939759,0.858433734939759,0.928745339001619,0.712931935038537,1.10494900925511,0.928745339001619,0.712931935038537,1.10494900925511,0.928745339001619,0.712931935038537,1.10494900925511
3,11,4,"Jackknife MVN",NA,NA,NA,NA,NA,NA,NA,NA,NA,NA,NA
3,11,4,"Jackknife Wald",NA,NA,NA,NA,NA,NA,NA,NA,NA,NA,NA
3,12,0,"Bootstrap",0.942,0.944,0.995669784800325,0.939286183845935,1.05531318769657,0.996784244341711,0.939159740632246,1.05784101940053,0.995669784800325,0.939286183845935,1.05531318769657
3,12,0,"Sandwich",0.94141829393628,0.94141829393628,1.0126780283666,0.955295803585898,1.06901216248086,1.0126780283666,0.955295803585898,1.06901216248086,1.0126780283666,0.955295803585898,1.06901216248086
3,12,0,"LEF both",0.94,0.938,1.02781836954194,0.976738650279369,1.08647847200539,1.03027727422715,0.9775412123976,1.09055608499758,1.02781836954194,0.976738650279369,1.08647847200539
3,12,0,"LEF outcome",0.94,0.938,1.02781836954194,0.976738650279368,1.08647847200539,1.03027727422715,0.9775412123976,1.09055608499758,1.02781836954194,0.976738650279368,1.08647847200539
3,12,0,"Jackknife MVN",NA,NA,NA,NA,NA,NA,NA,NA,NA,NA,NA
3,12,0,"Jackknife Wald",NA,NA,NA,NA,NA,NA,NA,NA,NA,NA,NA
3,12,1,"Sandwich",0.952723535457348,0.952723535457348,1.05824294965328,0.959732089221731,1.15067790221042,1.05824294965328,0.959732089221731,1.15067790221042,1.05824294965328,0.959732089221731,1.15067790221042
3,12,1,"Bootstrap",0.909,0.907,0.998614876028526,0.889620109882451,1.11344158291657,0.997393321066258,0.887478117497374,1.11388563535563,0.998614876028526,0.889620109882451,1.11344158291657
3,12,1,"LEF both",0.896,0.897,1.1197710208705,1.02341802061697,1.21815857216858,1.12150812534965,1.02450799226274,1.21933655164432,1.1197710208705,1.02341802061697,1.21815857216858
3,12,1,"LEF outcome",0.896,0.897,1.13103625782623,1.03191679241125,1.23032115246363,1.1237039674527,1.02584187294404,1.22188169323262,1.13103625782623,1.03191679241125,1.23032115246363
3,12,1,"Jackknife MVN",NA,NA,NA,NA,NA,NA,NA,NA,NA,NA,NA
3,12,1,"Jackknife Wald",NA,NA,NA,NA,NA,NA,NA,NA,NA,NA,NA
3,12,2,"Sandwich",0.87153134635149,0.87153134635149,0.939721229129446,0.570714999077861,1.21110756473366,0.939721229129446,0.570714999077861,1.21110756473366,0.939721229129446,0.570714999077861,1.21110756473366
3,12,2,"Bootstrap",0.791,0.788,0.880425276639583,0.529917836737729,1.14922763776518,0.87811316569596,0.52971538602752,1.14250830289908,0.880425276639583,0.529917836737729,1.14922763776518
3,12,2,"LEF both",0.768,0.763,1.01696898484053,0.610566779451939,1.33400851785997,1.01783418054192,0.610327856457923,1.33492747315792,1.01696898484053,0.610566779451939,1.33400851785997
3,12,2,"LEF outcome",0.768,0.764,1.03548845896624,0.617411523594684,1.35562623193739,1.0213287851413,0.612476493944738,1.33921441269843,1.03548845896624,0.617411523594684,1.35562623193739
3,12,2,"Jackknife MVN",NA,NA,NA,NA,NA,NA,NA,NA,NA,NA,NA
3,12,2,"Jackknife Wald",NA,NA,NA,NA,NA,NA,NA,NA,NA,NA,NA
3,12,3,"Sandwich",0.673175745118191,0.673175745118191,0.610209077512309,0.314809826364659,0.766805039823544,0.610209077512309,0.314809826364659,0.766805039823544,0.610209077512309,0.314809826364659,0.766805039823544
3,12,3,"Bootstrap",0.633,0.635,0.665703516552927,0.30018289126224,0.778437129809275,0.664401568864969,0.29987148380151,0.776097876368257,0.665703516552927,0.30018289126224,0.778437129809275
3,12,3,"LEF both",0.609,0.608,0.645000903070178,0.336946974354079,0.834069353391595,0.645568739417272,0.336837145523982,0.834159771338844,0.645000903070178,0.336946974354079,0.834069353391595
3,12,3,"LEF outcome",0.609,0.612,0.655509458472849,0.339187346646725,0.84685308848784,0.647842144053331,0.337464379889679,0.837311020533272,0.655509458472849,0.339187346646725,0.84685308848784
3,12,3,"Jackknife MVN",NA,NA,NA,NA,NA,NA,NA,NA,NA,NA,NA
3,12,3,"Jackknife Wald",NA,NA,NA,NA,NA,NA,NA,NA,NA,NA,NA
3,12,4,"Sandwich",0.63617677286742,0.63617677286742,0.487475633108223,0.266361929768335,0.603787466970012,0.487475633108223,0.266361929768335,0.603787466970012,0.487475633108223,0.266361929768335,0.603787466970012
3,12,4,"Bootstrap",0.552,0.55,0.613420993014823,0.323029840837784,0.682653916546908,0.612493562963623,0.321971739909018,0.681531689838725,0.613420993014823,0.323029840837784,0.682653916546908
3,12,4,"LEF outcome",0.531,0.533,0.524855607909207,0.288883358489123,0.665172735789543,0.519102287009404,0.288160512569184,0.660613711123562,0.524855607909207,0.288883358489123,0.665172735789543
3,12,4,"LEF both",0.53,0.528,0.516829612158455,0.287272812879087,0.657575373462465,0.517403385117095,0.287944877043634,0.657684320187821,0.516829612158455,0.287272812879087,0.657575373462465
3,12,4,"Jackknife MVN",NA,NA,NA,NA,NA,NA,NA,NA,NA,NA,NA
3,12,4,"Jackknife Wald",NA,NA,NA,NA,NA,NA,NA,NA,NA,NA,NA
3,13,0,"Bootstrap",0.951,0.943,1.01630695442847,0.972327619945228,1.05766979110822,1.01986524714344,0.975101184415229,1.06161034713227,1.01630695442847,0.972327619945228,1.05766979110822
3,13,0,"LEF both",0.951,0.941,1.03122781371198,0.987684568312013,1.07332704567555,1.03604179187316,0.993931743040475,1.0781357158729,1.03122781371198,0.987684568312013,1.07332704567555
3,13,0,"LEF outcome",0.951,0.941,1.03122781371198,0.987684568312012,1.07332704567555,1.03604179187316,0.993931743040474,1.0781357158729,1.03122781371198,0.987684568312012,1.07332704567555
3,13,0,"Sandwich",0.947,0.947,1.02366891181914,0.977417306316156,1.07081497301166,1.02366891181914,0.977417306316156,1.07081497301166,1.02366891181914,0.977417306316156,1.07081497301166
3,13,0,"Jackknife MVN",NA,NA,NA,NA,NA,NA,NA,NA,NA,NA,NA
3,13,0,"Jackknife Wald",NA,NA,NA,NA,NA,NA,NA,NA,NA,NA,NA
3,13,1,"Sandwich",0.958,0.958,1.06012051604938,0.973876092829054,1.13469922479613,1.06012051604938,0.973876092829054,1.13469922479613,1.06012051604938,0.973876092829054,1.13469922479613
3,13,1,"LEF outcome",0.955,0.953,1.0998470928901,1.00481582428128,1.17248191036677,1.09712629837891,1.00444541247692,1.17048571041746,1.0998470928901,1.00481582428128,1.17248191036677
3,13,1,"LEF both",0.954,0.952,1.09223850544759,1.00081796726872,1.16558068616588,1.09535828447513,1.00464927068122,1.16707463143345,1.09223850544759,1.00081796726872,1.16558068616588
3,13,1,"Bootstrap",0.948,0.948,1.01944271631823,0.939585419916145,1.08944142533371,1.01902963498668,0.939628944881806,1.08822954594644,1.01944271631823,0.939585419916145,1.08944142533371
3,13,1,"Jackknife MVN",NA,NA,NA,NA,NA,NA,NA,NA,NA,NA,NA
3,13,1,"Jackknife Wald",NA,NA,NA,NA,NA,NA,NA,NA,NA,NA,NA
3,13,2,"Sandwich",0.928,0.928,1.07234942533465,0.834671061229643,1.22305521325848,1.07234942533465,0.834671061229643,1.22305521325848,1.07234942533465,0.834671061229643,1.22305521325848
3,13,2,"Bootstrap",0.916,0.915,0.94739646303633,0.7347931329481,1.07664505788737,0.943258528279833,0.732798077432809,1.0735332424573,0.94739646303633,0.7347931329481,1.07664505788737
3,13,2,"LEF both",0.915,0.906,1.23668885674431,0.956395355826347,1.44022728003423,1.23823386071991,0.956018810426646,1.44143086635798,1.23668885674431,0.956395355826347,1.44022728003423
3,13,2,"LEF outcome",0.915,0.91,1.27325706243901,0.980455047222894,1.4828772171066,1.24406892684138,0.954561071914698,1.44838743854129,1.27325706243901,0.980455047222894,1.4828772171066
3,13,2,"Jackknife MVN",NA,NA,NA,NA,NA,NA,NA,NA,NA,NA,NA
3,13,2,"Jackknife Wald",NA,NA,NA,NA,NA,NA,NA,NA,NA,NA,NA
3,13,3,"Sandwich",0.857,0.857,0.726757278261562,0.448928892410523,0.879406977764727,0.726757278261562,0.448928892410523,0.879406977764727,0.726757278261562,0.448928892410523,0.879406977764727
3,13,3,"LEF outcome",0.852,0.858,0.835157313982389,0.518959706197727,1.06418762689108,0.816724472008046,0.513968499188706,1.02613502192062,0.835157313982389,0.518959706197727,1.06418762689108
3,13,3,"LEF both",0.85,0.85,0.812155549357713,0.512103733975748,1.01513519792338,0.81299502915127,0.513057356909578,1.01559190065947,0.812155549357713,0.512103733975748,1.01513519792338
3,13,3,"Bootstrap",0.849,0.85,0.765459802929382,0.401107610941437,0.860080482067988,0.762796318422975,0.399889056771623,0.854657376697553,0.765459802929382,0.401107610941437,0.860080482067988
3,13,3,"Jackknife MVN",NA,NA,NA,NA,NA,NA,NA,NA,NA,NA,NA
3,13,3,"Jackknife Wald",NA,NA,NA,NA,NA,NA,NA,NA,NA,NA,NA
3,13,4,"LEF outcome",0.842,0.842,0.45464947033984,0.287959125136474,0.560359189143192,0.446091220142033,0.285378275534653,0.541038887236679,0.45464947033984,0.287959125136474,0.560359189143192
3,13,4,"LEF both",0.841,0.836,0.44369472095977,0.284700921105373,0.540712865201206,0.444331012949181,0.28484517094622,0.541086348067768,0.44369472095977,0.284700921105373,0.540712865201206
3,13,4,"Sandwich",0.793,0.793,0.401811096990748,0.250713145472157,0.474319890667442,0.401811096990748,0.250713145472157,0.474319890667442,0.401811096990748,0.250713145472157,0.474319890667442
3,13,4,"Bootstrap",0.766,0.763,0.535509911789164,0.251516039666747,0.575674556651965,0.534481722010225,0.251591022216348,0.575289662918814,0.535509911789164,0.251516039666747,0.575674556651965
3,13,4,"Jackknife MVN",NA,NA,NA,NA,NA,NA,NA,NA,NA,NA,NA
3,13,4,"Jackknife Wald",NA,NA,NA,NA,NA,NA,NA,NA,NA,NA,NA
3,14,0,"LEF both",0.959,0.958,1.02269644621167,0.977021493539131,1.06680784433156,1.02641778599756,0.979960033429575,1.06982136253574,1.02269644621167,0.977021493539131,1.06680784433156
3,14,0,"LEF outcome",0.959,0.958,1.02269644621167,0.977021493539131,1.06680784433156,1.02641778599756,0.979960033429576,1.06982136253574,1.02269644621167,0.977021493539131,1.06680784433156
3,14,0,"Sandwich",0.951951951951952,0.951951951951952,1.01813128863621,0.975971523992637,1.06065201278349,1.01813128863621,0.975971523992637,1.06065201278349,1.01813128863621,0.975971523992637,1.06065201278349
3,14,0,"Bootstrap",0.949,0.947,1.00911138562734,0.964345243169147,1.05380533153303,1.01156897361895,0.966405109451301,1.05629426850361,1.00911138562734,0.964345243169147,1.05380533153303
3,14,0,"Jackknife MVN",NA,NA,NA,NA,NA,NA,NA,NA,NA,NA,NA
3,14,0,"Jackknife Wald",NA,NA,NA,NA,NA,NA,NA,NA,NA,NA,NA
3,14,1,"Sandwich",0.944944944944945,0.944944944944945,1.02143564162531,0.963900352536692,1.07514054490162,1.02143564162531,0.963900352536692,1.07514054490162,1.02143564162531,0.963900352536692,1.07514054490162
3,14,1,"LEF both",0.944,0.947,1.03264923948833,0.979240747170771,1.08368913574954,1.03518023754829,0.983324944032191,1.0869133723882,1.03264923948833,0.979240747170771,1.08368913574954
3,14,1,"LEF outcome",0.944,0.948,1.03679039836862,0.982492448834244,1.08738213623915,1.03599592583156,0.983712683613386,1.08789867249032,1.03679039836862,0.982492448834244,1.08738213623915
3,14,1,"Bootstrap",0.936,0.938,1.00443433497599,0.951281015903775,1.05457756895178,1.00473474701038,0.950858248862911,1.05489038361781,1.00443433497599,0.951281015903775,1.05457756895178
3,14,1,"Jackknife MVN",NA,NA,NA,NA,NA,NA,NA,NA,NA,NA,NA
3,14,1,"Jackknife Wald",NA,NA,NA,NA,NA,NA,NA,NA,NA,NA,NA
3,14,2,"LEF both",0.956,0.956,1.05215158692153,0.964371075201198,1.12962367047855,1.05375270932522,0.9669516205178,1.13111070728549,1.05215158692153,0.964371075201198,1.12962367047855
3,14,2,"LEF outcome",0.956,0.954,1.06084834877132,0.970317274168837,1.14188899406668,1.05542853798154,0.968048660009238,1.13321156884236,1.06084834877132,0.970317274168837,1.14188899406668
3,14,2,"Sandwich",0.942942942942943,0.942942942942943,1.01779403947377,0.937603358056149,1.09285523573151,1.01779403947377,0.937603358056149,1.09285523573151,1.01779403947377,0.937603358056149,1.09285523573151
3,14,2,"Bootstrap",0.933,0.931,0.982395400787981,0.902258543090018,1.0586621023009,0.981479082454128,0.901811575425997,1.05787395922261,0.982395400787981,0.902258543090018,1.0586621023009
3,14,2,"Jackknife MVN",NA,NA,NA,NA,NA,NA,NA,NA,NA,NA,NA
3,14,2,"Jackknife Wald",NA,NA,NA,NA,NA,NA,NA,NA,NA,NA,NA
3,14,3,"LEF both",0.958,0.957,1.12480773608297,0.99235472793894,1.23873232004684,1.12619519142529,0.994482278042027,1.24009710182458,1.12480773608297,0.99235472793894,1.23873232004684
3,14,3,"LEF outcome",0.958,0.957,1.13671945646306,0.999982295788667,1.24843419429325,1.12844216588306,0.996059591974504,1.24263997344462,1.13671945646306,0.999982295788667,1.24843419429325
3,14,3,"Sandwich",0.932932932932933,0.932932932932933,1.03115204214987,0.912475385773726,1.13168098443941,1.03115204214987,0.912475385773726,1.13168098443941,1.03115204214987,0.912475385773726,1.13168098443941
3,14,3,"Bootstrap",0.914,0.912,0.953110443690291,0.843628587887407,1.05171793763779,0.951996150299254,0.841211370939399,1.05046705684842,0.953110443690291,0.843628587887407,1.05171793763779
3,14,3,"Jackknife MVN",NA,NA,NA,NA,NA,NA,NA,NA,NA,NA,NA
3,14,3,"Jackknife Wald",NA,NA,NA,NA,NA,NA,NA,NA,NA,NA,NA
3,14,4,"LEF both",0.905,0.901,0.965134782222428,0.749752021127705,1.14828989145922,0.966802620063462,0.751183115930747,1.14977081387493,0.965134782222428,0.749752021127705,1.14828989145922
3,14,4,"LEF outcome",0.905,0.902,0.973840693454853,0.756840533068015,1.16874684578259,0.96821282164438,0.751719542053904,1.15260957676188,0.973840693454853,0.756840533068015,1.16874684578259
3,14,4,"Bootstrap",0.869,0.868,0.889443824874542,0.714622159038305,1.03922132539873,0.889041013109477,0.714495735308958,1.04135245514184,0.889443824874542,0.714622159038305,1.03922132539873
3,14,4,"Sandwich",0.856856856856857,0.856856856856857,0.873200295347831,0.677249583011915,1.04487663837088,0.873200295347831,0.677249583011915,1.04487663837088,0.873200295347831,0.677249583011915,1.04487663837088
3,14,4,"Jackknife MVN",NA,NA,NA,NA,NA,NA,NA,NA,NA,NA,NA
3,14,4,"Jackknife Wald",NA,NA,NA,NA,NA,NA,NA,NA,NA,NA,NA
3,15,0,"Sandwich",0.94577685088634,0.94577685088634,0.98657950005466,0.926325780687631,1.04417220828802,0.98657950005466,0.926325780687631,1.04417220828802,0.98657950005466,0.926325780687631,1.04417220828802
3,15,0,"Bootstrap",0.934,0.935,0.972577061132661,0.911731906222838,1.03251518638349,0.973921271207761,0.912027514524798,1.03425000475404,0.972577061132661,0.911731906222838,1.03251518638349
3,15,0,"LEF both",0.928,0.924,0.999108539588926,0.940498251096238,1.05771314171103,1.00159483447132,0.942008918774325,1.06094506455294,0.999108539588926,0.940498251096238,1.05771314171103
3,15,0,"LEF outcome",0.928,0.924,0.999108539588926,0.940498251096238,1.05771314171102,1.00159483447132,0.942008918774325,1.06094506455293,0.999108539588926,0.940498251096238,1.05771314171102
3,15,0,"Jackknife MVN",NA,NA,NA,NA,NA,NA,NA,NA,NA,NA,NA
3,15,0,"Jackknife Wald",NA,NA,NA,NA,NA,NA,NA,NA,NA,NA,NA
3,15,1,"Sandwich",0.947862356621481,0.947862356621481,1.01076297054378,0.887298950288028,1.12018246956396,1.01076297054378,0.887298950288028,1.12018246956396,1.01076297054378,0.887298950288028,1.12018246956396
3,15,1,"Bootstrap",0.886,0.887,0.950884539086088,0.824104883705299,1.07160338156827,0.949231337386773,0.823293996732794,1.06962237776704,0.950884539086088,0.824104883705299,1.07160338156827
3,15,1,"LEF both",0.868,0.867,1.06815139137008,0.946811566354563,1.18183303123894,1.06972975733894,0.948401316030281,1.18359544881812,1.06815139137008,0.946811566354563,1.18183303123894
3,15,1,"LEF outcome",0.868,0.87,1.08480121586178,0.955987837702635,1.19912924852654,1.07333830029138,0.949941794496866,1.18857338146498,1.08480121586178,0.955987837702635,1.19912924852654
3,15,1,"Jackknife MVN",NA,NA,NA,NA,NA,NA,NA,NA,NA,NA,NA
3,15,1,"Jackknife Wald",NA,NA,NA,NA,NA,NA,NA,NA,NA,NA,NA
3,15,2,"Sandwich",0.86444212721585,0.86444212721585,0.875901081745463,0.591649662189707,1.09231831357901,0.875901081745463,0.591649662189707,1.09231831357901,0.875901081745463,0.591649662189707,1.09231831357901
3,15,2,"Bootstrap",0.776,0.78,0.823945714867205,0.527468959846893,1.04650043878486,0.821841067570563,0.527237138186351,1.04333048596426,0.823945714867205,0.527468959846893,1.04650043878486
3,15,2,"LEF outcome",0.761,0.763,0.957841522033454,0.625277860486995,1.19450147626586,0.943537538086162,0.616101913869584,1.18010756629754,0.957841522033454,0.625277860486995,1.19450147626586
3,15,2,"LEF both",0.76,0.76,0.938780290905901,0.614145325887353,1.17460527114388,0.939627081255298,0.614540369508134,1.17546915134305,0.938780290905901,0.614145325887353,1.17460527114388
3,15,2,"Jackknife MVN",NA,NA,NA,NA,NA,NA,NA,NA,NA,NA,NA
3,15,2,"Jackknife Wald",NA,NA,NA,NA,NA,NA,NA,NA,NA,NA,NA
3,15,3,"Sandwich",0.715328467153285,0.715328467153285,0.639267235605691,0.364390763155553,0.845366770503646,0.639267235605691,0.364390763155553,0.845366770503646,0.639267235605691,0.364390763155553,0.845366770503646
3,15,3,"Bootstrap",0.63,0.629,0.686507513145321,0.341167231741818,0.908584635734856,0.685144548919753,0.341505971483057,0.907901367695698,0.686507513145321,0.341167231741818,0.908584635734856
3,15,3,"LEF outcome",0.615,0.614,0.682903977716238,0.388162592623103,0.906876956584027,0.673800832334235,0.384243146231771,0.898247028662591,0.682903977716238,0.388162592623103,0.906876956584027
3,15,3,"LEF both",0.613,0.612,0.670561632572901,0.382152935925767,0.892446891371841,0.671180089296309,0.381873747007303,0.895164771874225,0.670561632572901,0.382152935925767,0.892446891371841
3,15,3,"Jackknife MVN",NA,NA,NA,NA,NA,NA,NA,NA,NA,NA,NA
3,15,3,"Jackknife Wald",NA,NA,NA,NA,NA,NA,NA,NA,NA,NA,NA
3,15,4,"Sandwich",0.666319082377477,0.666319082377477,0.516850845515772,0.304700918623979,0.664336653920324,0.516850845515772,0.304700918623979,0.664336653920324,0.516850845515772,0.304700918623979,0.664336653920324
3,15,4,"LEF both",0.552,0.55,0.543776997426253,0.323639950250833,0.706538248501002,0.544423187673939,0.32487729071104,0.706933100969511,0.543776997426253,0.323639950250833,0.706538248501002
3,15,4,"LEF outcome",0.552,0.553,0.552925895066023,0.332448325831784,0.717962090801456,0.546338676013567,0.325418746300357,0.710731142414973,0.552925895066023,0.332448325831784,0.717962090801456
3,15,4,"Bootstrap",0.546,0.545,0.649326636914757,0.342114815935282,0.827926289413132,0.648373210705508,0.339987671690171,0.826204642978299,0.649326636914757,0.342114815935282,0.827926289413132
3,15,4,"Jackknife MVN",NA,NA,NA,NA,NA,NA,NA,NA,NA,NA,NA
3,15,4,"Jackknife Wald",NA,NA,NA,NA,NA,NA,NA,NA,NA,NA,NA
3,16,0,"LEF both",0.946,0.945,0.974624921419999,0.934235262172513,1.01617381809334,0.979939335363311,0.941797158115601,1.021230737476,0.974624921419999,0.934235262172513,1.01617381809334
3,16,0,"LEF outcome",0.946,0.945,0.974624921419999,0.934235262172512,1.01617381809334,0.979939335363311,0.941797158115601,1.021230737476,0.974624921419999,0.934235262172512,1.01617381809334
3,16,0,"Bootstrap",0.941,0.938,0.966682381996745,0.926514440453201,1.00777329427414,0.971030191917734,0.931135294882205,1.01021795322002,0.966682381996745,0.926514440453201,1.00777329427414
3,16,0,"Sandwich",0.935935935935936,0.935935935935936,0.971878260195257,0.92766221568904,1.01170013321537,0.971878260195257,0.92766221568904,1.01170013321537,0.971878260195257,0.92766221568904,1.01170013321537
3,16,0,"Jackknife MVN",NA,NA,NA,NA,NA,NA,NA,NA,NA,NA,NA
3,16,0,"Jackknife Wald",NA,NA,NA,NA,NA,NA,NA,NA,NA,NA,NA
3,16,1,"LEF outcome",0.963,0.962,1.03110900745405,0.924100248702368,1.09545364835124,1.02685457494328,0.922410908060266,1.09184278308064,1.03110900745405,0.924100248702368,1.09545364835124
3,16,1,"LEF both",0.962,0.958,1.02275934714054,0.917966728459426,1.08927082617365,1.02541443679234,0.9222455936515,1.09113313018783,1.02275934714054,0.917966728459426,1.08927082617365
3,16,1,"Bootstrap",0.951,0.949,0.97246424407037,0.880542890777836,1.03709298940418,0.970104803622302,0.87992155312824,1.03212510610488,0.97246424407037,0.880542890777836,1.03709298940418
3,16,1,"Sandwich",0.932932932932933,0.932932932932933,1.00156808983604,0.907253995660285,1.07375884367603,1.00156808983604,0.907253995660285,1.07375884367603,1.00156808983604,0.907253995660285,1.07375884367603
3,16,1,"Jackknife MVN",NA,NA,NA,NA,NA,NA,NA,NA,NA,NA,NA
3,16,1,"Jackknife Wald",NA,NA,NA,NA,NA,NA,NA,NA,NA,NA,NA
3,16,2,"LEF both",0.939,0.935,1.15362532286369,0.86455828041643,1.33339193935558,1.15521372270957,0.864986098978792,1.33501180690972,1.15362532286369,0.86455828041643,1.33339193935558
3,16,2,"LEF outcome",0.939,0.938,1.18000485161401,0.872079692019065,1.37209285247369,1.16029066087111,0.863343017473031,1.34024550718317,1.18000485161401,0.872079692019065,1.37209285247369
3,16,2,"Bootstrap",0.933,0.929,0.948469585997416,0.729754890824207,1.08429405556823,0.943260008958806,0.725567847425868,1.07722665841573,0.948469585997416,0.729754890824207,1.08429405556823
3,16,2,"Sandwich",0.924924924924925,0.924924924924925,1.03514541820773,0.795512319601905,1.17321556306797,1.03514541820773,0.795512319601905,1.17321556306797,1.03514541820773,0.795512319601905,1.17321556306797
3,16,2,"Jackknife MVN",NA,NA,NA,NA,NA,NA,NA,NA,NA,NA,NA
3,16,2,"Jackknife Wald",NA,NA,NA,NA,NA,NA,NA,NA,NA,NA,NA
3,16,3,"LEF outcome",0.898,0.898,0.805911355940441,0.497586745482463,1.00998328681448,0.793834626359826,0.495103472892337,0.995999274280029,0.805911355940441,0.497586745482463,1.00998328681448
3,16,3,"LEF both",0.896,0.894,0.789663696818911,0.494188127091346,0.99108438499619,0.790444869818957,0.494971562027405,0.991131997265334,0.789663696818911,0.494188127091346,0.99108438499619
3,16,3,"Sandwich",0.876876876876877,0.876876876876877,0.720936920556539,0.445093254115988,0.886734392332652,0.720936920556539,0.445093254115988,0.886734392332652,0.720936920556539,0.445093254115988,0.886734392332652
3,16,3,"Bootstrap",0.874,0.87,0.81186041647483,0.41726295292144,0.975198862557351,0.809464296689561,0.413816506820843,0.963363043446853,0.81186041647483,0.41726295292144,0.975198862557351
3,16,3,"Jackknife MVN",NA,NA,NA,NA,NA,NA,NA,NA,NA,NA,NA
3,16,3,"Jackknife Wald",NA,NA,NA,NA,NA,NA,NA,NA,NA,NA,NA
3,16,4,"LEF outcome",0.867,0.872,0.478732537173862,0.3052385197425,0.589664775253415,0.472606636512554,0.301836721269585,0.580487914032336,0.478732537173862,0.3052385197425,0.589664775253415
3,16,4,"LEF both",0.864,0.864,0.470255998750488,0.300950598394178,0.578330581392422,0.470869172487873,0.30173237594346,0.577471222255747,0.470255998750488,0.300950598394178,0.578330581392422
3,16,4,"Sandwich",0.807807807807808,0.807807807807808,0.432758605685512,0.271698412070383,0.528372489953691,0.432758605685512,0.271698412070383,0.528372489953691,0.432758605685512,0.271698412070383,0.528372489953691
3,16,4,"Bootstrap",0.803,0.802,0.603903421570927,0.282363374393746,0.718174905858329,0.602837713578119,0.280581666154081,0.717320552092005,0.603903421570927,0.282363374393746,0.718174905858329
3,16,4,"Jackknife MVN",NA,NA,NA,NA,NA,NA,NA,NA,NA,NA,NA
3,16,4,"Jackknife Wald",NA,NA,NA,NA,NA,NA,NA,NA,NA,NA,NA
3,17,0,"LEF both",0.938,0.935,0.943256345455143,0.899118374373904,0.985088318094871,0.947242150421378,0.902852207160102,0.98980092964584,0.943256345455143,0.899118374373904,0.985088318094871
3,17,0,"LEF outcome",0.938,0.935,0.943256345455143,0.899118374373903,0.985088318094871,0.947242150421378,0.902852207160102,0.98980092964584,0.943256345455143,0.899118374373903,0.985088318094871
3,17,0,"Bootstrap",0.935,0.932,0.93552727344697,0.891336855081604,0.97683152522208,0.938604068860036,0.894087183549239,0.98087976321696,0.93552727344697,0.891336855081604,0.97683152522208
3,17,0,"Sandwich",0.927710843373494,0.927710843373494,0.940146784419352,0.89874189512559,0.981880097289012,0.940146784419352,0.89874189512559,0.981880097289012,0.940146784419352,0.89874189512559,0.981880097289012
3,17,0,"Jackknife MVN",NA,NA,NA,NA,NA,NA,NA,NA,NA,NA,NA
3,17,0,"Jackknife Wald",NA,NA,NA,NA,NA,NA,NA,NA,NA,NA,NA
3,17,1,"Sandwich",0.946787148594378,0.946787148594378,1.0004009684787,0.912103109149267,1.06684819589581,1.0004009684787,0.912103109149267,1.06684819589581,1.0004009684787,0.912103109149267,1.06684819589581
3,17,1,"LEF both",0.939,0.938,1.00950209944825,0.92477641282414,1.0656869228589,1.01193156833483,0.926733075392613,1.06939709057099,1.00950209944825,0.92477641282414,1.0656869228589
3,17,1,"LEF outcome",0.939,0.94,1.0204796133477,0.932406164698443,1.07954639191891,1.01427061143171,0.928087024421886,1.07130439512755,1.0204796133477,0.932406164698443,1.07954639191891
3,17,1,"Bootstrap",0.932,0.934,0.978475259535615,0.899284305723047,1.03868735829135,0.977281216500991,0.898922275832865,1.03687240737473,0.978475259535615,0.899284305723047,1.03868735829135
3,17,1,"Jackknife MVN",NA,NA,NA,NA,NA,NA,NA,NA,NA,NA,NA
3,17,1,"Jackknife Wald",NA,NA,NA,NA,NA,NA,NA,NA,NA,NA,NA
3,17,2,"LEF both",0.941,0.941,1.00413199679643,0.881533503681525,1.09782144690992,1.00568083313565,0.884432325968891,1.09941828359647,1.00413199679643,0.881533503681525,1.09782144690992
3,17,2,"LEF outcome",0.94,0.94,1.0196342062801,0.891892493287004,1.11421870202106,1.00930505505949,0.886189201461005,1.10281850403636,1.0196342062801,0.891892493287004,1.11421870202106
3,17,2,"Sandwich",0.928714859437751,0.928714859437751,0.970140037095065,0.852232448320746,1.05523950223626,0.970140037095065,0.852232448320746,1.05523950223626,0.970140037095065,0.852232448320746,1.05523950223626
3,17,2,"Bootstrap",0.909,0.913,0.932655072581573,0.814575305881792,1.01630035387513,0.930681840786235,0.811984201128791,1.01254516238349,0.932655072581573,0.814575305881792,1.01630035387513
3,17,2,"Jackknife MVN",NA,NA,NA,NA,NA,NA,NA,NA,NA,NA,NA
3,17,2,"Jackknife Wald",NA,NA,NA,NA,NA,NA,NA,NA,NA,NA,NA
3,17,3,"LEF outcome",0.936,0.934,1.03006473803188,0.859265655172513,1.16189911022977,1.02107190832267,0.856082671551577,1.14767458863799,1.03006473803188,0.859265655172513,1.16189911022977
3,17,3,"LEF both",0.935,0.933,1.01622964686126,0.853961055885482,1.14201766803199,1.01757076057331,0.854338591436632,1.14406129915576,1.01622964686126,0.853961055885482,1.14201766803199
3,17,3,"Sandwich",0.906626506024096,0.906626506024096,0.939495213718817,0.784153221492294,1.0510620273269,0.939495213718817,0.784153221492294,1.0510620273269,0.939495213718817,0.784153221492294,1.0510620273269
3,17,3,"Bootstrap",0.876,0.877,0.891252908578837,0.743737688179218,0.997734672670645,0.889746201363561,0.74244697277084,0.996595159219473,0.891252908578837,0.743737688179218,0.997734672670645
3,17,3,"Jackknife MVN",NA,NA,NA,NA,NA,NA,NA,NA,NA,NA,NA
3,17,3,"Jackknife Wald",NA,NA,NA,NA,NA,NA,NA,NA,NA,NA,NA
3,17,4,"LEF outcome",0.851,0.851,0.832769625014341,0.635847782026221,0.998038823686447,0.82910838000046,0.634389408117881,0.992207203532539,0.832769625014341,0.635847782026221,0.998038823686447
3,17,4,"LEF both",0.849,0.85,0.825720294337093,0.631020215343347,0.988521231950609,0.827302554864766,0.632016506421049,0.989360109724628,0.825720294337093,0.631020215343347,0.988521231950609
3,17,4,"Sandwich",0.822289156626506,0.822289156626506,0.76309211274161,0.57489832413918,0.909080841413601,0.76309211274161,0.57489832413918,0.909080841413601,0.76309211274161,0.57489832413918,0.909080841413601
3,17,4,"Bootstrap",0.808,0.812,0.841607694006082,0.637014405121407,1.00233624216922,0.84116494158304,0.635863217115902,1.00361090338935,0.841607694006082,0.637014405121407,1.00233624216922
3,17,4,"Jackknife MVN",NA,NA,NA,NA,NA,NA,NA,NA,NA,NA,NA
3,17,4,"Jackknife Wald",NA,NA,NA,NA,NA,NA,NA,NA,NA,NA,NA
3,18,0,"Sandwich",0.951893551688843,0.951893551688843,1.01055423226057,0.950655416835726,1.06674899586515,1.01055423226057,0.950655416835726,1.06674899586515,1.01055423226057,0.950655416835726,1.06674899586515
3,18,0,"Bootstrap",0.927,0.929,1.00489190529397,0.941629018163673,1.06294780423646,1.00706742019163,0.942914013911092,1.06584116086562,1.00489190529397,0.941629018163673,1.06294780423646
3,18,0,"LEF both",0.917,0.913,1.02359159190636,0.963590816659162,1.08110565123116,1.02624049061236,0.965103220429864,1.08496321509756,1.02359159190636,0.963590816659162,1.08110565123116
3,18,0,"LEF outcome",0.917,0.913,1.02359159190636,0.963590816659161,1.08110565123116,1.02624049061236,0.965103220429864,1.08496321509755,1.02359159190636,0.963590816659161,1.08110565123116
3,18,0,"Jackknife MVN",NA,NA,NA,NA,NA,NA,NA,NA,NA,NA,NA
3,18,0,"Jackknife Wald",NA,NA,NA,NA,NA,NA,NA,NA,NA,NA,NA
3,18,1,"Sandwich",0.934493346980553,0.934493346980553,0.949740544574719,0.774484706718452,1.08056508300755,0.949740544574719,0.774484706718452,1.08056508300755,0.949740544574719,0.774484706718452,1.08056508300755
3,18,1,"Bootstrap",0.858,0.856,0.892409257701358,0.728882932964371,1.03246048863406,0.890419973694177,0.727353662860739,1.02967417450339,0.892409257701358,0.728882932964371,1.03246048863406
3,18,1,"LEF outcome",0.832,0.832,1.02976747782687,0.830246515258722,1.15738709263999,1.01377158726409,0.826744425246025,1.13909804942759,1.02976747782687,0.830246515258722,1.15738709263999
3,18,1,"LEF both",0.831,0.831,1.00587227154716,0.821327814037597,1.129794386413,1.00743655379041,0.823475386400507,1.13397576672803,1.00587227154716,0.821327814037597,1.129794386413
3,18,1,"Jackknife MVN",NA,NA,NA,NA,NA,NA,NA,NA,NA,NA,NA
3,18,1,"Jackknife Wald",NA,NA,NA,NA,NA,NA,NA,NA,NA,NA,NA
3,18,2,"Sandwich",0.845445240532242,0.845445240532242,0.798187685336701,0.569091364940011,0.969293764730705,0.798187685336701,0.569091364940011,0.969293764730705,0.798187685336701,0.569091364940011,0.969293764730705
3,18,2,"Bootstrap",0.734,0.733,0.770433057143505,0.50549138285479,0.953301688682876,0.768749368897834,0.50305023816685,0.954456928385044,0.770433057143505,0.50549138285479,0.953301688682876
3,18,2,"LEF both",0.711,0.713,0.856089559411102,0.625460705545498,1.04708667758473,0.857018840439407,0.625494379273345,1.0493017957835,0.856089559411102,0.625460705545498,1.04708667758473
3,18,2,"LEF outcome",0.711,0.718,0.875629990557072,0.635700331525751,1.07529444113848,0.8620423758205,0.625268049086456,1.05583226805595,0.875629990557072,0.635700331525751,1.07529444113848
3,18,2,"Jackknife MVN",NA,NA,NA,NA,NA,NA,NA,NA,NA,NA,NA
3,18,2,"Jackknife Wald",NA,NA,NA,NA,NA,NA,NA,NA,NA,NA,NA
3,18,3,"Sandwich",0.71136131013306,0.71136131013306,0.612552079165892,0.383998670467118,0.803461472966881,0.612552079165892,0.383998670467118,0.803461472966881,0.612552079165892,0.383998670467118,0.803461472966881
3,18,3,"Bootstrap",0.603,0.603,0.669330807266131,0.345074330102255,0.891117036699302,0.668202812538677,0.342159536497935,0.891129216798071,0.669330807266131,0.345074330102255,0.891117036699302
3,18,3,"LEF both",0.586,0.585,0.646928920292583,0.426346433888009,0.830104937304146,0.647676733027,0.427484067727583,0.832303001207071,0.646928920292583,0.426346433888009,0.830104937304146
3,18,3,"LEF outcome",0.586,0.59,0.659075540151272,0.439441585083298,0.840217190029107,0.650843574889208,0.429742253169902,0.837188532055881,0.659075540151272,0.439441585083298,0.840217190029107
3,18,3,"Jackknife MVN",NA,NA,NA,NA,NA,NA,NA,NA,NA,NA,NA
3,18,3,"Jackknife Wald",NA,NA,NA,NA,NA,NA,NA,NA,NA,NA,NA
3,18,4,"Sandwich",0.634595701125896,0.634595701125896,0.499855224276042,0.319463887016264,0.645695217905939,0.499855224276042,0.319463887016264,0.645695217905939,0.499855224276042,0.319463887016264,0.645695217905939
3,18,4,"LEF both",0.521,0.52,0.531998640879013,0.359386951933121,0.672146678891655,0.532772129560449,0.360520029744181,0.672241310008933,0.531998640879013,0.359386951933121,0.672146678891655
3,18,4,"LEF outcome",0.52,0.521,0.540958818199184,0.370204392086009,0.681784067310434,0.535061523290918,0.361492410786239,0.676336123847865,0.540958818199184,0.370204392086009,0.681784067310434
3,18,4,"Bootstrap",0.503,0.505,0.660702979274729,0.366868727517519,0.84419397408619,0.659993145876344,0.366600213385126,0.840607930158635,0.660702979274729,0.366868727517519,0.84419397408619
3,18,4,"Jackknife MVN",NA,NA,NA,NA,NA,NA,NA,NA,NA,NA,NA
3,18,4,"Jackknife Wald",NA,NA,NA,NA,NA,NA,NA,NA,NA,NA,NA
3,19,0,"LEF both",0.942,0.938,0.959089599097047,0.932098386552827,0.986042496659843,0.961796435874584,0.935322465459228,0.987391209244445,0.959089599097047,0.932098386552827,0.986042496659843
3,19,0,"LEF outcome",0.942,0.938,0.959089599097047,0.932098386552826,0.986042496659843,0.961796435874584,0.935322465459227,0.987391209244444,0.959089599097047,0.932098386552826,0.986042496659843
3,19,0,"Bootstrap",0.939,0.937,0.955637795219257,0.928979656099045,0.981882855545726,0.958100363109423,0.932180981533103,0.983309429258813,0.955637795219257,0.928979656099045,0.981882855545726
3,19,0,"Sandwich",0.934,0.934,0.957418033070253,0.928792588884511,0.985714900934177,0.957418033070253,0.928792588884511,0.985714900934177,0.957418033070253,0.928792588884511,0.985714900934177
3,19,0,"Jackknife MVN",NA,NA,NA,NA,NA,NA,NA,NA,NA,NA,NA
3,19,0,"Jackknife Wald",NA,NA,NA,NA,NA,NA,NA,NA,NA,NA,NA
3,19,1,"LEF both",0.939,0.94,0.999388578170095,0.965260837052668,1.03164356327712,1.0012330734933,0.966986836012791,1.03362883855867,0.999388578170095,0.965260837052668,1.03164356327712
3,19,1,"Sandwich",0.939,0.939,0.993359051023644,0.957522908413408,1.02611524563113,0.993359051023644,0.957522908413408,1.02611524563113,0.993359051023644,0.957522908413408,1.02611524563113
3,19,1,"LEF outcome",0.938,0.939,1.00002171600567,0.965735673791736,1.03225804681068,1.00148823471252,0.967161493900406,1.03385485243324,1.00002171600567,0.965735673791736,1.03225804681068
3,19,1,"Bootstrap",0.936,0.934,0.986678072637055,0.953103096565477,1.01921672024539,0.988059350642064,0.954864212451647,1.01958557463472,0.986678072637055,0.953103096565477,1.01921672024539
3,19,1,"Jackknife MVN",NA,NA,NA,NA,NA,NA,NA,NA,NA,NA,NA
3,19,1,"Jackknife Wald",NA,NA,NA,NA,NA,NA,NA,NA,NA,NA,NA
3,19,2,"Sandwich",0.952,0.952,1.04643618997698,0.974188692095072,1.11234016741639,1.04643618997698,0.974188692095072,1.11234016741639,1.04643618997698,0.974188692095072,1.11234016741639
3,19,2,"LEF both",0.944,0.944,1.08048876351047,1.00618602395681,1.14713802079733,1.08134800404674,1.00582592056876,1.14786207800851,1.08048876351047,1.00618602395681,1.14713802079733
3,19,2,"LEF outcome",0.944,0.944,1.08411852433832,1.00854452355621,1.15246848198629,1.08219321163242,1.00669994713361,1.14878786169711,1.08411852433832,1.00854452355621,1.15246848198629
3,19,2,"Bootstrap",0.943,0.945,1.0138219167675,0.94215653922484,1.07956890354956,1.01327815729035,0.941472292103853,1.07890411952756,1.0138219167675,0.94215653922484,1.07956890354956
3,19,2,"Jackknife MVN",NA,NA,NA,NA,NA,NA,NA,NA,NA,NA,NA
3,19,2,"Jackknife Wald",NA,NA,NA,NA,NA,NA,NA,NA,NA,NA,NA
3,19,3,"Sandwich",0.916,0.916,1.11457615517332,0.878964999373143,1.29601395823792,1.11457615517332,0.878964999373143,1.29601395823792,1.11457615517332,0.878964999373143,1.29601395823792
3,19,3,"Bootstrap",0.91,0.914,0.967078400880468,0.746276797350048,1.12828274272723,0.964912740202396,0.745798156831211,1.12176752675655,0.967078400880468,0.746276797350048,1.12828274272723
3,19,3,"LEF both",0.887,0.886,1.31037674702647,1.02977632208187,1.54941440895148,1.31073938382039,1.02981376649096,1.55036852248089,1.31037674702647,1.02977632208187,1.54941440895148
3,19,3,"LEF outcome",0.887,0.886,1.32748814807746,1.04917027069432,1.56149072200688,1.31302236862513,1.03134722495773,1.55378066474255,1.32748814807746,1.04917027069432,1.56149072200688
3,19,3,"Jackknife MVN",NA,NA,NA,NA,NA,NA,NA,NA,NA,NA,NA
3,19,3,"Jackknife Wald",NA,NA,NA,NA,NA,NA,NA,NA,NA,NA,NA
3,19,4,"Sandwich",0.845,0.845,0.738214095068157,0.428602303935396,0.900507182983779,0.738214095068157,0.428602303935396,0.900507182983779,0.738214095068157,0.428602303935396,0.900507182983779
3,19,4,"Bootstrap",0.794,0.791,0.763385263654309,0.369267594311475,0.904369560878405,0.762124340551608,0.368835528706737,0.901965368571077,0.763385263654309,0.369267594311475,0.904369560878405
3,19,4,"LEF both",0.767,0.764,0.842727891713754,0.501410952645852,1.09359868011529,0.84290069846541,0.500765748406785,1.09359023722829,0.842727891713754,0.501410952645852,1.09359868011529
3,19,4,"LEF outcome",0.767,0.764,0.855051026536371,0.507852208927398,1.11453125427018,0.844134935157345,0.501909435814856,1.09477065919461,0.855051026536371,0.507852208927398,1.11453125427018
3,19,4,"Jackknife MVN",NA,NA,NA,NA,NA,NA,NA,NA,NA,NA,NA
3,19,4,"Jackknife Wald",NA,NA,NA,NA,NA,NA,NA,NA,NA,NA,NA
3,20,0,"Bootstrap",0.939,0.935,0.973302814130797,0.947922348373377,0.998156147436459,0.97525188464452,0.949786702004367,1.0001404552824,0.973302814130797,0.947922348373377,0.998156147436459
3,20,0,"LEF both",0.936,0.932,0.976371523058183,0.950714898090808,1.00154380627497,0.978570988628183,0.953134098170748,1.00478737271092,0.976371523058183,0.950714898090808,1.00154380627497
3,20,0,"LEF outcome",0.936,0.932,0.976371523058183,0.950714898090808,1.00154380627497,0.978570988628183,0.953134098170747,1.00478737271092,0.976371523058183,0.950714898090808,1.00154380627497
3,20,0,"Sandwich",0.935,0.935,0.976804698824024,0.950655803683608,1.00260527057492,0.976804698824024,0.950655803683608,1.00260527057492,0.976804698824024,0.950655803683608,1.00260527057492
3,20,0,"Jackknife MVN",NA,NA,NA,NA,NA,NA,NA,NA,NA,NA,NA
3,20,0,"Jackknife Wald",NA,NA,NA,NA,NA,NA,NA,NA,NA,NA,NA
3,20,1,"Bootstrap",0.935,0.931,0.9548038048874,0.926022005048136,0.984047188814716,0.956114664254893,0.927524449205957,0.986029527349099,0.9548038048874,0.926022005048136,0.984047188814716
3,20,1,"LEF both",0.934,0.933,0.959631372471522,0.930517241086716,0.989712824363728,0.961234173487868,0.932558747075525,0.991945366695119,0.959631372471522,0.930517241086716,0.989712824363728
3,20,1,"LEF outcome",0.934,0.933,0.959946816402504,0.931061007020585,0.990368092123268,0.961290208676688,0.932606948686314,0.99203134112463,0.959946816402504,0.931061007020585,0.990368092123268
3,20,1,"Sandwich",0.934,0.934,0.956974295916422,0.928874436082686,0.984207648444482,0.956974295916422,0.928874436082686,0.984207648444482,0.956974295916422,0.928874436082686,0.984207648444482
3,20,1,"Jackknife MVN",NA,NA,NA,NA,NA,NA,NA,NA,NA,NA,NA
3,20,1,"Jackknife Wald",NA,NA,NA,NA,NA,NA,NA,NA,NA,NA,NA
3,20,2,"LEF both",0.939,0.939,0.977450810974349,0.944378157986421,1.0104227300289,0.978483983343002,0.945012927007168,1.01212653979667,0.977450810974349,0.944378157986421,1.0104227300289
3,20,2,"LEF outcome",0.939,0.939,0.978270842649442,0.944963715764067,1.01129556333618,0.9786127016709,0.945119407914529,1.01221296532766,0.978270842649442,0.944963715764067,1.01129556333618
3,20,2,"Sandwich",0.939,0.939,0.971824654000923,0.939251215591983,1.00213249321983,0.971824654000923,0.939251215591983,1.00213249321983,0.971824654000923,0.939251215591983,1.00213249321983
3,20,2,"Bootstrap",0.936,0.936,0.967620067938955,0.932946555520459,1.00052741469257,0.968294379869948,0.934335113909729,1.00183375693708,0.967620067938955,0.932946555520459,1.00052741469257
3,20,2,"Jackknife MVN",NA,NA,NA,NA,NA,NA,NA,NA,NA,NA,NA
3,20,2,"Jackknife Wald",NA,NA,NA,NA,NA,NA,NA,NA,NA,NA,NA
3,20,3,"LEF both",0.94,0.941,0.992682981872264,0.95433103284155,1.02992734742083,0.993278897366031,0.954503222493755,1.03168993412689,0.992682981872264,0.95433103284155,1.02992734742083
3,20,3,"LEF outcome",0.939,0.94,0.994287270753916,0.955436910544497,1.03072656073219,0.99350046077821,0.954785391870794,1.03191552688092,0.994287270753916,0.955436910544497,1.03072656073219
3,20,3,"Sandwich",0.939,0.939,0.979227659150732,0.938821440712683,1.0181293745977,0.979227659150732,0.938821440712683,1.0181293745977,0.979227659150732,0.938821440712683,1.0181293745977
3,20,3,"Bootstrap",0.936,0.936,0.96628554418005,0.926999302752994,1.0052849332493,0.966410326102419,0.926949324758298,1.00502151874253,0.96628554418005,0.926999302752994,1.0052849332493
3,20,3,"Jackknife MVN",NA,NA,NA,NA,NA,NA,NA,NA,NA,NA,NA
3,20,3,"Jackknife Wald",NA,NA,NA,NA,NA,NA,NA,NA,NA,NA,NA
3,20,4,"LEF both",0.965,0.966,1.08491839864841,1.0101045787678,1.14487864737121,1.0852912773192,1.01072593960346,1.14535986287264,1.08491839864841,1.0101045787678,1.14487864737121
3,20,4,"LEF outcome",0.965,0.965,1.08801930708623,1.01177332080598,1.14759273025647,1.0856941807464,1.0110561214499,1.14591951065324,1.08801930708623,1.01177332080598,1.14759273025647
3,20,4,"Sandwich",0.951,0.951,1.02427001372831,0.956303568253027,1.08395159694933,1.02427001372831,0.956303568253027,1.08395159694933,1.02427001372831,0.956303568253027,1.08395159694933
3,20,4,"Bootstrap",0.927,0.926,0.965942192281749,0.896577763462286,1.03188641504291,0.96565691962433,0.895007263270618,1.03135418241532,0.965942192281749,0.896577763462286,1.03188641504291
3,20,4,"Jackknife MVN",NA,NA,NA,NA,NA,NA,NA,NA,NA,NA,NA
3,20,4,"Jackknife Wald",NA,NA,NA,NA,NA,NA,NA,NA,NA,NA,NA
3,21,0,"Bootstrap",0.931,0.93,0.95389969508283,0.923055723260517,0.984987153769078,0.954854797092577,0.923983227139434,0.985839822605162,0.95389969508283,0.923055723260517,0.984987153769078
3,21,0,"LEF both",0.931,0.93,0.959335505265968,0.927412986835227,0.989661660997591,0.960532766031129,0.928574775537589,0.991914947714103,0.959335505265968,0.927412986835227,0.989661660997591
3,21,0,"LEF outcome",0.931,0.93,0.959335505265968,0.927412986835227,0.989661660997592,0.960532766031129,0.928574775537589,0.991914947714103,0.959335505265968,0.927412986835227,0.989661660997592
3,21,0,"Sandwich",0.93,0.93,0.956516223084931,0.924059385591175,0.986924656249552,0.956516223084931,0.924059385591175,0.986924656249552,0.956516223084931,0.924059385591175,0.986924656249552
3,21,0,"Jackknife MVN",NA,NA,NA,NA,NA,NA,NA,NA,NA,NA,NA
3,21,0,"Jackknife Wald",NA,NA,NA,NA,NA,NA,NA,NA,NA,NA,NA
3,21,1,"Sandwich",0.945,0.945,0.974811993966021,0.92384347390144,1.02386417147987,0.974811993966021,0.92384347390144,1.02386417147987,0.974811993966021,0.92384347390144,1.02386417147987
3,21,1,"Bootstrap",0.93,0.928,0.964372882984605,0.915553591800911,1.01252558453547,0.96429408360298,0.915739313809747,1.01260420120382,0.964372882984605,0.915553591800911,1.01252558453547
3,21,1,"LEF both",0.92,0.92,0.981524290872464,0.932454237300446,1.02742396743826,0.982177053057576,0.93354727553288,1.02860784745449,0.981524290872464,0.932454237300446,1.02742396743826
3,21,1,"LEF outcome",0.92,0.92,0.983080815493715,0.933890097205365,1.02915945040701,0.982465877714741,0.933828343842752,1.02901911829847,0.983080815493715,0.933890097205365,1.02915945040701
3,21,1,"Jackknife MVN",NA,NA,NA,NA,NA,NA,NA,NA,NA,NA,NA
3,21,1,"Jackknife Wald",NA,NA,NA,NA,NA,NA,NA,NA,NA,NA,NA
3,21,2,"Sandwich",0.934,0.934,0.980707569042822,0.900250615600976,1.06508983613887,0.980707569042822,0.900250615600976,1.06508983613887,0.980707569042822,0.900250615600976,1.06508983613887
3,21,2,"Bootstrap",0.912,0.91,0.935959615081319,0.849695620480355,1.028321448477,0.934896886938216,0.84870976493257,1.02694556742716,0.935959615081319,0.849695620480355,1.028321448477
3,21,2,"LEF both",0.891,0.889,1.03070870068199,0.953462942136384,1.10586597607912,1.03097743495255,0.953945409501549,1.10586988897699,1.03070870068199,0.953462942136384,1.10586597607912
3,21,2,"LEF outcome",0.891,0.891,1.03604796854072,0.9572682659677,1.10998835362913,1.03176387409063,0.954791685009974,1.10698719616912,1.03604796854072,0.9572682659677,1.10998835362913
3,21,2,"Jackknife MVN",NA,NA,NA,NA,NA,NA,NA,NA,NA,NA,NA
3,21,2,"Jackknife Wald",NA,NA,NA,NA,NA,NA,NA,NA,NA,NA,NA
3,21,3,"Sandwich",0.85,0.85,0.935919726639933,0.604476493282661,1.15877578392564,0.935919726639933,0.604476493282661,1.15877578392564,0.935919726639933,0.604476493282661,1.15877578392564
3,21,3,"Bootstrap",0.808,0.808,0.866380673928316,0.571799920641502,1.08853721176172,0.865120547527223,0.56993842190961,1.08748987371641,0.866380673928316,0.571799920641502,1.08853721176172
3,21,3,"LEF both",0.792,0.792,1.04140987405427,0.638266016821176,1.28709854477371,1.04151129354701,0.638672692174967,1.28796084704193,1.04140987405427,0.638266016821176,1.28709854477371
3,21,3,"LEF outcome",0.792,0.793,1.05003943499671,0.641001010762968,1.29922879167961,1.04276147313984,0.639219975792945,1.28949356123014,1.05003943499671,0.641001010762968,1.29922879167961
3,21,3,"Jackknife MVN",NA,NA,NA,NA,NA,NA,NA,NA,NA,NA,NA
3,21,3,"Jackknife Wald",NA,NA,NA,NA,NA,NA,NA,NA,NA,NA,NA
3,21,4,"Sandwich",0.726,0.726,0.658246957954795,0.349468330908793,0.779283699444157,0.658246957954795,0.349468330908793,0.779283699444157,0.658246957954795,0.349468330908793,0.779283699444157
3,21,4,"Bootstrap",0.658,0.658,0.678913685967294,0.333912956014905,0.752236374307377,0.678087275083825,0.333315985112463,0.750085462428658,0.678913685967294,0.333912956014905,0.752236374307377
3,21,4,"LEF both",0.623,0.622,0.715789090320235,0.369712371551474,0.875472119725146,0.715847368269007,0.369770381893123,0.875469319943464,0.715789090320235,0.369712371551474,0.875472119725146
3,21,4,"LEF outcome",0.623,0.624,0.721286536098945,0.371982667978543,0.886755920609088,0.716701019293863,0.37005389550348,0.877127461890709,0.721286536098945,0.371982667978543,0.886755920609088
3,21,4,"Jackknife MVN",NA,NA,NA,NA,NA,NA,NA,NA,NA,NA,NA
3,21,4,"Jackknife Wald",NA,NA,NA,NA,NA,NA,NA,NA,NA,NA,NA
3,22,0,"LEF both",0.946,0.942942942942943,1.01123755372801,0.985492408845193,1.03794950413091,1.01715208304566,0.991682055075902,1.04278842273493,1.01123755372801,0.985492408845193,1.03794950413091
3,22,0,"LEF outcome",0.946,0.942942942942943,1.01123755372801,0.985492408845194,1.03794950413091,1.01715208304566,0.991682055075903,1.04278842273493,1.01123755372801,0.985492408845194,1.03794950413091
3,22,0,"Bootstrap",0.945,0.93993993993994,1.00840328489712,0.98226171890285,1.03361389923575,1.01411753974694,0.988273683377786,1.03912362404796,1.00840328489712,0.98226171890285,1.03361389923575
3,22,0,"Sandwich",0.939,0.935935935935936,1.00972061477716,0.984312741787224,1.03458742850158,1.01208226990112,0.987403376423676,1.03626177830874,1.00972061477716,0.984312741787224,1.03458742850158
3,22,0,"Jackknife MVN",NA,NA,NA,NA,NA,NA,NA,NA,NA,NA,NA
3,22,0,"Jackknife Wald",NA,NA,NA,NA,NA,NA,NA,NA,NA,NA,NA
3,22,1,"LEF both",0.952,0.93993993993994,1.00170802614602,0.959941674967177,1.04005471406458,1.02620744022881,0.986065415295449,1.06323932963965,1.00170802614602,0.959941674967177,1.04005471406458
3,22,1,"LEF outcome",0.952,0.93993993993994,1.00320845907592,0.960560263908965,1.04208223746605,1.02643552637702,0.986210277403953,1.06351483462489,1.00320845907592,0.960560263908965,1.04208223746605
3,22,1,"Sandwich",0.95,0.943943943943944,0.995606201298459,0.95347810854266,1.03350004370827,1.01786213043701,0.976296188967103,1.05561877154169,0.995606201298459,0.95347810854266,1.03350004370827
3,22,1,"Bootstrap",0.947,0.941941941941942,0.989222803526954,0.946887553146664,1.02751997364567,1.01210810866944,0.970438750499564,1.04933282097735,0.989222803526954,0.946887553146664,1.02751997364567
3,22,1,"Jackknife MVN",NA,NA,NA,NA,NA,NA,NA,NA,NA,NA,NA
3,22,1,"Jackknife Wald",NA,NA,NA,NA,NA,NA,NA,NA,NA,NA,NA
3,22,2,"Sandwich",0.94,0.941941941941942,1.02584698413445,0.903105145807874,1.11064279022483,1.03678499608156,0.915366100767294,1.11833661920473,1.02584698413445,0.903105145807874,1.11064279022483
3,22,2,"Bootstrap",0.937,0.935935935935936,0.986152705695288,0.868583318817975,1.06596638226197,0.994552659151688,0.881031544467845,1.07245148745888,0.986152705695288,0.868583318817975,1.06596638226197
3,22,2,"LEF both",0.93,0.92992992992993,1.07228800810011,0.930412939137971,1.15703467661887,1.08330417551049,0.94563860094865,1.16905248720694,1.07228800810011,0.930412939137971,1.15703467661887
3,22,2,"LEF outcome",0.93,0.927927927927928,1.07878553847112,0.931657537551488,1.16461194064865,1.08452582747597,0.946254102473794,1.17002587820751,1.07878553847112,0.931657537551488,1.16461194064865
3,22,2,"Jackknife MVN",NA,NA,NA,NA,NA,NA,NA,NA,NA,NA,NA
3,22,2,"Jackknife Wald",NA,NA,NA,NA,NA,NA,NA,NA,NA,NA,NA
3,22,3,"Sandwich",0.903,0.893893893893894,1.01940005635149,0.723553077316837,1.19219859871722,1.05166855055999,0.746293732773345,1.23923957620199,1.01940005635149,0.723553077316837,1.19219859871722
3,22,3,"Bootstrap",0.883,0.87987987987988,0.893057631304123,0.622881103743061,1.03233328628247,0.917470731917969,0.641676386266246,1.06217889108534,0.893057631304123,0.622881103743061,1.03233328628247
3,22,3,"LEF both",0.866,0.856856856856857,1.20114807484036,0.844499828028445,1.43267012865397,1.24403864640556,0.875449682223648,1.48633376893092,1.20114807484036,0.844499828028445,1.43267012865397
3,22,3,"LEF outcome",0.866,0.85985985985986,1.21757039404547,0.852849591917645,1.44850601343063,1.24631161383531,0.875535828411705,1.48793769436742,1.21757039404547,0.852849591917645,1.44850601343063
3,22,3,"Jackknife MVN",NA,NA,NA,NA,NA,NA,NA,NA,NA,NA,NA
3,22,3,"Jackknife Wald",NA,NA,NA,NA,NA,NA,NA,NA,NA,NA,NA
3,22,4,"Sandwich",0.821,0.815815815815816,0.699395546371221,0.386470406452125,0.858884949327917,0.695572239495279,0.376656291848655,0.867143493710647,0.699395546371221,0.386470406452125,0.858884949327917
3,22,4,"Bootstrap",0.747,0.737737737737738,0.75369011392338,0.346652858874618,0.85770824732352,0.758428497630424,0.337531757834672,0.863981933272705,0.75369011392338,0.346652858874618,0.85770824732352
3,22,4,"LEF outcome",0.72,0.710710710710711,0.8080411431371,0.459215321288156,1.02347437894327,0.794474847934386,0.443048885793133,1.02104319087382,0.8080411431371,0.459215321288156,1.02347437894327
3,22,4,"LEF both",0.719,0.708708708708709,0.796571821299253,0.451718738510883,1.01069334274569,0.793179748261675,0.442935176538545,1.01977344045219,0.796571821299253,0.451718738510883,1.01069334274569
3,22,4,"Jackknife MVN",NA,NA,NA,NA,NA,NA,NA,NA,NA,NA,NA
3,22,4,"Jackknife Wald",NA,NA,NA,NA,NA,NA,NA,NA,NA,NA,NA
3,23,0,"Sandwich",0.953,0.948948948948949,1.00174605868548,0.975126546163214,1.02887182358762,1.00412513651017,0.977987715417127,1.0312696889779,1.00174605868548,0.975126546163214,1.02887182358762
3,23,0,"LEF both",0.951,0.953953953953954,1.00203369399112,0.975120618362985,1.02861972005943,1.00974049154656,0.982033279977275,1.03586209096111,1.00203369399112,0.975120618362985,1.02861972005943
3,23,0,"LEF outcome",0.951,0.953953953953954,1.00203369399112,0.975120618362984,1.02861972005943,1.00974049154656,0.982033279977275,1.03586209096111,1.00203369399112,0.975120618362984,1.02861972005943
3,23,0,"Bootstrap",0.95,0.94994994994995,0.999478258902731,0.972551593771965,1.02543072449711,1.00695560530203,0.979966620437406,1.03292218583606,0.999478258902731,0.972551593771965,1.02543072449711
3,23,0,"Jackknife MVN",NA,NA,NA,NA,NA,NA,NA,NA,NA,NA,NA
3,23,0,"Jackknife Wald",NA,NA,NA,NA,NA,NA,NA,NA,NA,NA,NA
3,23,1,"LEF both",0.942,0.946946946946947,0.999957284816556,0.969772831063115,1.03000058354057,0.991357195151812,0.959273011649452,1.02221976421571,0.999957284816556,0.969772831063115,1.03000058354057
3,23,1,"LEF outcome",0.942,0.945945945945946,1.00095357012574,0.970157602660612,1.03106153631639,0.991505770959232,0.95943686170703,1.02231733596087,1.00095357012574,0.970157602660612,1.03106153631639
3,23,1,"Sandwich",0.942,0.948948948948949,0.998460677467835,0.967714250390551,1.02967661703637,0.986771398467721,0.957392735113101,1.01541183031382,0.998460677467835,0.967714250390551,1.02967661703637
3,23,1,"Bootstrap",0.935,0.946946946946947,0.994959537489127,0.964016061513941,1.02582725821218,0.985752358752236,0.955495691547894,1.0155261204369,0.994959537489127,0.964016061513941,1.02582725821218
3,23,1,"Jackknife MVN",NA,NA,NA,NA,NA,NA,NA,NA,NA,NA,NA
3,23,1,"Jackknife Wald",NA,NA,NA,NA,NA,NA,NA,NA,NA,NA,NA
3,23,2,"LEF both",0.933,0.943943943943944,1.00704230729762,0.963658795987396,1.04530370823299,0.974815529437784,0.932880692825487,1.01490708749842,1.00704230729762,0.963658795987396,1.04530370823299
3,23,2,"LEF outcome",0.933,0.942942942942943,1.00888316500544,0.964911564774408,1.04730689689011,0.975107720434845,0.933123141726501,1.0151161396265,1.00888316500544,0.964911564774408,1.04730689689011
3,23,2,"Sandwich",0.928,0.942942942942943,1.00272841312717,0.960735287527723,1.04269755427541,0.968908790344484,0.927449112750381,1.00864236205371,1.00272841312717,0.960735287527723,1.04269755427541
3,23,2,"Bootstrap",0.927,0.940940940940941,0.993994816433232,0.950634385311546,1.03223337419539,0.96157712527968,0.921728269065328,1.00174234631779,0.993994816433232,0.950634385311546,1.03223337419539
3,23,2,"Jackknife MVN",NA,NA,NA,NA,NA,NA,NA,NA,NA,NA,NA
3,23,2,"Jackknife Wald",NA,NA,NA,NA,NA,NA,NA,NA,NA,NA,NA
3,23,3,"LEF both",0.939,0.945945945945946,1.00968716687708,0.944428346159098,1.05850080260869,0.999716040519178,0.932698431828241,1.05680312873599,1.00968716687708,0.944428346159098,1.05850080260869
3,23,3,"LEF outcome",0.939,0.945945945945946,1.01266295139482,0.945782836342974,1.06196900029795,1.00019849461764,0.932921526350012,1.05741856464562,1.01266295139482,0.945782836342974,1.06196900029795
3,23,3,"Sandwich",0.934,0.937937937937938,0.992877856881859,0.933187160161889,1.04137851813678,0.980133152417011,0.920105156595765,1.03086588643862,0.992877856881859,0.933187160161889,1.04137851813678
3,23,3,"Bootstrap",0.928,0.937937937937938,0.970179360784017,0.909995039391437,1.01902193266174,0.960499143937722,0.896791961594736,1.01499562597367,0.970179360784017,0.909995039391437,1.01902193266174
3,23,3,"Jackknife MVN",NA,NA,NA,NA,NA,NA,NA,NA,NA,NA,NA
3,23,3,"Jackknife Wald",NA,NA,NA,NA,NA,NA,NA,NA,NA,NA,NA
3,23,4,"LEF both",0.965,0.963963963963964,1.1134082120562,0.977378663246156,1.20708251519787,1.11502268248581,0.989517968391721,1.20303810733366,1.1134082120562,0.977378663246156,1.20708251519787
3,23,4,"LEF outcome",0.965,0.965965965965966,1.11796274396885,0.97913486632455,1.21288626376665,1.11576557452458,0.990035361216151,1.20357522624395,1.11796274396885,0.97913486632455,1.21288626376665
3,23,4,"Sandwich",0.948,0.937937937937938,1.03541142991659,0.918839182650439,1.12049734036283,1.03573844629952,0.924743274754632,1.12893546562914,1.03541142991659,0.918839182650439,1.12049734036283
3,23,4,"Bootstrap",0.92,0.921921921921922,0.96163567325751,0.861436020233916,1.05195144822897,0.962486172119453,0.864035822661892,1.05208488588698,0.96163567325751,0.861436020233916,1.05195144822897
3,23,4,"Jackknife MVN",NA,NA,NA,NA,NA,NA,NA,NA,NA,NA,NA
3,23,4,"Jackknife Wald",NA,NA,NA,NA,NA,NA,NA,NA,NA,NA,NA
3,24,0,"Sandwich",0.951,0.951,1.00415236277561,0.968513703576239,1.03808279705833,1.00415236277561,0.968513703576239,1.03808279705833,1.00415236277561,0.968513703576239,1.03808279705833
3,24,0,"LEF both",0.946,0.945,1.00670274096208,0.972739070486135,1.038530483525,1.00799751345477,0.974331885216228,1.04052573806953,1.00670274096208,0.972739070486135,1.038530483525
3,24,0,"LEF outcome",0.946,0.945,1.00670274096208,0.972739070486136,1.03853048352499,1.00799751345477,0.974331885216228,1.04052573806953,1.00670274096208,0.972739070486136,1.03853048352499
3,24,0,"Bootstrap",0.945,0.943,1.00176633736337,0.969261039602407,1.03429861095309,1.00284292545914,0.970641281868592,1.0359740867977,1.00176633736337,0.969261039602407,1.03429861095309
3,24,0,"Jackknife MVN",NA,NA,NA,NA,NA,NA,NA,NA,NA,NA,NA
3,24,0,"Jackknife Wald",NA,NA,NA,NA,NA,NA,NA,NA,NA,NA,NA
3,24,1,"Sandwich",0.935,0.935,0.989800292433999,0.930160465098096,1.04386732894187,0.989800292433999,0.930160465098096,1.04386732894187,0.989800292433999,0.930160465098096,1.04386732894187
3,24,1,"Bootstrap",0.926,0.929,0.978865568892117,0.920578345840642,1.03293267058756,0.978279364239383,0.920000444342657,1.03386562771089,0.978865568892117,0.920578345840642,1.03293267058756
3,24,1,"LEF both",0.925,0.924,0.999909468437478,0.944193305925927,1.05467379152868,1.00058003831622,0.945419195935543,1.05654562471856,0.999909468437478,0.944193305925927,1.05467379152868
3,24,1,"LEF outcome",0.925,0.925,1.00302254821335,0.946684680901014,1.05846682157406,1.00117398109437,0.946030473467255,1.0570646132039,1.00302254821335,0.946684680901014,1.05846682157406
3,24,1,"Jackknife MVN",NA,NA,NA,NA,NA,NA,NA,NA,NA,NA,NA
3,24,1,"Jackknife Wald",NA,NA,NA,NA,NA,NA,NA,NA,NA,NA,NA
3,24,2,"Sandwich",0.933,0.933,1.00146402089541,0.86536286771695,1.11003086809368,1.00146402089541,0.86536286771695,1.11003086809368,1.00146402089541,0.86536286771695,1.11003086809368
3,24,2,"Bootstrap",0.903,0.902,0.955914444558895,0.822524416846661,1.06796208726564,0.954609221014104,0.821509385409986,1.06643863796992,0.955914444558895,0.822524416846661,1.06796208726564
3,24,2,"LEF both",0.878,0.88,1.06058815378578,0.922856144221915,1.15999564328077,1.06090612478374,0.922568462162625,1.15980755921089,1.06058815378578,0.922856144221915,1.15999564328077
3,24,2,"LEF outcome",0.878,0.878,1.06838314380753,0.927658482688449,1.1681666062166,1.06216317810633,0.923211972152698,1.16135857883174,1.06838314380753,0.927658482688449,1.1681666062166
3,24,2,"Jackknife MVN",NA,NA,NA,NA,NA,NA,NA,NA,NA,NA,NA
3,24,2,"Jackknife Wald",NA,NA,NA,NA,NA,NA,NA,NA,NA,NA,NA
3,24,3,"Sandwich",0.853,0.853,0.900381528570751,0.631011493680528,1.11906103414198,0.900381528570751,0.631011493680528,1.11906103414198,0.900381528570751,0.631011493680528,1.11906103414198
3,24,3,"Bootstrap",0.803,0.801,0.845534359710344,0.565462684455806,1.05122748983694,0.844414782176932,0.564254554109517,1.04910377823587,0.845534359710344,0.565462684455806,1.05122748983694
3,24,3,"LEF both",0.776,0.776,0.997997402804247,0.691831679628153,1.25356742666329,0.998114790417104,0.692620544763895,1.25449390043349,0.997997402804247,0.691831679628153,1.25356742666329
3,24,3,"LEF outcome",0.776,0.777,1.00629686957766,0.701881675122932,1.25803064365088,0.999509515880524,0.693126311780984,1.25671277277332,1.00629686957766,0.701881675122932,1.25803064365088
3,24,3,"Jackknife MVN",NA,NA,NA,NA,NA,NA,NA,NA,NA,NA,NA
3,24,3,"Jackknife Wald",NA,NA,NA,NA,NA,NA,NA,NA,NA,NA,NA
3,24,4,"Sandwich",0.745,0.745,0.643657982621964,0.377250569090128,0.826937915923899,0.643657982621964,0.377250569090128,0.826937915923899,0.643657982621964,0.377250569090128,0.826937915923899
3,24,4,"Bootstrap",0.637,0.639,0.673106757305892,0.342530120338922,0.825261241022549,0.672449614539685,0.34193903834224,0.82004734331747,0.673106757305892,0.342530120338922,0.825261241022549
3,24,4,"LEF both",0.606,0.607,0.698710499072182,0.422103472295519,0.900630744839404,0.698793692843431,0.42221251762702,0.901126180237983,0.698710499072182,0.422103472295519,0.900630744839404
3,24,4,"LEF outcome",0.606,0.608,0.703736893475171,0.426771219012912,0.910185579878042,0.699684840929275,0.422900818570767,0.902180941766351,0.703736893475171,0.426771219012912,0.910185579878042
3,24,4,"Jackknife MVN",NA,NA,NA,NA,NA,NA,NA,NA,NA,NA,NA
3,24,4,"Jackknife Wald",NA,NA,NA,NA,NA,NA,NA,NA,NA,NA,NA
3,25,0,"Bootstrap",0.94,0.94,0.980595451325059,0.954699024741866,1.00627025040521,0.984430796387889,0.957573965129302,1.00946857067933,0.980595451325059,0.954699024741866,1.00627025040521
3,25,0,"Sandwich",0.94,0.94,0.982965757314564,0.956524189611841,1.00919171066088,0.982965757314564,0.956524189611841,1.00919171066088,0.982965757314564,0.956524189611841,1.00919171066088
3,25,0,"LEF both",0.937,0.937,0.98215436553273,0.9565417622144,1.00765610838262,0.9861855694056,0.95928982398652,1.011845125826,0.98215436553273,0.9565417622144,1.00765610838262
3,25,0,"LEF outcome",0.937,0.937,0.98215436553273,0.956541762214399,1.00765610838262,0.9861855694056,0.959289823986518,1.011845125826,0.98215436553273,0.956541762214399,1.00765610838262
3,25,0,"Jackknife MVN",NA,NA,NA,NA,NA,NA,NA,NA,NA,NA,NA
3,25,0,"Jackknife Wald",NA,NA,NA,NA,NA,NA,NA,NA,NA,NA,NA
3,25,1,"Bootstrap",0.949,0.947,0.993176445518788,0.948271823318805,1.02930732146281,0.992237900346546,0.94827341697487,1.02715740695618,0.993176445518788,0.948271823318805,1.02930732146281
3,25,1,"LEF both",0.949,0.947,1.0018669495275,0.95426273164481,1.04099497901593,1.00400611004531,0.956821663221443,1.0440614645374,1.0018669495275,0.95426273164481,1.04099497901593
3,25,1,"LEF outcome",0.949,0.949,1.0050841886509,0.957655018996897,1.04396279501592,1.00414350806471,0.956707009188614,1.04433860310214,1.0050841886509,0.957655018996897,1.04396279501592
3,25,1,"Sandwich",0.942,0.942,1.00275491065332,0.958298377564975,1.04046963985216,1.00275491065332,0.958298377564975,1.04046963985216,1.00275491065332,0.958298377564975,1.04046963985216
3,25,1,"Jackknife MVN",NA,NA,NA,NA,NA,NA,NA,NA,NA,NA,NA
3,25,1,"Jackknife Wald",NA,NA,NA,NA,NA,NA,NA,NA,NA,NA,NA
3,25,2,"Sandwich",0.926,0.926,0.946717670949208,0.788662588259702,1.01289266848397,0.946717670949208,0.788662588259702,1.01289266848397,0.946717670949208,0.788662588259702,1.01289266848397
3,25,2,"LEF both",0.923,0.921,0.9894604743258,0.800924050755562,1.05550808404264,0.990282488419949,0.803205066501601,1.05617349341115,0.9894604743258,0.800924050755562,1.05550808404264
3,25,2,"LEF outcome",0.923,0.924,0.997257893141983,0.806332346507069,1.06206947506941,0.991749007654928,0.803243483486433,1.05798780743476,0.997257893141983,0.806332346507069,1.06206947506941
3,25,2,"Bootstrap",0.92,0.919,0.908711294969445,0.76575702104874,0.97951042600733,0.906091056783781,0.76341453493151,0.976516513149067,0.908711294969445,0.76575702104874,0.97951042600733
3,25,2,"Jackknife MVN",NA,NA,NA,NA,NA,NA,NA,NA,NA,NA,NA
3,25,2,"Jackknife Wald",NA,NA,NA,NA,NA,NA,NA,NA,NA,NA,NA
3,25,3,"Sandwich",0.906,0.906,0.926658126386043,0.611901995171894,1.06384271677233,0.926658126386043,0.611901995171894,1.06384271677233,0.926658126386043,0.611901995171894,1.06384271677233
3,25,3,"Bootstrap",0.897,0.896,0.838252358001149,0.552505926264077,0.949477752684687,0.835828852986883,0.550073506479135,0.949457296442803,0.838252358001149,0.552505926264077,0.949477752684687
3,25,3,"LEF both",0.889,0.885,1.04951861851697,0.690686975161063,1.25296935773366,1.04983270165339,0.691965146545947,1.25240156617975,1.04951861851697,0.690686975161063,1.25296935773366
3,25,3,"LEF outcome",0.889,0.891,1.06347165024613,0.697326145470663,1.26286090303627,1.05223701414639,0.691055632480252,1.25495140653388,1.06347165024613,0.697326145470663,1.26286090303627
3,25,3,"Jackknife MVN",NA,NA,NA,NA,NA,NA,NA,NA,NA,NA,NA
3,25,3,"Jackknife Wald",NA,NA,NA,NA,NA,NA,NA,NA,NA,NA,NA
3,25,4,"Sandwich",0.839,0.839,0.674616257185272,0.367001334955549,0.841762157809525,0.674616257185272,0.367001334955549,0.841762157809525,0.674616257185272,0.367001334955549,0.841762157809525
3,25,4,"Bootstrap",0.786,0.789,0.830980032178571,0.342732983178111,1.02297001197683,0.829928793018464,0.341491205824205,1.01389424423544,0.830980032178571,0.342732983178111,1.02297001197683
3,25,4,"LEF outcome",0.786,0.79,0.749579065214452,0.417186693458706,0.96905184318982,0.742985156018305,0.414265094046618,0.947249919923175,0.749579065214452,0.417186693458706,0.96905184318982
3,25,4,"LEF both",0.785,0.785,0.741560527907894,0.413527798841855,0.948475204082142,0.74172563206417,0.413659116376365,0.948121228622527,0.741560527907894,0.413527798841855,0.948475204082142
3,25,4,"Jackknife MVN",NA,NA,NA,NA,NA,NA,NA,NA,NA,NA,NA
3,25,4,"Jackknife Wald",NA,NA,NA,NA,NA,NA,NA,NA,NA,NA,NA
3,26,0,"LEF both",0.953,0.95,1.03221165926323,1.00297838790005,1.06037955477222,1.03503590229638,1.00519343709567,1.06316646861019,1.03221165926323,1.00297838790005,1.06037955477222
3,26,0,"LEF outcome",0.953,0.95,1.03221165926323,1.00297838790005,1.06037955477222,1.03503590229638,1.00519343709567,1.06316646861019,1.03221165926323,1.00297838790005,1.06037955477222
3,26,0,"Bootstrap",0.952,0.952,1.03054471818019,1.00239241588332,1.05883426220505,1.03317924784311,1.00378114343799,1.06121073158849,1.03054471818019,1.00239241588332,1.05883426220505
3,26,0,"Sandwich",0.948,0.948,1.03199655674381,1.00256938235774,1.0601933089956,1.03199655674381,1.00256938235774,1.0601933089956,1.03199655674381,1.00256938235774,1.0601933089956
3,26,0,"Jackknife MVN",NA,NA,NA,NA,NA,NA,NA,NA,NA,NA,NA
3,26,0,"Jackknife Wald",NA,NA,NA,NA,NA,NA,NA,NA,NA,NA,NA
3,26,1,"Bootstrap",0.956,0.953,0.999927643997108,0.956885016483425,1.03719639924381,0.999170171956445,0.95586970043799,1.03572778967181,0.999927643997108,0.956885016483425,1.03719639924381
3,26,1,"LEF both",0.955,0.954,1.00598929817823,0.961255619505482,1.04362994402922,1.00725499993365,0.963344770677932,1.04620150420372,1.00598929817823,0.961255619505482,1.04362994402922
3,26,1,"LEF outcome",0.955,0.956,1.00925570906484,0.964397631430091,1.04813381772258,1.00770987106823,0.963801204979905,1.04661105915423,1.00925570906484,0.964397631430091,1.04813381772258
3,26,1,"Sandwich",0.95,0.95,1.00427996386918,0.959359036779901,1.03838844317601,1.00427996386918,0.959359036779901,1.03838844317601,1.00427996386918,0.959359036779901,1.03838844317601
3,26,1,"Jackknife MVN",NA,NA,NA,NA,NA,NA,NA,NA,NA,NA,NA
3,26,1,"Jackknife Wald",NA,NA,NA,NA,NA,NA,NA,NA,NA,NA,NA
3,26,2,"LEF both",0.936,0.934,0.955499392453416,0.873852671275251,1.01206031409949,0.956163093779234,0.874735488952744,1.01318448977909,0.955499392453416,0.873852671275251,1.01206031409949
3,26,2,"LEF outcome",0.936,0.933,0.960124416217895,0.876297547471344,1.01810416948527,0.956912770839816,0.875308774237955,1.01405460560313,0.960124416217895,0.876297547471344,1.01810416948527
3,26,2,"Sandwich",0.93,0.93,0.94613991675889,0.868233042696875,1.00545734776922,0.94613991675889,0.868233042696875,1.00545734776922,0.94613991675889,0.868233042696875,1.00545734776922
3,26,2,"Bootstrap",0.929,0.93,0.934421082844492,0.860183327909867,0.989735071641228,0.932982623694016,0.859266408788028,0.98848749947872,0.934421082844492,0.860183327909867,0.989735071641228
3,26,2,"Jackknife MVN",NA,NA,NA,NA,NA,NA,NA,NA,NA,NA,NA
3,26,2,"Jackknife Wald",NA,NA,NA,NA,NA,NA,NA,NA,NA,NA,NA
3,26,3,"LEF both",0.936,0.935,0.980948083528332,0.842654432500412,1.05969151361915,0.981270430472417,0.842116658499987,1.05988492888663,0.980948083528332,0.842654432500412,1.05969151361915
3,26,3,"LEF outcome",0.935,0.934,0.98719402649491,0.845546384451656,1.06845523861224,0.982341073956796,0.842844025683909,1.06170085292185,0.98719402649491,0.845546384451656,1.06845523861224
3,26,3,"Sandwich",0.928,0.928,0.950139010864396,0.833126265952668,1.03173502914278,0.950139010864396,0.833126265952668,1.03173502914278,0.950139010864396,0.833126265952668,1.03173502914278
3,26,3,"Bootstrap",0.911,0.911,0.920351125050377,0.806886990408014,0.996624433429693,0.918945821190533,0.805218374741405,0.995862953742052,0.920351125050377,0.806886990408014,0.996624433429693
3,26,3,"Jackknife MVN",NA,NA,NA,NA,NA,NA,NA,NA,NA,NA,NA
3,26,3,"Jackknife Wald",NA,NA,NA,NA,NA,NA,NA,NA,NA,NA,NA
3,26,4,"LEF outcome",0.954,0.955,1.04126903708481,0.848003408856086,1.17137261700312,1.03703337140474,0.847212469739638,1.16665259679093,1.04126903708481,0.848003408856086,1.17137261700312
3,26,4,"LEF both",0.952,0.953,1.03564512184284,0.845422387598459,1.1639736395905,1.03588573388851,0.846585035467493,1.16494188624008,1.03564512184284,0.845422387598459,1.1639736395905
3,26,4,"Sandwich",0.921,0.921,0.963304560638587,0.788349481324439,1.08744352660749,0.963304560638587,0.788349481324439,1.08744352660749,0.963304560638587,0.788349481324439,1.08744352660749
3,26,4,"Bootstrap",0.901,0.904,0.89939224678743,0.738234794540136,1.00231611266496,0.89808968884239,0.737185860986511,1.00236558188187,0.89939224678743,0.738234794540136,1.00231611266496
3,26,4,"Jackknife MVN",NA,NA,NA,NA,NA,NA,NA,NA,NA,NA,NA
3,26,4,"Jackknife Wald",NA,NA,NA,NA,NA,NA,NA,NA,NA,NA,NA
3,27,0,"Sandwich",0.945,0.954864593781344,1.04359093610565,1.00830693632698,1.0768108063978,0.982491657703789,0.946473177932638,1.01623503477763,1.04359093610565,1.00830693632698,1.0768108063978
3,27,0,"Bootstrap",0.941,0.952905811623247,1.04701357647647,1.00962102121668,1.07854809752957,0.983505468072031,0.950733012805107,1.01562687668073,1.04701357647647,1.00962102121668,1.07854809752957
3,27,0,"LEF both",0.936,0.948897795591182,1.04775531667895,1.01172403233295,1.08440565615768,0.987008048373249,0.954031227567048,1.01875826231572,1.04775531667895,1.01172403233295,1.08440565615768
3,27,0,"LEF outcome",0.936,0.948897795591182,1.04775531667892,1.01172403233295,1.08440565615768,0.987008048373249,0.954031227567047,1.01875826231572,1.04775531667892,1.01172403233295,1.08440565615768
3,27,0,"Jackknife MVN",NA,NA,NA,NA,NA,NA,NA,NA,NA,NA,NA
3,27,0,"Jackknife Wald",NA,NA,NA,NA,NA,NA,NA,NA,NA,NA,NA
3,27,1,"Sandwich",0.935,0.939819458375125,1.02728897603294,0.91050494934632,1.10803506654232,0.992164538272752,0.886313186602719,1.06789530681541,1.02728897603294,0.91050494934632,1.10803506654232
3,27,1,"Bootstrap",0.919,0.928857715430862,1.0096195708401,0.898297700127128,1.08871899306473,0.97441987400275,0.873347346134789,1.05269126522975,1.0096195708401,0.898297700127128,1.08871899306473
3,27,1,"LEF both",0.902,0.920841683366733,1.04593861657326,0.92523687014993,1.12748965013901,1.01010608208882,0.900001416056885,1.08787932232946,1.04593861657326,0.92523687014993,1.12748965013901
3,27,1,"LEF outcome",0.902,0.922845691382766,1.05248161390377,0.927052219974379,1.13474401736393,1.01145907529014,0.900950797733107,1.08921649422699,1.05248161390377,0.927052219974379,1.13474401736393
3,27,1,"Jackknife MVN",NA,NA,NA,NA,NA,NA,NA,NA,NA,NA,NA
3,27,1,"Jackknife Wald",NA,NA,NA,NA,NA,NA,NA,NA,NA,NA,NA
3,27,2,"Sandwich",0.921,0.928786359077232,0.979914362834691,0.787365816747619,1.09894498926872,0.942146447019625,0.748143097195539,1.06883357707448,0.979914362834691,0.787365816747619,1.09894498926872
3,27,2,"Bootstrap",0.859,0.890781563126252,0.941915276856333,0.753183734556526,1.06233345120903,0.898216844124771,0.71638174481968,1.02884742832156,0.941915276856333,0.753183734556526,1.06233345120903
3,27,2,"LEF both",0.84,0.862725450901804,1.04799951964825,0.831510302966601,1.17354162829898,1.0013782861275,0.790299632418764,1.13936884107726,1.04799951964825,0.831510302966601,1.17354162829898
3,27,2,"LEF outcome",0.84,0.86372745490982,1.05782543065834,0.83434001592424,1.18575768671046,1.003330335179,0.791434035151189,1.14175946222457,1.05782543065834,0.83434001592424,1.18575768671046
3,27,2,"Jackknife MVN",NA,NA,NA,NA,NA,NA,NA,NA,NA,NA,NA
3,27,2,"Jackknife Wald",NA,NA,NA,NA,NA,NA,NA,NA,NA,NA,NA
3,27,3,"Sandwich",0.858,0.857572718154463,0.806291899058653,0.568570608686987,0.987576506754146,0.816356423910849,0.571496091089893,0.976808800739475,0.806291899058653,0.568570608686987,0.987576506754146
3,27,3,"Bootstrap",0.756,0.75751503006012,0.77589558306811,0.519156686438033,0.946954101185022,0.784374550303411,0.51945178684148,0.936447662218429,0.77589558306811,0.519156686438033,0.946954101185022
3,27,3,"LEF both",0.728,0.717434869739479,0.887887417397033,0.640790476631696,1.07762657455421,0.897620037963364,0.648087603582291,1.09448605670992,0.887887417397033,0.640790476631696,1.07762657455421
3,27,3,"LEF outcome",0.728,0.719438877755511,0.896023388314873,0.645698332958286,1.0873161088665,0.8992683256027,0.648822579943408,1.09668486740442,0.896023388314873,0.645698332958286,1.0873161088665
3,27,3,"Jackknife MVN",NA,NA,NA,NA,NA,NA,NA,NA,NA,NA,NA
3,27,3,"Jackknife Wald",NA,NA,NA,NA,NA,NA,NA,NA,NA,NA,NA
3,27,4,"Sandwich",0.751,0.729187562688064,0.632841732894856,0.411313479399794,0.81237821454194,0.649974017045619,0.405095396612308,0.842535629999032,0.632841732894856,0.411313479399794,0.81237821454194
3,27,4,"Bootstrap",0.618,0.614228456913828,0.664576082235814,0.372678739065052,0.831056772568991,0.682917894865098,0.370562037456423,0.863421034334803,0.664576082235814,0.372678739065052,0.831056772568991
3,27,4,"LEF both",0.581,0.579158316633267,0.686906389516034,0.466755267917941,0.877336215701951,0.703914186205817,0.45989149975132,0.909655010755047,0.686906389516034,0.466755267917941,0.877336215701951
3,27,4,"LEF outcome",0.581,0.577154308617234,0.69237629062058,0.472506807385609,0.884332972142036,0.705009050947565,0.460259007067058,0.911291385354669,0.69237629062058,0.472506807385609,0.884332972142036
3,27,4,"Jackknife MVN",NA,NA,NA,NA,NA,NA,NA,NA,NA,NA,NA
3,27,4,"Jackknife Wald",NA,NA,NA,NA,NA,NA,NA,NA,NA,NA,NA
